#! /usr/bin/vvp
:ivl_version "11.0 (stable)";
:ivl_delay_selection "TYPICAL";
:vpi_time_precision + 0;
:vpi_module "/usr/lib/x86_64-linux-gnu/ivl/system.vpi";
:vpi_module "/usr/lib/x86_64-linux-gnu/ivl/vhdl_sys.vpi";
:vpi_module "/usr/lib/x86_64-linux-gnu/ivl/vhdl_textio.vpi";
:vpi_module "/usr/lib/x86_64-linux-gnu/ivl/v2005_math.vpi";
:vpi_module "/usr/lib/x86_64-linux-gnu/ivl/va_math.vpi";
:vpi_module "/usr/lib/x86_64-linux-gnu/ivl/v2009.vpi";
S_0x5617e2b25410 .scope package, "$unit" "$unit" 2 1;
 .timescale 0 0;
S_0x5617e2aefdf0 .scope module, "fft_8" "fft_8" 3 1;
 .timescale 0 0;
    .port_info 0 /INPUT 200 "i";
    .port_info 1 /OUTPUT 450 "o";
    .port_info 2 /INPUT 1 "clock";
    .port_info 3 /INPUT 1 "start";
    .port_info 4 /INPUT 1 "reset";
    .port_info 5 /OUTPUT 1 "s_ready";
L_0x7effee16c148 .functor BUFT 1, C4<000001010011100011010001000001010011100011010001>, C4<0>, C4<0>, C4<0>;
v0x5617e2c01ae0_0 .net/2u *"_ivl_33", 47 0, L_0x7effee16c148;  1 drivers
L_0x7effee16c190 .functor BUFT 1, C4<0000011111110000>, C4<0>, C4<0>, C4<0>;
v0x5617e2c01bc0_0 .net/2u *"_ivl_68", 15 0, L_0x7effee16c190;  1 drivers
v0x5617e2c01ca0 .array "add_a", 17 0, 24 0;
v0x5617e2c020b0 .array "add_b", 17 0, 24 0;
v0x5617e2c024f0 .array "add_r", 17 0;
v0x5617e2c024f0_0 .net v0x5617e2c024f0 0, 24 0, L_0x5617e2c20ba0; 1 drivers
v0x5617e2c024f0_1 .net v0x5617e2c024f0 1, 24 0, L_0x5617e2c21b90; 1 drivers
v0x5617e2c024f0_2 .net v0x5617e2c024f0 2, 24 0, L_0x5617e2c23230; 1 drivers
v0x5617e2c024f0_3 .net v0x5617e2c024f0 3, 24 0, L_0x5617e2c24270; 1 drivers
v0x5617e2c024f0_4 .net v0x5617e2c024f0 4, 24 0, L_0x5617e2c25910; 1 drivers
v0x5617e2c024f0_5 .net v0x5617e2c024f0 5, 24 0, L_0x5617e2c26950; 1 drivers
v0x5617e2c024f0_6 .net v0x5617e2c024f0 6, 24 0, L_0x5617e2c27ff0; 1 drivers
v0x5617e2c024f0_7 .net v0x5617e2c024f0 7, 24 0, L_0x5617e2c29030; 1 drivers
v0x5617e2c024f0_8 .net v0x5617e2c024f0 8, 24 0, L_0x5617e2c2a670; 1 drivers
v0x5617e2c024f0_9 .net v0x5617e2c024f0 9, 24 0, L_0x5617e2c2b650; 1 drivers
v0x5617e2c024f0_10 .net v0x5617e2c024f0 10, 24 0, L_0x5617e2c2cc90; 1 drivers
v0x5617e2c024f0_11 .net v0x5617e2c024f0 11, 24 0, L_0x5617e2c2dc70; 1 drivers
v0x5617e2c024f0_12 .net v0x5617e2c024f0 12, 24 0, L_0x5617e2c2f2b0; 1 drivers
v0x5617e2c024f0_13 .net v0x5617e2c024f0 13, 24 0, L_0x5617e2c30290; 1 drivers
v0x5617e2c024f0_14 .net v0x5617e2c024f0 14, 24 0, L_0x5617e2c318d0; 1 drivers
v0x5617e2c024f0_15 .net v0x5617e2c024f0 15, 24 0, L_0x5617e2c328b0; 1 drivers
o0x7effee1bb958 .functor BUFZ 25, C4<zzzzzzzzzzzzzzzzzzzzzzzzz>; HiZ drive
v0x5617e2c024f0_16 .net v0x5617e2c024f0 16, 24 0, o0x7effee1bb958; 0 drivers
o0x7effee1bb988 .functor BUFZ 25, C4<zzzzzzzzzzzzzzzzzzzzzzzzz>; HiZ drive
v0x5617e2c024f0_17 .net v0x5617e2c024f0 17, 24 0, o0x7effee1bb988; 0 drivers
v0x5617e2c02950 .array "calc_vals_arr", 31 0;
v0x5617e2c02950_0 .net v0x5617e2c02950 0, 24 0, L_0x5617e2bb08a0; 1 drivers
o0x7effee1bb9e8 .functor BUFZ 25, C4<zzzzzzzzzzzzzzzzzzzzzzzzz>; HiZ drive
v0x5617e2c02950_1 .net v0x5617e2c02950 1, 24 0, o0x7effee1bb9e8; 0 drivers
o0x7effee1bba18 .functor BUFZ 25, C4<zzzzzzzzzzzzzzzzzzzzzzzzz>; HiZ drive
v0x5617e2c02950_2 .net v0x5617e2c02950 2, 24 0, o0x7effee1bba18; 0 drivers
o0x7effee1bba48 .functor BUFZ 25, C4<zzzzzzzzzzzzzzzzzzzzzzzzz>; HiZ drive
v0x5617e2c02950_3 .net v0x5617e2c02950 3, 24 0, o0x7effee1bba48; 0 drivers
v0x5617e2c02950_4 .net v0x5617e2c02950 4, 24 0, L_0x5617e2b9ea60; 1 drivers
v0x5617e2c02950_5 .net v0x5617e2c02950 5, 24 0, L_0x5617e2c14630; 1 drivers
v0x5617e2c02950_6 .net v0x5617e2c02950 6, 24 0, L_0x5617e2c154d0; 1 drivers
v0x5617e2c02950_7 .net v0x5617e2c02950 7, 24 0, L_0x5617e2c161a0; 1 drivers
v0x5617e2c02950_8 .net v0x5617e2c02950 8, 24 0, L_0x5617e2b57160; 1 drivers
o0x7effee1bbad8 .functor BUFZ 25, C4<zzzzzzzzzzzzzzzzzzzzzzzzz>; HiZ drive
v0x5617e2c02950_9 .net v0x5617e2c02950 9, 24 0, o0x7effee1bbad8; 0 drivers
v0x5617e2c02950_10 .net v0x5617e2c02950 10, 24 0, L_0x5617e2c16f80; 1 drivers
o0x7effee1bbb08 .functor BUFZ 25, C4<zzzzzzzzzzzzzzzzzzzzzzzzz>; HiZ drive
v0x5617e2c02950_11 .net v0x5617e2c02950 11, 24 0, o0x7effee1bbb08; 0 drivers
v0x5617e2c02950_12 .net v0x5617e2c02950 12, 24 0, L_0x5617e2c171c0; 1 drivers
v0x5617e2c02950_13 .net v0x5617e2c02950 13, 24 0, L_0x5617e2c17ca0; 1 drivers
v0x5617e2c02950_14 .net v0x5617e2c02950 14, 24 0, L_0x5617e2c18ab0; 1 drivers
v0x5617e2c02950_15 .net v0x5617e2c02950 15, 24 0, L_0x5617e2c199c0; 1 drivers
v0x5617e2c02950_16 .net v0x5617e2c02950 16, 24 0, L_0x5617e2c19c00; 1 drivers
o0x7effee1bbb98 .functor BUFZ 25, C4<zzzzzzzzzzzzzzzzzzzzzzzzz>; HiZ drive
v0x5617e2c02950_17 .net v0x5617e2c02950 17, 24 0, o0x7effee1bbb98; 0 drivers
o0x7effee1bbbc8 .functor BUFZ 25, C4<zzzzzzzzzzzzzzzzzzzzzzzzz>; HiZ drive
v0x5617e2c02950_18 .net v0x5617e2c02950 18, 24 0, o0x7effee1bbbc8; 0 drivers
o0x7effee1bbbf8 .functor BUFZ 25, C4<zzzzzzzzzzzzzzzzzzzzzzzzz>; HiZ drive
v0x5617e2c02950_19 .net v0x5617e2c02950 19, 24 0, o0x7effee1bbbf8; 0 drivers
v0x5617e2c02950_20 .net v0x5617e2c02950 20, 24 0, L_0x5617e2c19c70; 1 drivers
v0x5617e2c02950_21 .net v0x5617e2c02950 21, 24 0, L_0x5617e2c1a750; 1 drivers
v0x5617e2c02950_22 .net v0x5617e2c02950 22, 24 0, L_0x5617e2c1b450; 1 drivers
v0x5617e2c02950_23 .net v0x5617e2c02950 23, 24 0, L_0x5617e2c1c150; 1 drivers
v0x5617e2c02950_24 .net v0x5617e2c02950 24, 24 0, L_0x5617e2c1c390; 1 drivers
o0x7effee1bbc88 .functor BUFZ 25, C4<zzzzzzzzzzzzzzzzzzzzzzzzz>; HiZ drive
v0x5617e2c02950_25 .net v0x5617e2c02950 25, 24 0, o0x7effee1bbc88; 0 drivers
v0x5617e2c02950_26 .net v0x5617e2c02950 26, 24 0, L_0x5617e2c1cec0; 1 drivers
o0x7effee1bbcb8 .functor BUFZ 25, C4<zzzzzzzzzzzzzzzzzzzzzzzzz>; HiZ drive
v0x5617e2c02950_27 .net v0x5617e2c02950 27, 24 0, o0x7effee1bbcb8; 0 drivers
v0x5617e2c02950_28 .net v0x5617e2c02950 28, 24 0, L_0x5617e2c1d100; 1 drivers
v0x5617e2c02950_29 .net v0x5617e2c02950 29, 24 0, L_0x5617e2c1dc70; 1 drivers
v0x5617e2c02950_30 .net v0x5617e2c02950 30, 24 0, L_0x5617e2c1ea80; 1 drivers
v0x5617e2c02950_31 .net v0x5617e2c02950 31, 24 0, L_0x5617e2c1fb40; 1 drivers
o0x7effee1bbd18 .functor BUFZ 1, C4<z>; HiZ drive
v0x5617e2c02da0_0 .net "clock", 0 0, o0x7effee1bbd18;  0 drivers
v0x5617e2c02e40 .array "cos_sig_ref", 15 0;
v0x5617e2c02e40_0 .net v0x5617e2c02e40 0, 0 0, L_0x5617e2c33e60; 1 drivers
v0x5617e2c02e40_1 .net v0x5617e2c02e40 1, 0 0, L_0x5617e2c33f00; 1 drivers
v0x5617e2c02e40_2 .net v0x5617e2c02e40 2, 0 0, L_0x5617e2c34040; 1 drivers
v0x5617e2c02e40_3 .net v0x5617e2c02e40 3, 0 0, L_0x5617e2c340e0; 1 drivers
v0x5617e2c02e40_4 .net v0x5617e2c02e40 4, 0 0, L_0x5617e2c33fa0; 1 drivers
v0x5617e2c02e40_5 .net v0x5617e2c02e40 5, 0 0, L_0x5617e2c34230; 1 drivers
v0x5617e2c02e40_6 .net v0x5617e2c02e40 6, 0 0, L_0x5617e2c34390; 1 drivers
v0x5617e2c02e40_7 .net v0x5617e2c02e40 7, 0 0, L_0x5617e2c34430; 1 drivers
v0x5617e2c02e40_8 .net v0x5617e2c02e40 8, 0 0, L_0x5617e2c345a0; 1 drivers
v0x5617e2c02e40_9 .net v0x5617e2c02e40 9, 0 0, L_0x5617e2c34640; 1 drivers
v0x5617e2c02e40_10 .net v0x5617e2c02e40 10, 0 0, L_0x5617e2c347c0; 1 drivers
v0x5617e2c02e40_11 .net v0x5617e2c02e40 11, 0 0, L_0x5617e2c34860; 1 drivers
v0x5617e2c02e40_12 .net v0x5617e2c02e40 12, 0 0, L_0x5617e2c349f0; 1 drivers
v0x5617e2c02e40_13 .net v0x5617e2c02e40 13, 0 0, L_0x5617e2c34a90; 1 drivers
v0x5617e2c02e40_14 .net v0x5617e2c02e40 14, 0 0, L_0x5617e2c34c60; 1 drivers
v0x5617e2c02e40_15 .net v0x5617e2c02e40 15, 0 0, L_0x5617e2c34d30; 1 drivers
v0x5617e2c02ee0 .array "cos_val_ref", 15 0;
v0x5617e2c02ee0_0 .net v0x5617e2c02ee0 0, 2 0, L_0x5617e2c33060; 1 drivers
v0x5617e2c02ee0_1 .net v0x5617e2c02ee0 1, 2 0, L_0x5617e2c33100; 1 drivers
v0x5617e2c02ee0_2 .net v0x5617e2c02ee0 2, 2 0, L_0x5617e2c331f0; 1 drivers
v0x5617e2c02ee0_3 .net v0x5617e2c02ee0 3, 2 0, L_0x5617e2c33290; 1 drivers
v0x5617e2c02ee0_4 .net v0x5617e2c02ee0 4, 2 0, L_0x5617e2c333c0; 1 drivers
v0x5617e2c02ee0_5 .net v0x5617e2c02ee0 5, 2 0, L_0x5617e2c33460; 1 drivers
v0x5617e2c02ee0_6 .net v0x5617e2c02ee0 6, 2 0, L_0x5617e2c33540; 1 drivers
v0x5617e2c02ee0_7 .net v0x5617e2c02ee0 7, 2 0, L_0x5617e2c335e0; 1 drivers
v0x5617e2c02ee0_8 .net v0x5617e2c02ee0 8, 2 0, L_0x5617e2c337e0; 1 drivers
v0x5617e2c02ee0_9 .net v0x5617e2c02ee0 9, 2 0, L_0x5617e2c33880; 1 drivers
v0x5617e2c02ee0_10 .net v0x5617e2c02ee0 10, 2 0, L_0x5617e2c33920; 1 drivers
v0x5617e2c02ee0_11 .net v0x5617e2c02ee0 11, 2 0, L_0x5617e2c339c0; 1 drivers
v0x5617e2c02ee0_12 .net v0x5617e2c02ee0 12, 2 0, L_0x5617e2c33ad0; 1 drivers
v0x5617e2c02ee0_13 .net v0x5617e2c02ee0 13, 2 0, L_0x5617e2c33b70; 1 drivers
v0x5617e2c02ee0_14 .net v0x5617e2c02ee0 14, 2 0, L_0x5617e2c33c90; 1 drivers
v0x5617e2c02ee0_15 .net v0x5617e2c02ee0 15, 2 0, L_0x5617e2c33d30; 1 drivers
v0x5617e2c030a0_0 .var "fft_ready", 8 0;
o0x7effee1bc378 .functor BUFZ 25, C4<zzzzzzzzzzzzzzzzzzzzzzzzz>; HiZ drive
v0x5617e2c03160 .array "i", 7 0;
v0x5617e2c03160_0 .net v0x5617e2c03160 0, 24 0, o0x7effee1bc378; 0 drivers
o0x7effee1b8538 .functor BUFZ 25, C4<zzzzzzzzzzzzzzzzzzzzzzzzz>; HiZ drive
v0x5617e2c03160_1 .net v0x5617e2c03160 1, 24 0, o0x7effee1b8538; 0 drivers
o0x7effee1b90a8 .functor BUFZ 25, C4<zzzzzzzzzzzzzzzzzzzzzzzzz>; HiZ drive
v0x5617e2c03160_2 .net v0x5617e2c03160 2, 24 0, o0x7effee1b90a8; 0 drivers
o0x7effee1b9498 .functor BUFZ 25, C4<zzzzzzzzzzzzzzzzzzzzzzzzz>; HiZ drive
v0x5617e2c03160_3 .net v0x5617e2c03160 3, 24 0, o0x7effee1b9498; 0 drivers
o0x7effee1bc3a8 .functor BUFZ 25, C4<zzzzzzzzzzzzzzzzzzzzzzzzz>; HiZ drive
v0x5617e2c03160_4 .net v0x5617e2c03160 4, 24 0, o0x7effee1bc3a8; 0 drivers
o0x7effee1ba008 .functor BUFZ 25, C4<zzzzzzzzzzzzzzzzzzzzzzzzz>; HiZ drive
v0x5617e2c03160_5 .net v0x5617e2c03160 5, 24 0, o0x7effee1ba008; 0 drivers
o0x7effee1bab78 .functor BUFZ 25, C4<zzzzzzzzzzzzzzzzzzzzzzzzz>; HiZ drive
v0x5617e2c03160_6 .net v0x5617e2c03160 6, 24 0, o0x7effee1bab78; 0 drivers
o0x7effee1baf68 .functor BUFZ 25, C4<zzzzzzzzzzzzzzzzzzzzzzzzz>; HiZ drive
v0x5617e2c03160_7 .net v0x5617e2c03160 7, 24 0, o0x7effee1baf68; 0 drivers
v0x5617e2c032a0 .array "o", 17 0;
v0x5617e2c032a0_0 .net v0x5617e2c032a0 0, 24 0, L_0x5617e2c21ef0; 1 drivers
v0x5617e2c032a0_1 .net v0x5617e2c032a0 1, 24 0, L_0x5617e2c22200; 1 drivers
v0x5617e2c032a0_2 .net v0x5617e2c032a0 2, 24 0, L_0x5617e2c245d0; 1 drivers
v0x5617e2c032a0_3 .net v0x5617e2c032a0 3, 24 0, L_0x5617e2c248e0; 1 drivers
v0x5617e2c032a0_4 .net v0x5617e2c032a0 4, 24 0, L_0x5617e2c26cb0; 1 drivers
v0x5617e2c032a0_5 .net v0x5617e2c032a0 5, 24 0, L_0x5617e2c26fc0; 1 drivers
v0x5617e2c032a0_6 .net v0x5617e2c032a0 6, 24 0, L_0x5617e2c29390; 1 drivers
v0x5617e2c032a0_7 .net v0x5617e2c032a0 7, 24 0, L_0x5617e2c296a0; 1 drivers
v0x5617e2c032a0_8 .net v0x5617e2c032a0 8, 24 0, L_0x5617e2c2b9b0; 1 drivers
v0x5617e2c032a0_9 .net v0x5617e2c032a0 9, 24 0, L_0x5617e2c2bcc0; 1 drivers
v0x5617e2c032a0_10 .net v0x5617e2c032a0 10, 24 0, L_0x5617e2c2dfd0; 1 drivers
v0x5617e2c032a0_11 .net v0x5617e2c032a0 11, 24 0, L_0x5617e2c2e2e0; 1 drivers
v0x5617e2c032a0_12 .net v0x5617e2c032a0 12, 24 0, L_0x5617e2c305f0; 1 drivers
v0x5617e2c032a0_13 .net v0x5617e2c032a0 13, 24 0, L_0x5617e2c30900; 1 drivers
v0x5617e2c032a0_14 .net v0x5617e2c032a0 14, 24 0, L_0x5617e2c32c10; 1 drivers
v0x5617e2c032a0_15 .net v0x5617e2c032a0 15, 24 0, L_0x5617e2c32f20; 1 drivers
o0x7effee1bc6d8 .functor BUFZ 25, C4<zzzzzzzzzzzzzzzzzzzzzzzzz>; HiZ drive
v0x5617e2c032a0_16 .net v0x5617e2c032a0 16, 24 0, o0x7effee1bc6d8; 0 drivers
o0x7effee1bc708 .functor BUFZ 25, C4<zzzzzzzzzzzzzzzzzzzzzzzzz>; HiZ drive
v0x5617e2c032a0_17 .net v0x5617e2c032a0 17, 24 0, o0x7effee1bc708; 0 drivers
o0x7effee1bc738 .functor BUFZ 1, C4<z>; HiZ drive
v0x5617e2c03620_0 .net "reset", 0 0, o0x7effee1bc738;  0 drivers
v0x5617e2c036e0_0 .net "s_ready", 0 0, L_0x5617e2c35120;  1 drivers
o0x7effee1bc798 .functor BUFZ 1, C4<z>; HiZ drive
v0x5617e2c037a0_0 .net "start", 0 0, o0x7effee1bc798;  0 drivers
L_0x5617e2c33060 .part L_0x7effee16c148, 45, 3;
L_0x5617e2c33100 .part L_0x7effee16c148, 42, 3;
L_0x5617e2c331f0 .part L_0x7effee16c148, 39, 3;
L_0x5617e2c33290 .part L_0x7effee16c148, 36, 3;
L_0x5617e2c333c0 .part L_0x7effee16c148, 33, 3;
L_0x5617e2c33460 .part L_0x7effee16c148, 30, 3;
L_0x5617e2c33540 .part L_0x7effee16c148, 27, 3;
L_0x5617e2c335e0 .part L_0x7effee16c148, 24, 3;
L_0x5617e2c337e0 .part L_0x7effee16c148, 21, 3;
L_0x5617e2c33880 .part L_0x7effee16c148, 18, 3;
L_0x5617e2c33920 .part L_0x7effee16c148, 15, 3;
L_0x5617e2c339c0 .part L_0x7effee16c148, 12, 3;
L_0x5617e2c33ad0 .part L_0x7effee16c148, 9, 3;
L_0x5617e2c33b70 .part L_0x7effee16c148, 6, 3;
L_0x5617e2c33c90 .part L_0x7effee16c148, 3, 3;
L_0x5617e2c33d30 .part L_0x7effee16c148, 0, 3;
L_0x5617e2c33e60 .part L_0x7effee16c190, 15, 1;
L_0x5617e2c33f00 .part L_0x7effee16c190, 14, 1;
L_0x5617e2c34040 .part L_0x7effee16c190, 13, 1;
L_0x5617e2c340e0 .part L_0x7effee16c190, 12, 1;
L_0x5617e2c33fa0 .part L_0x7effee16c190, 11, 1;
L_0x5617e2c34230 .part L_0x7effee16c190, 10, 1;
L_0x5617e2c34390 .part L_0x7effee16c190, 9, 1;
L_0x5617e2c34430 .part L_0x7effee16c190, 8, 1;
L_0x5617e2c345a0 .part L_0x7effee16c190, 7, 1;
L_0x5617e2c34640 .part L_0x7effee16c190, 6, 1;
L_0x5617e2c347c0 .part L_0x7effee16c190, 5, 1;
L_0x5617e2c34860 .part L_0x7effee16c190, 4, 1;
L_0x5617e2c349f0 .part L_0x7effee16c190, 3, 1;
L_0x5617e2c34a90 .part L_0x7effee16c190, 2, 1;
L_0x5617e2c34c60 .part L_0x7effee16c190, 1, 1;
L_0x5617e2c34d30 .part L_0x7effee16c190, 0, 1;
L_0x5617e2c35120 .reduce/and v0x5617e2c030a0_0;
S_0x5617e2af0500 .scope generate, "gen_loop[0]" "gen_loop[0]" 3 63, 3 63 0, S_0x5617e2aefdf0;
 .timescale 0 0;
P_0x5617e2b32a90 .param/l "o_id" 0 3 63, +C4<00>;
L_0x7effee16b4e8 .functor BUFT 1, C4<00>, C4<0>, C4<0>, C4<0>;
v0x5617e2bd6380_0 .net/2u *"_ivl_10", 1 0, L_0x7effee16b4e8;  1 drivers
v0x5617e2bd6460_0 .net *"_ivl_14", 21 0, L_0x5617e2c21dc0;  1 drivers
v0x5617e2bd6540_0 .net *"_ivl_20", 0 0, L_0x5617e2c22030;  1 drivers
L_0x7effee16b530 .functor BUFT 1, C4<00>, C4<0>, C4<0>, C4<0>;
v0x5617e2bd6600_0 .net/2u *"_ivl_21", 1 0, L_0x7effee16b530;  1 drivers
v0x5617e2bd66e0_0 .net *"_ivl_25", 21 0, L_0x5617e2c220d0;  1 drivers
v0x5617e2bd67c0_0 .net *"_ivl_9", 0 0, L_0x5617e2c21d20;  1 drivers
E_0x5617e2aadfe0 .event edge, v0x5617e2c02da0_0;
L_0x5617e2c21d20 .part L_0x5617e2c20ba0, 24, 1;
L_0x5617e2c21dc0 .part L_0x5617e2c20ba0, 2, 22;
L_0x5617e2c21ef0 .concat [ 22 2 1 0], L_0x5617e2c21dc0, L_0x7effee16b4e8, L_0x5617e2c21d20;
L_0x5617e2c22030 .part L_0x5617e2c21b90, 24, 1;
L_0x5617e2c220d0 .part L_0x5617e2c21b90, 2, 22;
L_0x5617e2c22200 .concat [ 22 2 1 0], L_0x5617e2c220d0, L_0x7effee16b530, L_0x5617e2c22030;
S_0x5617e2afe420 .scope begin, "clk_process" "clk_process" 3 79, 3 79 0, S_0x5617e2af0500;
 .timescale 0 0;
v0x5617e2bacb00_0 .var "c", 24 0;
v0x5617e2b9acc0_0 .var "ci", 24 0;
v0x5617e2b88e80_0 .var/2u "i_id", 31 0;
v0x5617e2b77040_0 .var/2u "w", 31 0;
v0x5617e2b65200_0 .var/2u "wi", 31 0;
S_0x5617e2b03530 .scope module, "sum_i" "b25_add" 3 72, 4 1 0, S_0x5617e2af0500;
 .timescale 0 0;
    .port_info 0 /INPUT 25 "a";
    .port_info 1 /INPUT 25 "b";
    .port_info 2 /OUTPUT 25 "res";
L_0x5617e2c20f10 .functor XOR 1, L_0x5617e2c20d30, L_0x5617e2c20e20, C4<0>, C4<0>;
L_0x5617e2c21070 .functor BUFZ 24, L_0x5617e2c21390, C4<000000000000000000000000>, C4<000000000000000000000000>, C4<000000000000000000000000>;
v0x5617e2b53660_0 .net *"_ivl_1", 0 0, L_0x5617e2c20d30;  1 drivers
v0x5617e2bd3fd0_0 .net *"_ivl_10", 24 0, L_0x5617e2c212a0;  1 drivers
L_0x7effee16b458 .functor BUFT 1, C4<000000000000000000000000>, C4<0>, C4<0>, C4<0>;
v0x5617e2bd40b0_0 .net/2u *"_ivl_16", 23 0, L_0x7effee16b458;  1 drivers
v0x5617e2bd4170_0 .net *"_ivl_18", 0 0, L_0x5617e2c21480;  1 drivers
L_0x7effee16b4a0 .functor BUFT 1, C4<0>, C4<0>, C4<0>, C4<0>;
v0x5617e2bd4230_0 .net/2u *"_ivl_20", 0 0, L_0x7effee16b4a0;  1 drivers
v0x5617e2bd4360_0 .net *"_ivl_22", 0 0, L_0x5617e2c215c0;  1 drivers
v0x5617e2bd4420_0 .net *"_ivl_25", 0 0, L_0x5617e2c216b0;  1 drivers
v0x5617e2bd4500_0 .net *"_ivl_27", 0 0, L_0x5617e2c21750;  1 drivers
v0x5617e2bd45e0_0 .net *"_ivl_28", 0 0, L_0x5617e2c21850;  1 drivers
v0x5617e2bd46c0_0 .net *"_ivl_3", 0 0, L_0x5617e2c20e20;  1 drivers
v0x5617e2bd47a0_0 .net *"_ivl_30", 0 0, L_0x5617e2c21990;  1 drivers
v0x5617e2bd4880_0 .net *"_ivl_36", 23 0, L_0x5617e2c21070;  1 drivers
v0x5617e2bd4960_0 .net *"_ivl_4", 0 0, L_0x5617e2c20f10;  1 drivers
v0x5617e2bd4a40_0 .net *"_ivl_6", 24 0, L_0x5617e2c20fd0;  1 drivers
v0x5617e2bd4b20_0 .net *"_ivl_8", 24 0, L_0x5617e2c210e0;  1 drivers
v0x5617e2c01ca0_1 .array/port v0x5617e2c01ca0, 1;
v0x5617e2bd4c00_0 .net "a", 24 0, v0x5617e2c01ca0_1;  1 drivers
v0x5617e2c020b0_1 .array/port v0x5617e2c020b0, 1;
v0x5617e2bd4ce0_0 .net "b", 24 0, v0x5617e2c020b0_1;  1 drivers
v0x5617e2bd4ed0_0 .net "buff", 23 0, L_0x5617e2c21390;  1 drivers
v0x5617e2bd4fb0_0 .net "res", 24 0, L_0x5617e2c21b90;  alias, 1 drivers
L_0x5617e2c20d30 .part v0x5617e2c01ca0_1, 24, 1;
L_0x5617e2c20e20 .part v0x5617e2c020b0_1, 24, 1;
L_0x5617e2c20fd0 .arith/sub 25, v0x5617e2c01ca0_1, v0x5617e2c020b0_1;
L_0x5617e2c210e0 .arith/sum 25, v0x5617e2c01ca0_1, v0x5617e2c020b0_1;
L_0x5617e2c212a0 .functor MUXZ 25, L_0x5617e2c210e0, L_0x5617e2c20fd0, L_0x5617e2c20f10, C4<>;
L_0x5617e2c21390 .part L_0x5617e2c212a0, 0, 24;
L_0x5617e2c21480 .cmp/eq 24, L_0x5617e2c21390, L_0x7effee16b458;
L_0x5617e2c215c0 .cmp/gt 25, v0x5617e2c020b0_1, v0x5617e2c01ca0_1;
L_0x5617e2c216b0 .part v0x5617e2c020b0_1, 24, 1;
L_0x5617e2c21750 .part v0x5617e2c01ca0_1, 24, 1;
L_0x5617e2c21850 .functor MUXZ 1, L_0x5617e2c21750, L_0x5617e2c216b0, L_0x5617e2c215c0, C4<>;
L_0x5617e2c21990 .functor MUXZ 1, L_0x5617e2c21850, L_0x7effee16b4a0, L_0x5617e2c21480, C4<>;
L_0x5617e2c21b90 .concat8 [ 24 1 0 0], L_0x5617e2c21070, L_0x5617e2c21990;
S_0x5617e2b11800 .scope module, "sum_r" "b25_add" 3 66, 4 1 0, S_0x5617e2af0500;
 .timescale 0 0;
    .port_info 0 /INPUT 25 "a";
    .port_info 1 /INPUT 25 "b";
    .port_info 2 /OUTPUT 25 "res";
L_0x5617e2c1ff60 .functor XOR 1, L_0x5617e2c1fd80, L_0x5617e2c1fe70, C4<0>, C4<0>;
L_0x5617e2c20110 .functor BUFZ 24, L_0x5617e2c203a0, C4<000000000000000000000000>, C4<000000000000000000000000>, C4<000000000000000000000000>;
v0x5617e2bd5160_0 .net *"_ivl_1", 0 0, L_0x5617e2c1fd80;  1 drivers
v0x5617e2bd5240_0 .net *"_ivl_10", 24 0, L_0x5617e2c202b0;  1 drivers
L_0x7effee16b3c8 .functor BUFT 1, C4<000000000000000000000000>, C4<0>, C4<0>, C4<0>;
v0x5617e2bd5320_0 .net/2u *"_ivl_16", 23 0, L_0x7effee16b3c8;  1 drivers
v0x5617e2bd53e0_0 .net *"_ivl_18", 0 0, L_0x5617e2c20490;  1 drivers
L_0x7effee16b410 .functor BUFT 1, C4<0>, C4<0>, C4<0>, C4<0>;
v0x5617e2bd54a0_0 .net/2u *"_ivl_20", 0 0, L_0x7effee16b410;  1 drivers
v0x5617e2bd55d0_0 .net *"_ivl_22", 0 0, L_0x5617e2c205d0;  1 drivers
v0x5617e2bd5690_0 .net *"_ivl_25", 0 0, L_0x5617e2c206c0;  1 drivers
v0x5617e2bd5770_0 .net *"_ivl_27", 0 0, L_0x5617e2c20760;  1 drivers
v0x5617e2bd5850_0 .net *"_ivl_28", 0 0, L_0x5617e2c20860;  1 drivers
v0x5617e2bd5930_0 .net *"_ivl_3", 0 0, L_0x5617e2c1fe70;  1 drivers
v0x5617e2bd5a10_0 .net *"_ivl_30", 0 0, L_0x5617e2c209a0;  1 drivers
v0x5617e2bd5af0_0 .net *"_ivl_36", 23 0, L_0x5617e2c20110;  1 drivers
v0x5617e2bd5bd0_0 .net *"_ivl_4", 0 0, L_0x5617e2c1ff60;  1 drivers
v0x5617e2bd5cb0_0 .net *"_ivl_6", 24 0, L_0x5617e2c20070;  1 drivers
v0x5617e2bd5d90_0 .net *"_ivl_8", 24 0, L_0x5617e2c20180;  1 drivers
v0x5617e2c01ca0_0 .array/port v0x5617e2c01ca0, 0;
v0x5617e2bd5e70_0 .net "a", 24 0, v0x5617e2c01ca0_0;  1 drivers
v0x5617e2c020b0_0 .array/port v0x5617e2c020b0, 0;
v0x5617e2bd5f50_0 .net "b", 24 0, v0x5617e2c020b0_0;  1 drivers
v0x5617e2bd6140_0 .net "buff", 23 0, L_0x5617e2c203a0;  1 drivers
v0x5617e2bd6220_0 .net "res", 24 0, L_0x5617e2c20ba0;  alias, 1 drivers
L_0x5617e2c1fd80 .part v0x5617e2c01ca0_0, 24, 1;
L_0x5617e2c1fe70 .part v0x5617e2c020b0_0, 24, 1;
L_0x5617e2c20070 .arith/sub 25, v0x5617e2c01ca0_0, v0x5617e2c020b0_0;
L_0x5617e2c20180 .arith/sum 25, v0x5617e2c01ca0_0, v0x5617e2c020b0_0;
L_0x5617e2c202b0 .functor MUXZ 25, L_0x5617e2c20180, L_0x5617e2c20070, L_0x5617e2c1ff60, C4<>;
L_0x5617e2c203a0 .part L_0x5617e2c202b0, 0, 24;
L_0x5617e2c20490 .cmp/eq 24, L_0x5617e2c203a0, L_0x7effee16b3c8;
L_0x5617e2c205d0 .cmp/gt 25, v0x5617e2c020b0_0, v0x5617e2c01ca0_0;
L_0x5617e2c206c0 .part v0x5617e2c020b0_0, 24, 1;
L_0x5617e2c20760 .part v0x5617e2c01ca0_0, 24, 1;
L_0x5617e2c20860 .functor MUXZ 1, L_0x5617e2c20760, L_0x5617e2c206c0, L_0x5617e2c205d0, C4<>;
L_0x5617e2c209a0 .functor MUXZ 1, L_0x5617e2c20860, L_0x7effee16b410, L_0x5617e2c20490, C4<>;
L_0x5617e2c20ba0 .concat8 [ 24 1 0 0], L_0x5617e2c20110, L_0x5617e2c209a0;
S_0x5617e2b12030 .scope generate, "gen_loop[1]" "gen_loop[1]" 3 63, 3 63 0, S_0x5617e2aefdf0;
 .timescale 0 0;
P_0x5617e2bd6930 .param/l "o_id" 0 3 63, +C4<01>;
L_0x7effee16b698 .functor BUFT 1, C4<00>, C4<0>, C4<0>, C4<0>;
v0x5617e2bd9780_0 .net/2u *"_ivl_10", 1 0, L_0x7effee16b698;  1 drivers
v0x5617e2bd9860_0 .net *"_ivl_14", 21 0, L_0x5617e2c244a0;  1 drivers
v0x5617e2bd9940_0 .net *"_ivl_20", 0 0, L_0x5617e2c24710;  1 drivers
L_0x7effee16b6e0 .functor BUFT 1, C4<00>, C4<0>, C4<0>, C4<0>;
v0x5617e2bd9a00_0 .net/2u *"_ivl_21", 1 0, L_0x7effee16b6e0;  1 drivers
v0x5617e2bd9ae0_0 .net *"_ivl_25", 21 0, L_0x5617e2c247b0;  1 drivers
v0x5617e2bd9bc0_0 .net *"_ivl_9", 0 0, L_0x5617e2c24400;  1 drivers
L_0x5617e2c24400 .part L_0x5617e2c23230, 24, 1;
L_0x5617e2c244a0 .part L_0x5617e2c23230, 2, 22;
L_0x5617e2c245d0 .concat [ 22 2 1 0], L_0x5617e2c244a0, L_0x7effee16b698, L_0x5617e2c24400;
L_0x5617e2c24710 .part L_0x5617e2c24270, 24, 1;
L_0x5617e2c247b0 .part L_0x5617e2c24270, 2, 22;
L_0x5617e2c248e0 .concat [ 22 2 1 0], L_0x5617e2c247b0, L_0x7effee16b6e0, L_0x5617e2c24710;
S_0x5617e2b20300 .scope begin, "clk_process" "clk_process" 3 79, 3 79 0, S_0x5617e2b12030;
 .timescale 0 0;
v0x5617e2bd6a40_0 .var "c", 24 0;
v0x5617e2bd6b40_0 .var "ci", 24 0;
v0x5617e2bd6c20_0 .var/2u "i_id", 31 0;
v0x5617e2bd6ce0_0 .var/2u "w", 31 0;
v0x5617e2bd6dc0_0 .var/2u "wi", 31 0;
S_0x5617e2bd6ef0 .scope module, "sum_i" "b25_add" 3 72, 4 1 0, S_0x5617e2b12030;
 .timescale 0 0;
    .port_info 0 /INPUT 25 "a";
    .port_info 1 /INPUT 25 "b";
    .port_info 2 /OUTPUT 25 "res";
L_0x5617e2c235a0 .functor XOR 1, L_0x5617e2c233c0, L_0x5617e2c234b0, C4<0>, C4<0>;
L_0x5617e2c23750 .functor BUFZ 24, L_0x5617e2c23a70, C4<000000000000000000000000>, C4<000000000000000000000000>, C4<000000000000000000000000>;
v0x5617e2bd7140_0 .net *"_ivl_1", 0 0, L_0x5617e2c233c0;  1 drivers
v0x5617e2bd7240_0 .net *"_ivl_10", 24 0, L_0x5617e2c23980;  1 drivers
L_0x7effee16b608 .functor BUFT 1, C4<000000000000000000000000>, C4<0>, C4<0>, C4<0>;
v0x5617e2bd7320_0 .net/2u *"_ivl_16", 23 0, L_0x7effee16b608;  1 drivers
v0x5617e2bd73e0_0 .net *"_ivl_18", 0 0, L_0x5617e2c23b60;  1 drivers
L_0x7effee16b650 .functor BUFT 1, C4<0>, C4<0>, C4<0>, C4<0>;
v0x5617e2bd74a0_0 .net/2u *"_ivl_20", 0 0, L_0x7effee16b650;  1 drivers
v0x5617e2bd75d0_0 .net *"_ivl_22", 0 0, L_0x5617e2c23ca0;  1 drivers
v0x5617e2bd7690_0 .net *"_ivl_25", 0 0, L_0x5617e2c23d90;  1 drivers
v0x5617e2bd7770_0 .net *"_ivl_27", 0 0, L_0x5617e2c23e30;  1 drivers
v0x5617e2bd7850_0 .net *"_ivl_28", 0 0, L_0x5617e2c23f30;  1 drivers
v0x5617e2bd7930_0 .net *"_ivl_3", 0 0, L_0x5617e2c234b0;  1 drivers
v0x5617e2bd7a10_0 .net *"_ivl_30", 0 0, L_0x5617e2c24070;  1 drivers
v0x5617e2bd7af0_0 .net *"_ivl_36", 23 0, L_0x5617e2c23750;  1 drivers
v0x5617e2bd7bd0_0 .net *"_ivl_4", 0 0, L_0x5617e2c235a0;  1 drivers
v0x5617e2bd7cb0_0 .net *"_ivl_6", 24 0, L_0x5617e2c236b0;  1 drivers
v0x5617e2bd7d90_0 .net *"_ivl_8", 24 0, L_0x5617e2c237c0;  1 drivers
v0x5617e2c01ca0_3 .array/port v0x5617e2c01ca0, 3;
v0x5617e2bd7e70_0 .net "a", 24 0, v0x5617e2c01ca0_3;  1 drivers
v0x5617e2c020b0_3 .array/port v0x5617e2c020b0, 3;
v0x5617e2bd7f50_0 .net "b", 24 0, v0x5617e2c020b0_3;  1 drivers
v0x5617e2bd8140_0 .net "buff", 23 0, L_0x5617e2c23a70;  1 drivers
v0x5617e2bd8220_0 .net "res", 24 0, L_0x5617e2c24270;  alias, 1 drivers
L_0x5617e2c233c0 .part v0x5617e2c01ca0_3, 24, 1;
L_0x5617e2c234b0 .part v0x5617e2c020b0_3, 24, 1;
L_0x5617e2c236b0 .arith/sub 25, v0x5617e2c01ca0_3, v0x5617e2c020b0_3;
L_0x5617e2c237c0 .arith/sum 25, v0x5617e2c01ca0_3, v0x5617e2c020b0_3;
L_0x5617e2c23980 .functor MUXZ 25, L_0x5617e2c237c0, L_0x5617e2c236b0, L_0x5617e2c235a0, C4<>;
L_0x5617e2c23a70 .part L_0x5617e2c23980, 0, 24;
L_0x5617e2c23b60 .cmp/eq 24, L_0x5617e2c23a70, L_0x7effee16b608;
L_0x5617e2c23ca0 .cmp/gt 25, v0x5617e2c020b0_3, v0x5617e2c01ca0_3;
L_0x5617e2c23d90 .part v0x5617e2c020b0_3, 24, 1;
L_0x5617e2c23e30 .part v0x5617e2c01ca0_3, 24, 1;
L_0x5617e2c23f30 .functor MUXZ 1, L_0x5617e2c23e30, L_0x5617e2c23d90, L_0x5617e2c23ca0, C4<>;
L_0x5617e2c24070 .functor MUXZ 1, L_0x5617e2c23f30, L_0x7effee16b650, L_0x5617e2c23b60, C4<>;
L_0x5617e2c24270 .concat8 [ 24 1 0 0], L_0x5617e2c23750, L_0x5617e2c24070;
S_0x5617e2bd8380 .scope module, "sum_r" "b25_add" 3 66, 4 1 0, S_0x5617e2b12030;
 .timescale 0 0;
    .port_info 0 /INPUT 25 "a";
    .port_info 1 /INPUT 25 "b";
    .port_info 2 /OUTPUT 25 "res";
L_0x5617e2c22520 .functor XOR 1, L_0x5617e2c22340, L_0x5617e2c22430, C4<0>, C4<0>;
L_0x5617e2c226d0 .functor BUFZ 24, L_0x5617e2c229f0, C4<000000000000000000000000>, C4<000000000000000000000000>, C4<000000000000000000000000>;
v0x5617e2bd8560_0 .net *"_ivl_1", 0 0, L_0x5617e2c22340;  1 drivers
v0x5617e2bd8640_0 .net *"_ivl_10", 24 0, L_0x5617e2c22900;  1 drivers
L_0x7effee16b578 .functor BUFT 1, C4<000000000000000000000000>, C4<0>, C4<0>, C4<0>;
v0x5617e2bd8720_0 .net/2u *"_ivl_16", 23 0, L_0x7effee16b578;  1 drivers
v0x5617e2bd87e0_0 .net *"_ivl_18", 0 0, L_0x5617e2c22b20;  1 drivers
L_0x7effee16b5c0 .functor BUFT 1, C4<0>, C4<0>, C4<0>, C4<0>;
v0x5617e2bd88a0_0 .net/2u *"_ivl_20", 0 0, L_0x7effee16b5c0;  1 drivers
v0x5617e2bd89d0_0 .net *"_ivl_22", 0 0, L_0x5617e2c22c60;  1 drivers
v0x5617e2bd8a90_0 .net *"_ivl_25", 0 0, L_0x5617e2c22d50;  1 drivers
v0x5617e2bd8b70_0 .net *"_ivl_27", 0 0, L_0x5617e2c22df0;  1 drivers
v0x5617e2bd8c50_0 .net *"_ivl_28", 0 0, L_0x5617e2c22ef0;  1 drivers
v0x5617e2bd8d30_0 .net *"_ivl_3", 0 0, L_0x5617e2c22430;  1 drivers
v0x5617e2bd8e10_0 .net *"_ivl_30", 0 0, L_0x5617e2c23030;  1 drivers
v0x5617e2bd8ef0_0 .net *"_ivl_36", 23 0, L_0x5617e2c226d0;  1 drivers
v0x5617e2bd8fd0_0 .net *"_ivl_4", 0 0, L_0x5617e2c22520;  1 drivers
v0x5617e2bd90b0_0 .net *"_ivl_6", 24 0, L_0x5617e2c22630;  1 drivers
v0x5617e2bd9190_0 .net *"_ivl_8", 24 0, L_0x5617e2c22740;  1 drivers
v0x5617e2c01ca0_2 .array/port v0x5617e2c01ca0, 2;
v0x5617e2bd9270_0 .net "a", 24 0, v0x5617e2c01ca0_2;  1 drivers
v0x5617e2c020b0_2 .array/port v0x5617e2c020b0, 2;
v0x5617e2bd9350_0 .net "b", 24 0, v0x5617e2c020b0_2;  1 drivers
v0x5617e2bd9540_0 .net "buff", 23 0, L_0x5617e2c229f0;  1 drivers
v0x5617e2bd9620_0 .net "res", 24 0, L_0x5617e2c23230;  alias, 1 drivers
L_0x5617e2c22340 .part v0x5617e2c01ca0_2, 24, 1;
L_0x5617e2c22430 .part v0x5617e2c020b0_2, 24, 1;
L_0x5617e2c22630 .arith/sub 25, v0x5617e2c01ca0_2, v0x5617e2c020b0_2;
L_0x5617e2c22740 .arith/sum 25, v0x5617e2c01ca0_2, v0x5617e2c020b0_2;
L_0x5617e2c22900 .functor MUXZ 25, L_0x5617e2c22740, L_0x5617e2c22630, L_0x5617e2c22520, C4<>;
L_0x5617e2c229f0 .part L_0x5617e2c22900, 0, 24;
L_0x5617e2c22b20 .cmp/eq 24, L_0x5617e2c229f0, L_0x7effee16b578;
L_0x5617e2c22c60 .cmp/gt 25, v0x5617e2c020b0_2, v0x5617e2c01ca0_2;
L_0x5617e2c22d50 .part v0x5617e2c020b0_2, 24, 1;
L_0x5617e2c22df0 .part v0x5617e2c01ca0_2, 24, 1;
L_0x5617e2c22ef0 .functor MUXZ 1, L_0x5617e2c22df0, L_0x5617e2c22d50, L_0x5617e2c22c60, C4<>;
L_0x5617e2c23030 .functor MUXZ 1, L_0x5617e2c22ef0, L_0x7effee16b5c0, L_0x5617e2c22b20, C4<>;
L_0x5617e2c23230 .concat8 [ 24 1 0 0], L_0x5617e2c226d0, L_0x5617e2c23030;
S_0x5617e2bd9ca0 .scope generate, "gen_loop[2]" "gen_loop[2]" 3 63, 3 63 0, S_0x5617e2aefdf0;
 .timescale 0 0;
P_0x5617e2bd9ea0 .param/l "o_id" 0 3 63, +C4<010>;
L_0x7effee16b848 .functor BUFT 1, C4<00>, C4<0>, C4<0>, C4<0>;
v0x5617e2bdce80_0 .net/2u *"_ivl_10", 1 0, L_0x7effee16b848;  1 drivers
v0x5617e2bdcf60_0 .net *"_ivl_14", 21 0, L_0x5617e2c26b80;  1 drivers
v0x5617e2bdd040_0 .net *"_ivl_20", 0 0, L_0x5617e2c26df0;  1 drivers
L_0x7effee16b890 .functor BUFT 1, C4<00>, C4<0>, C4<0>, C4<0>;
v0x5617e2bdd100_0 .net/2u *"_ivl_21", 1 0, L_0x7effee16b890;  1 drivers
v0x5617e2bdd1e0_0 .net *"_ivl_25", 21 0, L_0x5617e2c26e90;  1 drivers
v0x5617e2bdd2c0_0 .net *"_ivl_9", 0 0, L_0x5617e2c26ae0;  1 drivers
L_0x5617e2c26ae0 .part L_0x5617e2c25910, 24, 1;
L_0x5617e2c26b80 .part L_0x5617e2c25910, 2, 22;
L_0x5617e2c26cb0 .concat [ 22 2 1 0], L_0x5617e2c26b80, L_0x7effee16b848, L_0x5617e2c26ae0;
L_0x5617e2c26df0 .part L_0x5617e2c26950, 24, 1;
L_0x5617e2c26e90 .part L_0x5617e2c26950, 2, 22;
L_0x5617e2c26fc0 .concat [ 22 2 1 0], L_0x5617e2c26e90, L_0x7effee16b890, L_0x5617e2c26df0;
S_0x5617e2bd9f60 .scope begin, "clk_process" "clk_process" 3 79, 3 79 0, S_0x5617e2bd9ca0;
 .timescale 0 0;
v0x5617e2bda140_0 .var "c", 24 0;
v0x5617e2bda240_0 .var "ci", 24 0;
v0x5617e2bda320_0 .var/2u "i_id", 31 0;
v0x5617e2bda3e0_0 .var/2u "w", 31 0;
v0x5617e2bda4c0_0 .var/2u "wi", 31 0;
S_0x5617e2bda5f0 .scope module, "sum_i" "b25_add" 3 72, 4 1 0, S_0x5617e2bd9ca0;
 .timescale 0 0;
    .port_info 0 /INPUT 25 "a";
    .port_info 1 /INPUT 25 "b";
    .port_info 2 /OUTPUT 25 "res";
L_0x5617e2c25c80 .functor XOR 1, L_0x5617e2c25aa0, L_0x5617e2c25b90, C4<0>, C4<0>;
L_0x5617e2c25e30 .functor BUFZ 24, L_0x5617e2c26150, C4<000000000000000000000000>, C4<000000000000000000000000>, C4<000000000000000000000000>;
v0x5617e2bda840_0 .net *"_ivl_1", 0 0, L_0x5617e2c25aa0;  1 drivers
v0x5617e2bda940_0 .net *"_ivl_10", 24 0, L_0x5617e2c26060;  1 drivers
L_0x7effee16b7b8 .functor BUFT 1, C4<000000000000000000000000>, C4<0>, C4<0>, C4<0>;
v0x5617e2bdaa20_0 .net/2u *"_ivl_16", 23 0, L_0x7effee16b7b8;  1 drivers
v0x5617e2bdaae0_0 .net *"_ivl_18", 0 0, L_0x5617e2c26240;  1 drivers
L_0x7effee16b800 .functor BUFT 1, C4<0>, C4<0>, C4<0>, C4<0>;
v0x5617e2bdaba0_0 .net/2u *"_ivl_20", 0 0, L_0x7effee16b800;  1 drivers
v0x5617e2bdacd0_0 .net *"_ivl_22", 0 0, L_0x5617e2c26380;  1 drivers
v0x5617e2bdad90_0 .net *"_ivl_25", 0 0, L_0x5617e2c26470;  1 drivers
v0x5617e2bdae70_0 .net *"_ivl_27", 0 0, L_0x5617e2c26510;  1 drivers
v0x5617e2bdaf50_0 .net *"_ivl_28", 0 0, L_0x5617e2c26610;  1 drivers
v0x5617e2bdb030_0 .net *"_ivl_3", 0 0, L_0x5617e2c25b90;  1 drivers
v0x5617e2bdb110_0 .net *"_ivl_30", 0 0, L_0x5617e2c26750;  1 drivers
v0x5617e2bdb1f0_0 .net *"_ivl_36", 23 0, L_0x5617e2c25e30;  1 drivers
v0x5617e2bdb2d0_0 .net *"_ivl_4", 0 0, L_0x5617e2c25c80;  1 drivers
v0x5617e2bdb3b0_0 .net *"_ivl_6", 24 0, L_0x5617e2c25d90;  1 drivers
v0x5617e2bdb490_0 .net *"_ivl_8", 24 0, L_0x5617e2c25ea0;  1 drivers
v0x5617e2c01ca0_5 .array/port v0x5617e2c01ca0, 5;
v0x5617e2bdb570_0 .net "a", 24 0, v0x5617e2c01ca0_5;  1 drivers
v0x5617e2c020b0_5 .array/port v0x5617e2c020b0, 5;
v0x5617e2bdb650_0 .net "b", 24 0, v0x5617e2c020b0_5;  1 drivers
v0x5617e2bdb840_0 .net "buff", 23 0, L_0x5617e2c26150;  1 drivers
v0x5617e2bdb920_0 .net "res", 24 0, L_0x5617e2c26950;  alias, 1 drivers
L_0x5617e2c25aa0 .part v0x5617e2c01ca0_5, 24, 1;
L_0x5617e2c25b90 .part v0x5617e2c020b0_5, 24, 1;
L_0x5617e2c25d90 .arith/sub 25, v0x5617e2c01ca0_5, v0x5617e2c020b0_5;
L_0x5617e2c25ea0 .arith/sum 25, v0x5617e2c01ca0_5, v0x5617e2c020b0_5;
L_0x5617e2c26060 .functor MUXZ 25, L_0x5617e2c25ea0, L_0x5617e2c25d90, L_0x5617e2c25c80, C4<>;
L_0x5617e2c26150 .part L_0x5617e2c26060, 0, 24;
L_0x5617e2c26240 .cmp/eq 24, L_0x5617e2c26150, L_0x7effee16b7b8;
L_0x5617e2c26380 .cmp/gt 25, v0x5617e2c020b0_5, v0x5617e2c01ca0_5;
L_0x5617e2c26470 .part v0x5617e2c020b0_5, 24, 1;
L_0x5617e2c26510 .part v0x5617e2c01ca0_5, 24, 1;
L_0x5617e2c26610 .functor MUXZ 1, L_0x5617e2c26510, L_0x5617e2c26470, L_0x5617e2c26380, C4<>;
L_0x5617e2c26750 .functor MUXZ 1, L_0x5617e2c26610, L_0x7effee16b800, L_0x5617e2c26240, C4<>;
L_0x5617e2c26950 .concat8 [ 24 1 0 0], L_0x5617e2c25e30, L_0x5617e2c26750;
S_0x5617e2bdba80 .scope module, "sum_r" "b25_add" 3 66, 4 1 0, S_0x5617e2bd9ca0;
 .timescale 0 0;
    .port_info 0 /INPUT 25 "a";
    .port_info 1 /INPUT 25 "b";
    .port_info 2 /OUTPUT 25 "res";
L_0x5617e2c24c00 .functor XOR 1, L_0x5617e2c24a20, L_0x5617e2c24b10, C4<0>, C4<0>;
L_0x5617e2c24db0 .functor BUFZ 24, L_0x5617e2c250d0, C4<000000000000000000000000>, C4<000000000000000000000000>, C4<000000000000000000000000>;
v0x5617e2bdbc60_0 .net *"_ivl_1", 0 0, L_0x5617e2c24a20;  1 drivers
v0x5617e2bdbd40_0 .net *"_ivl_10", 24 0, L_0x5617e2c24fe0;  1 drivers
L_0x7effee16b728 .functor BUFT 1, C4<000000000000000000000000>, C4<0>, C4<0>, C4<0>;
v0x5617e2bdbe20_0 .net/2u *"_ivl_16", 23 0, L_0x7effee16b728;  1 drivers
v0x5617e2bdbee0_0 .net *"_ivl_18", 0 0, L_0x5617e2c25200;  1 drivers
L_0x7effee16b770 .functor BUFT 1, C4<0>, C4<0>, C4<0>, C4<0>;
v0x5617e2bdbfa0_0 .net/2u *"_ivl_20", 0 0, L_0x7effee16b770;  1 drivers
v0x5617e2bdc0d0_0 .net *"_ivl_22", 0 0, L_0x5617e2c25340;  1 drivers
v0x5617e2bdc190_0 .net *"_ivl_25", 0 0, L_0x5617e2c25430;  1 drivers
v0x5617e2bdc270_0 .net *"_ivl_27", 0 0, L_0x5617e2c254d0;  1 drivers
v0x5617e2bdc350_0 .net *"_ivl_28", 0 0, L_0x5617e2c255d0;  1 drivers
v0x5617e2bdc430_0 .net *"_ivl_3", 0 0, L_0x5617e2c24b10;  1 drivers
v0x5617e2bdc510_0 .net *"_ivl_30", 0 0, L_0x5617e2c25710;  1 drivers
v0x5617e2bdc5f0_0 .net *"_ivl_36", 23 0, L_0x5617e2c24db0;  1 drivers
v0x5617e2bdc6d0_0 .net *"_ivl_4", 0 0, L_0x5617e2c24c00;  1 drivers
v0x5617e2bdc7b0_0 .net *"_ivl_6", 24 0, L_0x5617e2c24d10;  1 drivers
v0x5617e2bdc890_0 .net *"_ivl_8", 24 0, L_0x5617e2c24e20;  1 drivers
v0x5617e2c01ca0_4 .array/port v0x5617e2c01ca0, 4;
v0x5617e2bdc970_0 .net "a", 24 0, v0x5617e2c01ca0_4;  1 drivers
v0x5617e2c020b0_4 .array/port v0x5617e2c020b0, 4;
v0x5617e2bdca50_0 .net "b", 24 0, v0x5617e2c020b0_4;  1 drivers
v0x5617e2bdcc40_0 .net "buff", 23 0, L_0x5617e2c250d0;  1 drivers
v0x5617e2bdcd20_0 .net "res", 24 0, L_0x5617e2c25910;  alias, 1 drivers
L_0x5617e2c24a20 .part v0x5617e2c01ca0_4, 24, 1;
L_0x5617e2c24b10 .part v0x5617e2c020b0_4, 24, 1;
L_0x5617e2c24d10 .arith/sub 25, v0x5617e2c01ca0_4, v0x5617e2c020b0_4;
L_0x5617e2c24e20 .arith/sum 25, v0x5617e2c01ca0_4, v0x5617e2c020b0_4;
L_0x5617e2c24fe0 .functor MUXZ 25, L_0x5617e2c24e20, L_0x5617e2c24d10, L_0x5617e2c24c00, C4<>;
L_0x5617e2c250d0 .part L_0x5617e2c24fe0, 0, 24;
L_0x5617e2c25200 .cmp/eq 24, L_0x5617e2c250d0, L_0x7effee16b728;
L_0x5617e2c25340 .cmp/gt 25, v0x5617e2c020b0_4, v0x5617e2c01ca0_4;
L_0x5617e2c25430 .part v0x5617e2c020b0_4, 24, 1;
L_0x5617e2c254d0 .part v0x5617e2c01ca0_4, 24, 1;
L_0x5617e2c255d0 .functor MUXZ 1, L_0x5617e2c254d0, L_0x5617e2c25430, L_0x5617e2c25340, C4<>;
L_0x5617e2c25710 .functor MUXZ 1, L_0x5617e2c255d0, L_0x7effee16b770, L_0x5617e2c25200, C4<>;
L_0x5617e2c25910 .concat8 [ 24 1 0 0], L_0x5617e2c24db0, L_0x5617e2c25710;
S_0x5617e2bdd3a0 .scope generate, "gen_loop[3]" "gen_loop[3]" 3 63, 3 63 0, S_0x5617e2aefdf0;
 .timescale 0 0;
P_0x5617e2bdd5a0 .param/l "o_id" 0 3 63, +C4<011>;
L_0x7effee16b9f8 .functor BUFT 1, C4<00>, C4<0>, C4<0>, C4<0>;
v0x5617e2be05d0_0 .net/2u *"_ivl_10", 1 0, L_0x7effee16b9f8;  1 drivers
v0x5617e2be06b0_0 .net *"_ivl_14", 21 0, L_0x5617e2c29260;  1 drivers
v0x5617e2be0790_0 .net *"_ivl_20", 0 0, L_0x5617e2c294d0;  1 drivers
L_0x7effee16ba40 .functor BUFT 1, C4<00>, C4<0>, C4<0>, C4<0>;
v0x5617e2be0850_0 .net/2u *"_ivl_21", 1 0, L_0x7effee16ba40;  1 drivers
v0x5617e2be0930_0 .net *"_ivl_25", 21 0, L_0x5617e2c29570;  1 drivers
v0x5617e2be0a10_0 .net *"_ivl_9", 0 0, L_0x5617e2c291c0;  1 drivers
L_0x5617e2c291c0 .part L_0x5617e2c27ff0, 24, 1;
L_0x5617e2c29260 .part L_0x5617e2c27ff0, 2, 22;
L_0x5617e2c29390 .concat [ 22 2 1 0], L_0x5617e2c29260, L_0x7effee16b9f8, L_0x5617e2c291c0;
L_0x5617e2c294d0 .part L_0x5617e2c29030, 24, 1;
L_0x5617e2c29570 .part L_0x5617e2c29030, 2, 22;
L_0x5617e2c296a0 .concat [ 22 2 1 0], L_0x5617e2c29570, L_0x7effee16ba40, L_0x5617e2c294d0;
S_0x5617e2bdd680 .scope begin, "clk_process" "clk_process" 3 79, 3 79 0, S_0x5617e2bdd3a0;
 .timescale 0 0;
v0x5617e2bdd860_0 .var "c", 24 0;
v0x5617e2bdd960_0 .var "ci", 24 0;
v0x5617e2bdda40_0 .var/2u "i_id", 31 0;
v0x5617e2bddb00_0 .var/2u "w", 31 0;
v0x5617e2bddbe0_0 .var/2u "wi", 31 0;
S_0x5617e2bddd10 .scope module, "sum_i" "b25_add" 3 72, 4 1 0, S_0x5617e2bdd3a0;
 .timescale 0 0;
    .port_info 0 /INPUT 25 "a";
    .port_info 1 /INPUT 25 "b";
    .port_info 2 /OUTPUT 25 "res";
L_0x5617e2c28360 .functor XOR 1, L_0x5617e2c28180, L_0x5617e2c28270, C4<0>, C4<0>;
L_0x5617e2c28510 .functor BUFZ 24, L_0x5617e2c28830, C4<000000000000000000000000>, C4<000000000000000000000000>, C4<000000000000000000000000>;
v0x5617e2bddf60_0 .net *"_ivl_1", 0 0, L_0x5617e2c28180;  1 drivers
v0x5617e2bde060_0 .net *"_ivl_10", 24 0, L_0x5617e2c28740;  1 drivers
L_0x7effee16b968 .functor BUFT 1, C4<000000000000000000000000>, C4<0>, C4<0>, C4<0>;
v0x5617e2bde140_0 .net/2u *"_ivl_16", 23 0, L_0x7effee16b968;  1 drivers
v0x5617e2bde200_0 .net *"_ivl_18", 0 0, L_0x5617e2c28920;  1 drivers
L_0x7effee16b9b0 .functor BUFT 1, C4<0>, C4<0>, C4<0>, C4<0>;
v0x5617e2bde2c0_0 .net/2u *"_ivl_20", 0 0, L_0x7effee16b9b0;  1 drivers
v0x5617e2bde3f0_0 .net *"_ivl_22", 0 0, L_0x5617e2c28a60;  1 drivers
v0x5617e2bde4b0_0 .net *"_ivl_25", 0 0, L_0x5617e2c28b50;  1 drivers
v0x5617e2bde590_0 .net *"_ivl_27", 0 0, L_0x5617e2c28bf0;  1 drivers
v0x5617e2bde670_0 .net *"_ivl_28", 0 0, L_0x5617e2c28cf0;  1 drivers
v0x5617e2bde750_0 .net *"_ivl_3", 0 0, L_0x5617e2c28270;  1 drivers
v0x5617e2bde830_0 .net *"_ivl_30", 0 0, L_0x5617e2c28e30;  1 drivers
v0x5617e2bde910_0 .net *"_ivl_36", 23 0, L_0x5617e2c28510;  1 drivers
v0x5617e2bde9f0_0 .net *"_ivl_4", 0 0, L_0x5617e2c28360;  1 drivers
v0x5617e2bdead0_0 .net *"_ivl_6", 24 0, L_0x5617e2c28470;  1 drivers
v0x5617e2bdebb0_0 .net *"_ivl_8", 24 0, L_0x5617e2c28580;  1 drivers
v0x5617e2c01ca0_7 .array/port v0x5617e2c01ca0, 7;
v0x5617e2bdec90_0 .net "a", 24 0, v0x5617e2c01ca0_7;  1 drivers
v0x5617e2c020b0_7 .array/port v0x5617e2c020b0, 7;
v0x5617e2bded70_0 .net "b", 24 0, v0x5617e2c020b0_7;  1 drivers
v0x5617e2bdef60_0 .net "buff", 23 0, L_0x5617e2c28830;  1 drivers
v0x5617e2bdf040_0 .net "res", 24 0, L_0x5617e2c29030;  alias, 1 drivers
L_0x5617e2c28180 .part v0x5617e2c01ca0_7, 24, 1;
L_0x5617e2c28270 .part v0x5617e2c020b0_7, 24, 1;
L_0x5617e2c28470 .arith/sub 25, v0x5617e2c01ca0_7, v0x5617e2c020b0_7;
L_0x5617e2c28580 .arith/sum 25, v0x5617e2c01ca0_7, v0x5617e2c020b0_7;
L_0x5617e2c28740 .functor MUXZ 25, L_0x5617e2c28580, L_0x5617e2c28470, L_0x5617e2c28360, C4<>;
L_0x5617e2c28830 .part L_0x5617e2c28740, 0, 24;
L_0x5617e2c28920 .cmp/eq 24, L_0x5617e2c28830, L_0x7effee16b968;
L_0x5617e2c28a60 .cmp/gt 25, v0x5617e2c020b0_7, v0x5617e2c01ca0_7;
L_0x5617e2c28b50 .part v0x5617e2c020b0_7, 24, 1;
L_0x5617e2c28bf0 .part v0x5617e2c01ca0_7, 24, 1;
L_0x5617e2c28cf0 .functor MUXZ 1, L_0x5617e2c28bf0, L_0x5617e2c28b50, L_0x5617e2c28a60, C4<>;
L_0x5617e2c28e30 .functor MUXZ 1, L_0x5617e2c28cf0, L_0x7effee16b9b0, L_0x5617e2c28920, C4<>;
L_0x5617e2c29030 .concat8 [ 24 1 0 0], L_0x5617e2c28510, L_0x5617e2c28e30;
S_0x5617e2bdf1a0 .scope module, "sum_r" "b25_add" 3 66, 4 1 0, S_0x5617e2bdd3a0;
 .timescale 0 0;
    .port_info 0 /INPUT 25 "a";
    .port_info 1 /INPUT 25 "b";
    .port_info 2 /OUTPUT 25 "res";
L_0x5617e2c272e0 .functor XOR 1, L_0x5617e2c27100, L_0x5617e2c271f0, C4<0>, C4<0>;
L_0x5617e2c27490 .functor BUFZ 24, L_0x5617e2c277b0, C4<000000000000000000000000>, C4<000000000000000000000000>, C4<000000000000000000000000>;
v0x5617e2bdf380_0 .net *"_ivl_1", 0 0, L_0x5617e2c27100;  1 drivers
v0x5617e2bdf460_0 .net *"_ivl_10", 24 0, L_0x5617e2c276c0;  1 drivers
L_0x7effee16b8d8 .functor BUFT 1, C4<000000000000000000000000>, C4<0>, C4<0>, C4<0>;
v0x5617e2bdf540_0 .net/2u *"_ivl_16", 23 0, L_0x7effee16b8d8;  1 drivers
v0x5617e2bdf630_0 .net *"_ivl_18", 0 0, L_0x5617e2c278e0;  1 drivers
L_0x7effee16b920 .functor BUFT 1, C4<0>, C4<0>, C4<0>, C4<0>;
v0x5617e2bdf6f0_0 .net/2u *"_ivl_20", 0 0, L_0x7effee16b920;  1 drivers
v0x5617e2bdf820_0 .net *"_ivl_22", 0 0, L_0x5617e2c27a20;  1 drivers
v0x5617e2bdf8e0_0 .net *"_ivl_25", 0 0, L_0x5617e2c27b10;  1 drivers
v0x5617e2bdf9c0_0 .net *"_ivl_27", 0 0, L_0x5617e2c27bb0;  1 drivers
v0x5617e2bdfaa0_0 .net *"_ivl_28", 0 0, L_0x5617e2c27cb0;  1 drivers
v0x5617e2bdfb80_0 .net *"_ivl_3", 0 0, L_0x5617e2c271f0;  1 drivers
v0x5617e2bdfc60_0 .net *"_ivl_30", 0 0, L_0x5617e2c27df0;  1 drivers
v0x5617e2bdfd40_0 .net *"_ivl_36", 23 0, L_0x5617e2c27490;  1 drivers
v0x5617e2bdfe20_0 .net *"_ivl_4", 0 0, L_0x5617e2c272e0;  1 drivers
v0x5617e2bdff00_0 .net *"_ivl_6", 24 0, L_0x5617e2c273f0;  1 drivers
v0x5617e2bdffe0_0 .net *"_ivl_8", 24 0, L_0x5617e2c27500;  1 drivers
v0x5617e2c01ca0_6 .array/port v0x5617e2c01ca0, 6;
v0x5617e2be00c0_0 .net "a", 24 0, v0x5617e2c01ca0_6;  1 drivers
v0x5617e2c020b0_6 .array/port v0x5617e2c020b0, 6;
v0x5617e2be01a0_0 .net "b", 24 0, v0x5617e2c020b0_6;  1 drivers
v0x5617e2be0390_0 .net "buff", 23 0, L_0x5617e2c277b0;  1 drivers
v0x5617e2be0470_0 .net "res", 24 0, L_0x5617e2c27ff0;  alias, 1 drivers
L_0x5617e2c27100 .part v0x5617e2c01ca0_6, 24, 1;
L_0x5617e2c271f0 .part v0x5617e2c020b0_6, 24, 1;
L_0x5617e2c273f0 .arith/sub 25, v0x5617e2c01ca0_6, v0x5617e2c020b0_6;
L_0x5617e2c27500 .arith/sum 25, v0x5617e2c01ca0_6, v0x5617e2c020b0_6;
L_0x5617e2c276c0 .functor MUXZ 25, L_0x5617e2c27500, L_0x5617e2c273f0, L_0x5617e2c272e0, C4<>;
L_0x5617e2c277b0 .part L_0x5617e2c276c0, 0, 24;
L_0x5617e2c278e0 .cmp/eq 24, L_0x5617e2c277b0, L_0x7effee16b8d8;
L_0x5617e2c27a20 .cmp/gt 25, v0x5617e2c020b0_6, v0x5617e2c01ca0_6;
L_0x5617e2c27b10 .part v0x5617e2c020b0_6, 24, 1;
L_0x5617e2c27bb0 .part v0x5617e2c01ca0_6, 24, 1;
L_0x5617e2c27cb0 .functor MUXZ 1, L_0x5617e2c27bb0, L_0x5617e2c27b10, L_0x5617e2c27a20, C4<>;
L_0x5617e2c27df0 .functor MUXZ 1, L_0x5617e2c27cb0, L_0x7effee16b920, L_0x5617e2c278e0, C4<>;
L_0x5617e2c27ff0 .concat8 [ 24 1 0 0], L_0x5617e2c27490, L_0x5617e2c27df0;
S_0x5617e2be0af0 .scope generate, "gen_loop[4]" "gen_loop[4]" 3 63, 3 63 0, S_0x5617e2aefdf0;
 .timescale 0 0;
P_0x5617e2be0d40 .param/l "o_id" 0 3 63, +C4<0100>;
L_0x7effee16bba8 .functor BUFT 1, C4<00>, C4<0>, C4<0>, C4<0>;
v0x5617e2be3d40_0 .net/2u *"_ivl_10", 1 0, L_0x7effee16bba8;  1 drivers
v0x5617e2be3e20_0 .net *"_ivl_14", 21 0, L_0x5617e2c2b880;  1 drivers
v0x5617e2be3f00_0 .net *"_ivl_20", 0 0, L_0x5617e2c2baf0;  1 drivers
L_0x7effee16bbf0 .functor BUFT 1, C4<00>, C4<0>, C4<0>, C4<0>;
v0x5617e2be3fc0_0 .net/2u *"_ivl_21", 1 0, L_0x7effee16bbf0;  1 drivers
v0x5617e2be40a0_0 .net *"_ivl_25", 21 0, L_0x5617e2c2bb90;  1 drivers
v0x5617e2be4180_0 .net *"_ivl_9", 0 0, L_0x5617e2c2b7e0;  1 drivers
L_0x5617e2c2b7e0 .part L_0x5617e2c2a670, 24, 1;
L_0x5617e2c2b880 .part L_0x5617e2c2a670, 2, 22;
L_0x5617e2c2b9b0 .concat [ 22 2 1 0], L_0x5617e2c2b880, L_0x7effee16bba8, L_0x5617e2c2b7e0;
L_0x5617e2c2baf0 .part L_0x5617e2c2b650, 24, 1;
L_0x5617e2c2bb90 .part L_0x5617e2c2b650, 2, 22;
L_0x5617e2c2bcc0 .concat [ 22 2 1 0], L_0x5617e2c2bb90, L_0x7effee16bbf0, L_0x5617e2c2baf0;
S_0x5617e2be0e20 .scope begin, "clk_process" "clk_process" 3 79, 3 79 0, S_0x5617e2be0af0;
 .timescale 0 0;
v0x5617e2be1000_0 .var "c", 24 0;
v0x5617e2be1100_0 .var "ci", 24 0;
v0x5617e2be11e0_0 .var/2u "i_id", 31 0;
v0x5617e2be12a0_0 .var/2u "w", 31 0;
v0x5617e2be1380_0 .var/2u "wi", 31 0;
S_0x5617e2be14b0 .scope module, "sum_i" "b25_add" 3 72, 4 1 0, S_0x5617e2be0af0;
 .timescale 0 0;
    .port_info 0 /INPUT 25 "a";
    .port_info 1 /INPUT 25 "b";
    .port_info 2 /OUTPUT 25 "res";
L_0x5617e2c2a9e0 .functor XOR 1, L_0x5617e2c2a800, L_0x5617e2c2a8f0, C4<0>, C4<0>;
L_0x5617e2c2ab90 .functor BUFZ 24, L_0x5617e2c2aeb0, C4<000000000000000000000000>, C4<000000000000000000000000>, C4<000000000000000000000000>;
v0x5617e2be1700_0 .net *"_ivl_1", 0 0, L_0x5617e2c2a800;  1 drivers
v0x5617e2be1800_0 .net *"_ivl_10", 24 0, L_0x5617e2c2adc0;  1 drivers
L_0x7effee16bb18 .functor BUFT 1, C4<000000000000000000000000>, C4<0>, C4<0>, C4<0>;
v0x5617e2be18e0_0 .net/2u *"_ivl_16", 23 0, L_0x7effee16bb18;  1 drivers
v0x5617e2be19a0_0 .net *"_ivl_18", 0 0, L_0x5617e2c2afa0;  1 drivers
L_0x7effee16bb60 .functor BUFT 1, C4<0>, C4<0>, C4<0>, C4<0>;
v0x5617e2be1a60_0 .net/2u *"_ivl_20", 0 0, L_0x7effee16bb60;  1 drivers
v0x5617e2be1b90_0 .net *"_ivl_22", 0 0, L_0x5617e2c2b0e0;  1 drivers
v0x5617e2be1c50_0 .net *"_ivl_25", 0 0, L_0x5617e2c2b1d0;  1 drivers
v0x5617e2be1d30_0 .net *"_ivl_27", 0 0, L_0x5617e2c2b270;  1 drivers
v0x5617e2be1e10_0 .net *"_ivl_28", 0 0, L_0x5617e2c2b310;  1 drivers
v0x5617e2be1ef0_0 .net *"_ivl_3", 0 0, L_0x5617e2c2a8f0;  1 drivers
v0x5617e2be1fd0_0 .net *"_ivl_30", 0 0, L_0x5617e2c2b450;  1 drivers
v0x5617e2be20b0_0 .net *"_ivl_36", 23 0, L_0x5617e2c2ab90;  1 drivers
v0x5617e2be2190_0 .net *"_ivl_4", 0 0, L_0x5617e2c2a9e0;  1 drivers
v0x5617e2be2270_0 .net *"_ivl_6", 24 0, L_0x5617e2c2aaf0;  1 drivers
v0x5617e2be2350_0 .net *"_ivl_8", 24 0, L_0x5617e2c2ac00;  1 drivers
v0x5617e2c01ca0_9 .array/port v0x5617e2c01ca0, 9;
v0x5617e2be2430_0 .net "a", 24 0, v0x5617e2c01ca0_9;  1 drivers
v0x5617e2c020b0_9 .array/port v0x5617e2c020b0, 9;
v0x5617e2be2510_0 .net "b", 24 0, v0x5617e2c020b0_9;  1 drivers
v0x5617e2be2700_0 .net "buff", 23 0, L_0x5617e2c2aeb0;  1 drivers
v0x5617e2be27e0_0 .net "res", 24 0, L_0x5617e2c2b650;  alias, 1 drivers
L_0x5617e2c2a800 .part v0x5617e2c01ca0_9, 24, 1;
L_0x5617e2c2a8f0 .part v0x5617e2c020b0_9, 24, 1;
L_0x5617e2c2aaf0 .arith/sub 25, v0x5617e2c01ca0_9, v0x5617e2c020b0_9;
L_0x5617e2c2ac00 .arith/sum 25, v0x5617e2c01ca0_9, v0x5617e2c020b0_9;
L_0x5617e2c2adc0 .functor MUXZ 25, L_0x5617e2c2ac00, L_0x5617e2c2aaf0, L_0x5617e2c2a9e0, C4<>;
L_0x5617e2c2aeb0 .part L_0x5617e2c2adc0, 0, 24;
L_0x5617e2c2afa0 .cmp/eq 24, L_0x5617e2c2aeb0, L_0x7effee16bb18;
L_0x5617e2c2b0e0 .cmp/gt 25, v0x5617e2c020b0_9, v0x5617e2c01ca0_9;
L_0x5617e2c2b1d0 .part v0x5617e2c020b0_9, 24, 1;
L_0x5617e2c2b270 .part v0x5617e2c01ca0_9, 24, 1;
L_0x5617e2c2b310 .functor MUXZ 1, L_0x5617e2c2b270, L_0x5617e2c2b1d0, L_0x5617e2c2b0e0, C4<>;
L_0x5617e2c2b450 .functor MUXZ 1, L_0x5617e2c2b310, L_0x7effee16bb60, L_0x5617e2c2afa0, C4<>;
L_0x5617e2c2b650 .concat8 [ 24 1 0 0], L_0x5617e2c2ab90, L_0x5617e2c2b450;
S_0x5617e2be2940 .scope module, "sum_r" "b25_add" 3 66, 4 1 0, S_0x5617e2be0af0;
 .timescale 0 0;
    .port_info 0 /INPUT 25 "a";
    .port_info 1 /INPUT 25 "b";
    .port_info 2 /OUTPUT 25 "res";
L_0x5617e2c299c0 .functor XOR 1, L_0x5617e2c297e0, L_0x5617e2c298d0, C4<0>, C4<0>;
L_0x5617e2c29b70 .functor BUFZ 24, L_0x5617e2c29e90, C4<000000000000000000000000>, C4<000000000000000000000000>, C4<000000000000000000000000>;
v0x5617e2be2b20_0 .net *"_ivl_1", 0 0, L_0x5617e2c297e0;  1 drivers
v0x5617e2be2c00_0 .net *"_ivl_10", 24 0, L_0x5617e2c29da0;  1 drivers
L_0x7effee16ba88 .functor BUFT 1, C4<000000000000000000000000>, C4<0>, C4<0>, C4<0>;
v0x5617e2be2ce0_0 .net/2u *"_ivl_16", 23 0, L_0x7effee16ba88;  1 drivers
v0x5617e2be2da0_0 .net *"_ivl_18", 0 0, L_0x5617e2c29fc0;  1 drivers
L_0x7effee16bad0 .functor BUFT 1, C4<0>, C4<0>, C4<0>, C4<0>;
v0x5617e2be2e60_0 .net/2u *"_ivl_20", 0 0, L_0x7effee16bad0;  1 drivers
v0x5617e2be2f90_0 .net *"_ivl_22", 0 0, L_0x5617e2c2a100;  1 drivers
v0x5617e2be3050_0 .net *"_ivl_25", 0 0, L_0x5617e2c2a1f0;  1 drivers
v0x5617e2be3130_0 .net *"_ivl_27", 0 0, L_0x5617e2c2a290;  1 drivers
v0x5617e2be3210_0 .net *"_ivl_28", 0 0, L_0x5617e2c2a330;  1 drivers
v0x5617e2be32f0_0 .net *"_ivl_3", 0 0, L_0x5617e2c298d0;  1 drivers
v0x5617e2be33d0_0 .net *"_ivl_30", 0 0, L_0x5617e2c2a470;  1 drivers
v0x5617e2be34b0_0 .net *"_ivl_36", 23 0, L_0x5617e2c29b70;  1 drivers
v0x5617e2be3590_0 .net *"_ivl_4", 0 0, L_0x5617e2c299c0;  1 drivers
v0x5617e2be3670_0 .net *"_ivl_6", 24 0, L_0x5617e2c29ad0;  1 drivers
v0x5617e2be3750_0 .net *"_ivl_8", 24 0, L_0x5617e2c29be0;  1 drivers
v0x5617e2c01ca0_8 .array/port v0x5617e2c01ca0, 8;
v0x5617e2be3830_0 .net "a", 24 0, v0x5617e2c01ca0_8;  1 drivers
v0x5617e2c020b0_8 .array/port v0x5617e2c020b0, 8;
v0x5617e2be3910_0 .net "b", 24 0, v0x5617e2c020b0_8;  1 drivers
v0x5617e2be3b00_0 .net "buff", 23 0, L_0x5617e2c29e90;  1 drivers
v0x5617e2be3be0_0 .net "res", 24 0, L_0x5617e2c2a670;  alias, 1 drivers
L_0x5617e2c297e0 .part v0x5617e2c01ca0_8, 24, 1;
L_0x5617e2c298d0 .part v0x5617e2c020b0_8, 24, 1;
L_0x5617e2c29ad0 .arith/sub 25, v0x5617e2c01ca0_8, v0x5617e2c020b0_8;
L_0x5617e2c29be0 .arith/sum 25, v0x5617e2c01ca0_8, v0x5617e2c020b0_8;
L_0x5617e2c29da0 .functor MUXZ 25, L_0x5617e2c29be0, L_0x5617e2c29ad0, L_0x5617e2c299c0, C4<>;
L_0x5617e2c29e90 .part L_0x5617e2c29da0, 0, 24;
L_0x5617e2c29fc0 .cmp/eq 24, L_0x5617e2c29e90, L_0x7effee16ba88;
L_0x5617e2c2a100 .cmp/gt 25, v0x5617e2c020b0_8, v0x5617e2c01ca0_8;
L_0x5617e2c2a1f0 .part v0x5617e2c020b0_8, 24, 1;
L_0x5617e2c2a290 .part v0x5617e2c01ca0_8, 24, 1;
L_0x5617e2c2a330 .functor MUXZ 1, L_0x5617e2c2a290, L_0x5617e2c2a1f0, L_0x5617e2c2a100, C4<>;
L_0x5617e2c2a470 .functor MUXZ 1, L_0x5617e2c2a330, L_0x7effee16bad0, L_0x5617e2c29fc0, C4<>;
L_0x5617e2c2a670 .concat8 [ 24 1 0 0], L_0x5617e2c29b70, L_0x5617e2c2a470;
S_0x5617e2be4260 .scope generate, "gen_loop[5]" "gen_loop[5]" 3 63, 3 63 0, S_0x5617e2aefdf0;
 .timescale 0 0;
P_0x5617e2be4460 .param/l "o_id" 0 3 63, +C4<0101>;
L_0x7effee16bd58 .functor BUFT 1, C4<00>, C4<0>, C4<0>, C4<0>;
v0x5617e2be7490_0 .net/2u *"_ivl_10", 1 0, L_0x7effee16bd58;  1 drivers
v0x5617e2be7570_0 .net *"_ivl_14", 21 0, L_0x5617e2c2dea0;  1 drivers
v0x5617e2be7650_0 .net *"_ivl_20", 0 0, L_0x5617e2c2e110;  1 drivers
L_0x7effee16bda0 .functor BUFT 1, C4<00>, C4<0>, C4<0>, C4<0>;
v0x5617e2be7710_0 .net/2u *"_ivl_21", 1 0, L_0x7effee16bda0;  1 drivers
v0x5617e2be77f0_0 .net *"_ivl_25", 21 0, L_0x5617e2c2e1b0;  1 drivers
v0x5617e2be78d0_0 .net *"_ivl_9", 0 0, L_0x5617e2c2de00;  1 drivers
L_0x5617e2c2de00 .part L_0x5617e2c2cc90, 24, 1;
L_0x5617e2c2dea0 .part L_0x5617e2c2cc90, 2, 22;
L_0x5617e2c2dfd0 .concat [ 22 2 1 0], L_0x5617e2c2dea0, L_0x7effee16bd58, L_0x5617e2c2de00;
L_0x5617e2c2e110 .part L_0x5617e2c2dc70, 24, 1;
L_0x5617e2c2e1b0 .part L_0x5617e2c2dc70, 2, 22;
L_0x5617e2c2e2e0 .concat [ 22 2 1 0], L_0x5617e2c2e1b0, L_0x7effee16bda0, L_0x5617e2c2e110;
S_0x5617e2be4540 .scope begin, "clk_process" "clk_process" 3 79, 3 79 0, S_0x5617e2be4260;
 .timescale 0 0;
v0x5617e2be4720_0 .var "c", 24 0;
v0x5617e2be4820_0 .var "ci", 24 0;
v0x5617e2be4900_0 .var/2u "i_id", 31 0;
v0x5617e2be49c0_0 .var/2u "w", 31 0;
v0x5617e2be4aa0_0 .var/2u "wi", 31 0;
S_0x5617e2be4bd0 .scope module, "sum_i" "b25_add" 3 72, 4 1 0, S_0x5617e2be4260;
 .timescale 0 0;
    .port_info 0 /INPUT 25 "a";
    .port_info 1 /INPUT 25 "b";
    .port_info 2 /OUTPUT 25 "res";
L_0x5617e2c2d000 .functor XOR 1, L_0x5617e2c2ce20, L_0x5617e2c2cf10, C4<0>, C4<0>;
L_0x5617e2c2d1b0 .functor BUFZ 24, L_0x5617e2c2d4d0, C4<000000000000000000000000>, C4<000000000000000000000000>, C4<000000000000000000000000>;
v0x5617e2be4e20_0 .net *"_ivl_1", 0 0, L_0x5617e2c2ce20;  1 drivers
v0x5617e2be4f20_0 .net *"_ivl_10", 24 0, L_0x5617e2c2d3e0;  1 drivers
L_0x7effee16bcc8 .functor BUFT 1, C4<000000000000000000000000>, C4<0>, C4<0>, C4<0>;
v0x5617e2be5000_0 .net/2u *"_ivl_16", 23 0, L_0x7effee16bcc8;  1 drivers
v0x5617e2be50c0_0 .net *"_ivl_18", 0 0, L_0x5617e2c2d5c0;  1 drivers
L_0x7effee16bd10 .functor BUFT 1, C4<0>, C4<0>, C4<0>, C4<0>;
v0x5617e2be5180_0 .net/2u *"_ivl_20", 0 0, L_0x7effee16bd10;  1 drivers
v0x5617e2be52b0_0 .net *"_ivl_22", 0 0, L_0x5617e2c2d700;  1 drivers
v0x5617e2be5370_0 .net *"_ivl_25", 0 0, L_0x5617e2c2d7f0;  1 drivers
v0x5617e2be5450_0 .net *"_ivl_27", 0 0, L_0x5617e2c2d890;  1 drivers
v0x5617e2be5530_0 .net *"_ivl_28", 0 0, L_0x5617e2c2d930;  1 drivers
v0x5617e2be5610_0 .net *"_ivl_3", 0 0, L_0x5617e2c2cf10;  1 drivers
v0x5617e2be56f0_0 .net *"_ivl_30", 0 0, L_0x5617e2c2da70;  1 drivers
v0x5617e2be57d0_0 .net *"_ivl_36", 23 0, L_0x5617e2c2d1b0;  1 drivers
v0x5617e2be58b0_0 .net *"_ivl_4", 0 0, L_0x5617e2c2d000;  1 drivers
v0x5617e2be5990_0 .net *"_ivl_6", 24 0, L_0x5617e2c2d110;  1 drivers
v0x5617e2be5a70_0 .net *"_ivl_8", 24 0, L_0x5617e2c2d220;  1 drivers
v0x5617e2c01ca0_11 .array/port v0x5617e2c01ca0, 11;
v0x5617e2be5b50_0 .net "a", 24 0, v0x5617e2c01ca0_11;  1 drivers
v0x5617e2c020b0_11 .array/port v0x5617e2c020b0, 11;
v0x5617e2be5c30_0 .net "b", 24 0, v0x5617e2c020b0_11;  1 drivers
v0x5617e2be5e20_0 .net "buff", 23 0, L_0x5617e2c2d4d0;  1 drivers
v0x5617e2be5f00_0 .net "res", 24 0, L_0x5617e2c2dc70;  alias, 1 drivers
L_0x5617e2c2ce20 .part v0x5617e2c01ca0_11, 24, 1;
L_0x5617e2c2cf10 .part v0x5617e2c020b0_11, 24, 1;
L_0x5617e2c2d110 .arith/sub 25, v0x5617e2c01ca0_11, v0x5617e2c020b0_11;
L_0x5617e2c2d220 .arith/sum 25, v0x5617e2c01ca0_11, v0x5617e2c020b0_11;
L_0x5617e2c2d3e0 .functor MUXZ 25, L_0x5617e2c2d220, L_0x5617e2c2d110, L_0x5617e2c2d000, C4<>;
L_0x5617e2c2d4d0 .part L_0x5617e2c2d3e0, 0, 24;
L_0x5617e2c2d5c0 .cmp/eq 24, L_0x5617e2c2d4d0, L_0x7effee16bcc8;
L_0x5617e2c2d700 .cmp/gt 25, v0x5617e2c020b0_11, v0x5617e2c01ca0_11;
L_0x5617e2c2d7f0 .part v0x5617e2c020b0_11, 24, 1;
L_0x5617e2c2d890 .part v0x5617e2c01ca0_11, 24, 1;
L_0x5617e2c2d930 .functor MUXZ 1, L_0x5617e2c2d890, L_0x5617e2c2d7f0, L_0x5617e2c2d700, C4<>;
L_0x5617e2c2da70 .functor MUXZ 1, L_0x5617e2c2d930, L_0x7effee16bd10, L_0x5617e2c2d5c0, C4<>;
L_0x5617e2c2dc70 .concat8 [ 24 1 0 0], L_0x5617e2c2d1b0, L_0x5617e2c2da70;
S_0x5617e2be6060 .scope module, "sum_r" "b25_add" 3 66, 4 1 0, S_0x5617e2be4260;
 .timescale 0 0;
    .port_info 0 /INPUT 25 "a";
    .port_info 1 /INPUT 25 "b";
    .port_info 2 /OUTPUT 25 "res";
L_0x5617e2c2bfe0 .functor XOR 1, L_0x5617e2c2be00, L_0x5617e2c2bef0, C4<0>, C4<0>;
L_0x5617e2c2c190 .functor BUFZ 24, L_0x5617e2c2c4b0, C4<000000000000000000000000>, C4<000000000000000000000000>, C4<000000000000000000000000>;
v0x5617e2be6240_0 .net *"_ivl_1", 0 0, L_0x5617e2c2be00;  1 drivers
v0x5617e2be6320_0 .net *"_ivl_10", 24 0, L_0x5617e2c2c3c0;  1 drivers
L_0x7effee16bc38 .functor BUFT 1, C4<000000000000000000000000>, C4<0>, C4<0>, C4<0>;
v0x5617e2be6400_0 .net/2u *"_ivl_16", 23 0, L_0x7effee16bc38;  1 drivers
v0x5617e2be64f0_0 .net *"_ivl_18", 0 0, L_0x5617e2c2c5e0;  1 drivers
L_0x7effee16bc80 .functor BUFT 1, C4<0>, C4<0>, C4<0>, C4<0>;
v0x5617e2be65b0_0 .net/2u *"_ivl_20", 0 0, L_0x7effee16bc80;  1 drivers
v0x5617e2be66e0_0 .net *"_ivl_22", 0 0, L_0x5617e2c2c720;  1 drivers
v0x5617e2be67a0_0 .net *"_ivl_25", 0 0, L_0x5617e2c2c810;  1 drivers
v0x5617e2be6880_0 .net *"_ivl_27", 0 0, L_0x5617e2c2c8b0;  1 drivers
v0x5617e2be6960_0 .net *"_ivl_28", 0 0, L_0x5617e2c2c950;  1 drivers
v0x5617e2be6a40_0 .net *"_ivl_3", 0 0, L_0x5617e2c2bef0;  1 drivers
v0x5617e2be6b20_0 .net *"_ivl_30", 0 0, L_0x5617e2c2ca90;  1 drivers
v0x5617e2be6c00_0 .net *"_ivl_36", 23 0, L_0x5617e2c2c190;  1 drivers
v0x5617e2be6ce0_0 .net *"_ivl_4", 0 0, L_0x5617e2c2bfe0;  1 drivers
v0x5617e2be6dc0_0 .net *"_ivl_6", 24 0, L_0x5617e2c2c0f0;  1 drivers
v0x5617e2be6ea0_0 .net *"_ivl_8", 24 0, L_0x5617e2c2c200;  1 drivers
v0x5617e2c01ca0_10 .array/port v0x5617e2c01ca0, 10;
v0x5617e2be6f80_0 .net "a", 24 0, v0x5617e2c01ca0_10;  1 drivers
v0x5617e2c020b0_10 .array/port v0x5617e2c020b0, 10;
v0x5617e2be7060_0 .net "b", 24 0, v0x5617e2c020b0_10;  1 drivers
v0x5617e2be7250_0 .net "buff", 23 0, L_0x5617e2c2c4b0;  1 drivers
v0x5617e2be7330_0 .net "res", 24 0, L_0x5617e2c2cc90;  alias, 1 drivers
L_0x5617e2c2be00 .part v0x5617e2c01ca0_10, 24, 1;
L_0x5617e2c2bef0 .part v0x5617e2c020b0_10, 24, 1;
L_0x5617e2c2c0f0 .arith/sub 25, v0x5617e2c01ca0_10, v0x5617e2c020b0_10;
L_0x5617e2c2c200 .arith/sum 25, v0x5617e2c01ca0_10, v0x5617e2c020b0_10;
L_0x5617e2c2c3c0 .functor MUXZ 25, L_0x5617e2c2c200, L_0x5617e2c2c0f0, L_0x5617e2c2bfe0, C4<>;
L_0x5617e2c2c4b0 .part L_0x5617e2c2c3c0, 0, 24;
L_0x5617e2c2c5e0 .cmp/eq 24, L_0x5617e2c2c4b0, L_0x7effee16bc38;
L_0x5617e2c2c720 .cmp/gt 25, v0x5617e2c020b0_10, v0x5617e2c01ca0_10;
L_0x5617e2c2c810 .part v0x5617e2c020b0_10, 24, 1;
L_0x5617e2c2c8b0 .part v0x5617e2c01ca0_10, 24, 1;
L_0x5617e2c2c950 .functor MUXZ 1, L_0x5617e2c2c8b0, L_0x5617e2c2c810, L_0x5617e2c2c720, C4<>;
L_0x5617e2c2ca90 .functor MUXZ 1, L_0x5617e2c2c950, L_0x7effee16bc80, L_0x5617e2c2c5e0, C4<>;
L_0x5617e2c2cc90 .concat8 [ 24 1 0 0], L_0x5617e2c2c190, L_0x5617e2c2ca90;
S_0x5617e2be79b0 .scope generate, "gen_loop[6]" "gen_loop[6]" 3 63, 3 63 0, S_0x5617e2aefdf0;
 .timescale 0 0;
P_0x5617e2be7bb0 .param/l "o_id" 0 3 63, +C4<0110>;
L_0x7effee16bf08 .functor BUFT 1, C4<00>, C4<0>, C4<0>, C4<0>;
v0x5617e2beabe0_0 .net/2u *"_ivl_10", 1 0, L_0x7effee16bf08;  1 drivers
v0x5617e2beacc0_0 .net *"_ivl_14", 21 0, L_0x5617e2c304c0;  1 drivers
v0x5617e2beada0_0 .net *"_ivl_20", 0 0, L_0x5617e2c30730;  1 drivers
L_0x7effee16bf50 .functor BUFT 1, C4<00>, C4<0>, C4<0>, C4<0>;
v0x5617e2beae60_0 .net/2u *"_ivl_21", 1 0, L_0x7effee16bf50;  1 drivers
v0x5617e2beaf40_0 .net *"_ivl_25", 21 0, L_0x5617e2c307d0;  1 drivers
v0x5617e2beb020_0 .net *"_ivl_9", 0 0, L_0x5617e2c30420;  1 drivers
L_0x5617e2c30420 .part L_0x5617e2c2f2b0, 24, 1;
L_0x5617e2c304c0 .part L_0x5617e2c2f2b0, 2, 22;
L_0x5617e2c305f0 .concat [ 22 2 1 0], L_0x5617e2c304c0, L_0x7effee16bf08, L_0x5617e2c30420;
L_0x5617e2c30730 .part L_0x5617e2c30290, 24, 1;
L_0x5617e2c307d0 .part L_0x5617e2c30290, 2, 22;
L_0x5617e2c30900 .concat [ 22 2 1 0], L_0x5617e2c307d0, L_0x7effee16bf50, L_0x5617e2c30730;
S_0x5617e2be7c90 .scope begin, "clk_process" "clk_process" 3 79, 3 79 0, S_0x5617e2be79b0;
 .timescale 0 0;
v0x5617e2be7e70_0 .var "c", 24 0;
v0x5617e2be7f70_0 .var "ci", 24 0;
v0x5617e2be8050_0 .var/2u "i_id", 31 0;
v0x5617e2be8110_0 .var/2u "w", 31 0;
v0x5617e2be81f0_0 .var/2u "wi", 31 0;
S_0x5617e2be8320 .scope module, "sum_i" "b25_add" 3 72, 4 1 0, S_0x5617e2be79b0;
 .timescale 0 0;
    .port_info 0 /INPUT 25 "a";
    .port_info 1 /INPUT 25 "b";
    .port_info 2 /OUTPUT 25 "res";
L_0x5617e2c2f620 .functor XOR 1, L_0x5617e2c2f440, L_0x5617e2c2f530, C4<0>, C4<0>;
L_0x5617e2c2f7d0 .functor BUFZ 24, L_0x5617e2c2faf0, C4<000000000000000000000000>, C4<000000000000000000000000>, C4<000000000000000000000000>;
v0x5617e2be8570_0 .net *"_ivl_1", 0 0, L_0x5617e2c2f440;  1 drivers
v0x5617e2be8670_0 .net *"_ivl_10", 24 0, L_0x5617e2c2fa00;  1 drivers
L_0x7effee16be78 .functor BUFT 1, C4<000000000000000000000000>, C4<0>, C4<0>, C4<0>;
v0x5617e2be8750_0 .net/2u *"_ivl_16", 23 0, L_0x7effee16be78;  1 drivers
v0x5617e2be8810_0 .net *"_ivl_18", 0 0, L_0x5617e2c2fbe0;  1 drivers
L_0x7effee16bec0 .functor BUFT 1, C4<0>, C4<0>, C4<0>, C4<0>;
v0x5617e2be88d0_0 .net/2u *"_ivl_20", 0 0, L_0x7effee16bec0;  1 drivers
v0x5617e2be8a00_0 .net *"_ivl_22", 0 0, L_0x5617e2c2fd20;  1 drivers
v0x5617e2be8ac0_0 .net *"_ivl_25", 0 0, L_0x5617e2c2fe10;  1 drivers
v0x5617e2be8ba0_0 .net *"_ivl_27", 0 0, L_0x5617e2c2feb0;  1 drivers
v0x5617e2be8c80_0 .net *"_ivl_28", 0 0, L_0x5617e2c2ff50;  1 drivers
v0x5617e2be8d60_0 .net *"_ivl_3", 0 0, L_0x5617e2c2f530;  1 drivers
v0x5617e2be8e40_0 .net *"_ivl_30", 0 0, L_0x5617e2c30090;  1 drivers
v0x5617e2be8f20_0 .net *"_ivl_36", 23 0, L_0x5617e2c2f7d0;  1 drivers
v0x5617e2be9000_0 .net *"_ivl_4", 0 0, L_0x5617e2c2f620;  1 drivers
v0x5617e2be90e0_0 .net *"_ivl_6", 24 0, L_0x5617e2c2f730;  1 drivers
v0x5617e2be91c0_0 .net *"_ivl_8", 24 0, L_0x5617e2c2f840;  1 drivers
v0x5617e2c01ca0_13 .array/port v0x5617e2c01ca0, 13;
v0x5617e2be92a0_0 .net "a", 24 0, v0x5617e2c01ca0_13;  1 drivers
v0x5617e2c020b0_13 .array/port v0x5617e2c020b0, 13;
v0x5617e2be9380_0 .net "b", 24 0, v0x5617e2c020b0_13;  1 drivers
v0x5617e2be9570_0 .net "buff", 23 0, L_0x5617e2c2faf0;  1 drivers
v0x5617e2be9650_0 .net "res", 24 0, L_0x5617e2c30290;  alias, 1 drivers
L_0x5617e2c2f440 .part v0x5617e2c01ca0_13, 24, 1;
L_0x5617e2c2f530 .part v0x5617e2c020b0_13, 24, 1;
L_0x5617e2c2f730 .arith/sub 25, v0x5617e2c01ca0_13, v0x5617e2c020b0_13;
L_0x5617e2c2f840 .arith/sum 25, v0x5617e2c01ca0_13, v0x5617e2c020b0_13;
L_0x5617e2c2fa00 .functor MUXZ 25, L_0x5617e2c2f840, L_0x5617e2c2f730, L_0x5617e2c2f620, C4<>;
L_0x5617e2c2faf0 .part L_0x5617e2c2fa00, 0, 24;
L_0x5617e2c2fbe0 .cmp/eq 24, L_0x5617e2c2faf0, L_0x7effee16be78;
L_0x5617e2c2fd20 .cmp/gt 25, v0x5617e2c020b0_13, v0x5617e2c01ca0_13;
L_0x5617e2c2fe10 .part v0x5617e2c020b0_13, 24, 1;
L_0x5617e2c2feb0 .part v0x5617e2c01ca0_13, 24, 1;
L_0x5617e2c2ff50 .functor MUXZ 1, L_0x5617e2c2feb0, L_0x5617e2c2fe10, L_0x5617e2c2fd20, C4<>;
L_0x5617e2c30090 .functor MUXZ 1, L_0x5617e2c2ff50, L_0x7effee16bec0, L_0x5617e2c2fbe0, C4<>;
L_0x5617e2c30290 .concat8 [ 24 1 0 0], L_0x5617e2c2f7d0, L_0x5617e2c30090;
S_0x5617e2be97b0 .scope module, "sum_r" "b25_add" 3 66, 4 1 0, S_0x5617e2be79b0;
 .timescale 0 0;
    .port_info 0 /INPUT 25 "a";
    .port_info 1 /INPUT 25 "b";
    .port_info 2 /OUTPUT 25 "res";
L_0x5617e2c2e600 .functor XOR 1, L_0x5617e2c2e420, L_0x5617e2c2e510, C4<0>, C4<0>;
L_0x5617e2c2e7b0 .functor BUFZ 24, L_0x5617e2c2ead0, C4<000000000000000000000000>, C4<000000000000000000000000>, C4<000000000000000000000000>;
v0x5617e2be9990_0 .net *"_ivl_1", 0 0, L_0x5617e2c2e420;  1 drivers
v0x5617e2be9a70_0 .net *"_ivl_10", 24 0, L_0x5617e2c2e9e0;  1 drivers
L_0x7effee16bde8 .functor BUFT 1, C4<000000000000000000000000>, C4<0>, C4<0>, C4<0>;
v0x5617e2be9b50_0 .net/2u *"_ivl_16", 23 0, L_0x7effee16bde8;  1 drivers
v0x5617e2be9c40_0 .net *"_ivl_18", 0 0, L_0x5617e2c2ec00;  1 drivers
L_0x7effee16be30 .functor BUFT 1, C4<0>, C4<0>, C4<0>, C4<0>;
v0x5617e2be9d00_0 .net/2u *"_ivl_20", 0 0, L_0x7effee16be30;  1 drivers
v0x5617e2be9e30_0 .net *"_ivl_22", 0 0, L_0x5617e2c2ed40;  1 drivers
v0x5617e2be9ef0_0 .net *"_ivl_25", 0 0, L_0x5617e2c2ee30;  1 drivers
v0x5617e2be9fd0_0 .net *"_ivl_27", 0 0, L_0x5617e2c2eed0;  1 drivers
v0x5617e2bea0b0_0 .net *"_ivl_28", 0 0, L_0x5617e2c2ef70;  1 drivers
v0x5617e2bea190_0 .net *"_ivl_3", 0 0, L_0x5617e2c2e510;  1 drivers
v0x5617e2bea270_0 .net *"_ivl_30", 0 0, L_0x5617e2c2f0b0;  1 drivers
v0x5617e2bea350_0 .net *"_ivl_36", 23 0, L_0x5617e2c2e7b0;  1 drivers
v0x5617e2bea430_0 .net *"_ivl_4", 0 0, L_0x5617e2c2e600;  1 drivers
v0x5617e2bea510_0 .net *"_ivl_6", 24 0, L_0x5617e2c2e710;  1 drivers
v0x5617e2bea5f0_0 .net *"_ivl_8", 24 0, L_0x5617e2c2e820;  1 drivers
v0x5617e2c01ca0_12 .array/port v0x5617e2c01ca0, 12;
v0x5617e2bea6d0_0 .net "a", 24 0, v0x5617e2c01ca0_12;  1 drivers
v0x5617e2c020b0_12 .array/port v0x5617e2c020b0, 12;
v0x5617e2bea7b0_0 .net "b", 24 0, v0x5617e2c020b0_12;  1 drivers
v0x5617e2bea9a0_0 .net "buff", 23 0, L_0x5617e2c2ead0;  1 drivers
v0x5617e2beaa80_0 .net "res", 24 0, L_0x5617e2c2f2b0;  alias, 1 drivers
L_0x5617e2c2e420 .part v0x5617e2c01ca0_12, 24, 1;
L_0x5617e2c2e510 .part v0x5617e2c020b0_12, 24, 1;
L_0x5617e2c2e710 .arith/sub 25, v0x5617e2c01ca0_12, v0x5617e2c020b0_12;
L_0x5617e2c2e820 .arith/sum 25, v0x5617e2c01ca0_12, v0x5617e2c020b0_12;
L_0x5617e2c2e9e0 .functor MUXZ 25, L_0x5617e2c2e820, L_0x5617e2c2e710, L_0x5617e2c2e600, C4<>;
L_0x5617e2c2ead0 .part L_0x5617e2c2e9e0, 0, 24;
L_0x5617e2c2ec00 .cmp/eq 24, L_0x5617e2c2ead0, L_0x7effee16bde8;
L_0x5617e2c2ed40 .cmp/gt 25, v0x5617e2c020b0_12, v0x5617e2c01ca0_12;
L_0x5617e2c2ee30 .part v0x5617e2c020b0_12, 24, 1;
L_0x5617e2c2eed0 .part v0x5617e2c01ca0_12, 24, 1;
L_0x5617e2c2ef70 .functor MUXZ 1, L_0x5617e2c2eed0, L_0x5617e2c2ee30, L_0x5617e2c2ed40, C4<>;
L_0x5617e2c2f0b0 .functor MUXZ 1, L_0x5617e2c2ef70, L_0x7effee16be30, L_0x5617e2c2ec00, C4<>;
L_0x5617e2c2f2b0 .concat8 [ 24 1 0 0], L_0x5617e2c2e7b0, L_0x5617e2c2f0b0;
S_0x5617e2beb100 .scope generate, "gen_loop[7]" "gen_loop[7]" 3 63, 3 63 0, S_0x5617e2aefdf0;
 .timescale 0 0;
P_0x5617e2beb300 .param/l "o_id" 0 3 63, +C4<0111>;
L_0x7effee16c0b8 .functor BUFT 1, C4<00>, C4<0>, C4<0>, C4<0>;
v0x5617e2bee330_0 .net/2u *"_ivl_10", 1 0, L_0x7effee16c0b8;  1 drivers
v0x5617e2bee410_0 .net *"_ivl_14", 21 0, L_0x5617e2c32ae0;  1 drivers
v0x5617e2bee4f0_0 .net *"_ivl_20", 0 0, L_0x5617e2c32d50;  1 drivers
L_0x7effee16c100 .functor BUFT 1, C4<00>, C4<0>, C4<0>, C4<0>;
v0x5617e2bee5b0_0 .net/2u *"_ivl_21", 1 0, L_0x7effee16c100;  1 drivers
v0x5617e2bee690_0 .net *"_ivl_25", 21 0, L_0x5617e2c32df0;  1 drivers
v0x5617e2bee770_0 .net *"_ivl_9", 0 0, L_0x5617e2c32a40;  1 drivers
L_0x5617e2c32a40 .part L_0x5617e2c318d0, 24, 1;
L_0x5617e2c32ae0 .part L_0x5617e2c318d0, 2, 22;
L_0x5617e2c32c10 .concat [ 22 2 1 0], L_0x5617e2c32ae0, L_0x7effee16c0b8, L_0x5617e2c32a40;
L_0x5617e2c32d50 .part L_0x5617e2c328b0, 24, 1;
L_0x5617e2c32df0 .part L_0x5617e2c328b0, 2, 22;
L_0x5617e2c32f20 .concat [ 22 2 1 0], L_0x5617e2c32df0, L_0x7effee16c100, L_0x5617e2c32d50;
S_0x5617e2beb3e0 .scope begin, "clk_process" "clk_process" 3 79, 3 79 0, S_0x5617e2beb100;
 .timescale 0 0;
v0x5617e2beb5c0_0 .var "c", 24 0;
v0x5617e2beb6c0_0 .var "ci", 24 0;
v0x5617e2beb7a0_0 .var/2u "i_id", 31 0;
v0x5617e2beb860_0 .var/2u "w", 31 0;
v0x5617e2beb940_0 .var/2u "wi", 31 0;
S_0x5617e2beba70 .scope module, "sum_i" "b25_add" 3 72, 4 1 0, S_0x5617e2beb100;
 .timescale 0 0;
    .port_info 0 /INPUT 25 "a";
    .port_info 1 /INPUT 25 "b";
    .port_info 2 /OUTPUT 25 "res";
L_0x5617e2c31c40 .functor XOR 1, L_0x5617e2c31a60, L_0x5617e2c31b50, C4<0>, C4<0>;
L_0x5617e2c31df0 .functor BUFZ 24, L_0x5617e2c32110, C4<000000000000000000000000>, C4<000000000000000000000000>, C4<000000000000000000000000>;
v0x5617e2bebcc0_0 .net *"_ivl_1", 0 0, L_0x5617e2c31a60;  1 drivers
v0x5617e2bebdc0_0 .net *"_ivl_10", 24 0, L_0x5617e2c32020;  1 drivers
L_0x7effee16c028 .functor BUFT 1, C4<000000000000000000000000>, C4<0>, C4<0>, C4<0>;
v0x5617e2bebea0_0 .net/2u *"_ivl_16", 23 0, L_0x7effee16c028;  1 drivers
v0x5617e2bebf60_0 .net *"_ivl_18", 0 0, L_0x5617e2c32200;  1 drivers
L_0x7effee16c070 .functor BUFT 1, C4<0>, C4<0>, C4<0>, C4<0>;
v0x5617e2bec020_0 .net/2u *"_ivl_20", 0 0, L_0x7effee16c070;  1 drivers
v0x5617e2bec150_0 .net *"_ivl_22", 0 0, L_0x5617e2c32340;  1 drivers
v0x5617e2bec210_0 .net *"_ivl_25", 0 0, L_0x5617e2c32430;  1 drivers
v0x5617e2bec2f0_0 .net *"_ivl_27", 0 0, L_0x5617e2c324d0;  1 drivers
v0x5617e2bec3d0_0 .net *"_ivl_28", 0 0, L_0x5617e2c32570;  1 drivers
v0x5617e2bec4b0_0 .net *"_ivl_3", 0 0, L_0x5617e2c31b50;  1 drivers
v0x5617e2bec590_0 .net *"_ivl_30", 0 0, L_0x5617e2c326b0;  1 drivers
v0x5617e2bec670_0 .net *"_ivl_36", 23 0, L_0x5617e2c31df0;  1 drivers
v0x5617e2bec750_0 .net *"_ivl_4", 0 0, L_0x5617e2c31c40;  1 drivers
v0x5617e2bec830_0 .net *"_ivl_6", 24 0, L_0x5617e2c31d50;  1 drivers
v0x5617e2bec910_0 .net *"_ivl_8", 24 0, L_0x5617e2c31e60;  1 drivers
v0x5617e2c01ca0_15 .array/port v0x5617e2c01ca0, 15;
v0x5617e2bec9f0_0 .net "a", 24 0, v0x5617e2c01ca0_15;  1 drivers
v0x5617e2c020b0_15 .array/port v0x5617e2c020b0, 15;
v0x5617e2becad0_0 .net "b", 24 0, v0x5617e2c020b0_15;  1 drivers
v0x5617e2beccc0_0 .net "buff", 23 0, L_0x5617e2c32110;  1 drivers
v0x5617e2becda0_0 .net "res", 24 0, L_0x5617e2c328b0;  alias, 1 drivers
L_0x5617e2c31a60 .part v0x5617e2c01ca0_15, 24, 1;
L_0x5617e2c31b50 .part v0x5617e2c020b0_15, 24, 1;
L_0x5617e2c31d50 .arith/sub 25, v0x5617e2c01ca0_15, v0x5617e2c020b0_15;
L_0x5617e2c31e60 .arith/sum 25, v0x5617e2c01ca0_15, v0x5617e2c020b0_15;
L_0x5617e2c32020 .functor MUXZ 25, L_0x5617e2c31e60, L_0x5617e2c31d50, L_0x5617e2c31c40, C4<>;
L_0x5617e2c32110 .part L_0x5617e2c32020, 0, 24;
L_0x5617e2c32200 .cmp/eq 24, L_0x5617e2c32110, L_0x7effee16c028;
L_0x5617e2c32340 .cmp/gt 25, v0x5617e2c020b0_15, v0x5617e2c01ca0_15;
L_0x5617e2c32430 .part v0x5617e2c020b0_15, 24, 1;
L_0x5617e2c324d0 .part v0x5617e2c01ca0_15, 24, 1;
L_0x5617e2c32570 .functor MUXZ 1, L_0x5617e2c324d0, L_0x5617e2c32430, L_0x5617e2c32340, C4<>;
L_0x5617e2c326b0 .functor MUXZ 1, L_0x5617e2c32570, L_0x7effee16c070, L_0x5617e2c32200, C4<>;
L_0x5617e2c328b0 .concat8 [ 24 1 0 0], L_0x5617e2c31df0, L_0x5617e2c326b0;
S_0x5617e2becf00 .scope module, "sum_r" "b25_add" 3 66, 4 1 0, S_0x5617e2beb100;
 .timescale 0 0;
    .port_info 0 /INPUT 25 "a";
    .port_info 1 /INPUT 25 "b";
    .port_info 2 /OUTPUT 25 "res";
L_0x5617e2c30c20 .functor XOR 1, L_0x5617e2c30a40, L_0x5617e2c30b30, C4<0>, C4<0>;
L_0x5617e2c30dd0 .functor BUFZ 24, L_0x5617e2c310f0, C4<000000000000000000000000>, C4<000000000000000000000000>, C4<000000000000000000000000>;
v0x5617e2bed0e0_0 .net *"_ivl_1", 0 0, L_0x5617e2c30a40;  1 drivers
v0x5617e2bed1c0_0 .net *"_ivl_10", 24 0, L_0x5617e2c31000;  1 drivers
L_0x7effee16bf98 .functor BUFT 1, C4<000000000000000000000000>, C4<0>, C4<0>, C4<0>;
v0x5617e2bed2a0_0 .net/2u *"_ivl_16", 23 0, L_0x7effee16bf98;  1 drivers
v0x5617e2bed390_0 .net *"_ivl_18", 0 0, L_0x5617e2c31220;  1 drivers
L_0x7effee16bfe0 .functor BUFT 1, C4<0>, C4<0>, C4<0>, C4<0>;
v0x5617e2bed450_0 .net/2u *"_ivl_20", 0 0, L_0x7effee16bfe0;  1 drivers
v0x5617e2bed580_0 .net *"_ivl_22", 0 0, L_0x5617e2c31360;  1 drivers
v0x5617e2bed640_0 .net *"_ivl_25", 0 0, L_0x5617e2c31450;  1 drivers
v0x5617e2bed720_0 .net *"_ivl_27", 0 0, L_0x5617e2c314f0;  1 drivers
v0x5617e2bed800_0 .net *"_ivl_28", 0 0, L_0x5617e2c31590;  1 drivers
v0x5617e2bed8e0_0 .net *"_ivl_3", 0 0, L_0x5617e2c30b30;  1 drivers
v0x5617e2bed9c0_0 .net *"_ivl_30", 0 0, L_0x5617e2c316d0;  1 drivers
v0x5617e2bedaa0_0 .net *"_ivl_36", 23 0, L_0x5617e2c30dd0;  1 drivers
v0x5617e2bedb80_0 .net *"_ivl_4", 0 0, L_0x5617e2c30c20;  1 drivers
v0x5617e2bedc60_0 .net *"_ivl_6", 24 0, L_0x5617e2c30d30;  1 drivers
v0x5617e2bedd40_0 .net *"_ivl_8", 24 0, L_0x5617e2c30e40;  1 drivers
v0x5617e2c01ca0_14 .array/port v0x5617e2c01ca0, 14;
v0x5617e2bede20_0 .net "a", 24 0, v0x5617e2c01ca0_14;  1 drivers
v0x5617e2c020b0_14 .array/port v0x5617e2c020b0, 14;
v0x5617e2bedf00_0 .net "b", 24 0, v0x5617e2c020b0_14;  1 drivers
v0x5617e2bee0f0_0 .net "buff", 23 0, L_0x5617e2c310f0;  1 drivers
v0x5617e2bee1d0_0 .net "res", 24 0, L_0x5617e2c318d0;  alias, 1 drivers
L_0x5617e2c30a40 .part v0x5617e2c01ca0_14, 24, 1;
L_0x5617e2c30b30 .part v0x5617e2c020b0_14, 24, 1;
L_0x5617e2c30d30 .arith/sub 25, v0x5617e2c01ca0_14, v0x5617e2c020b0_14;
L_0x5617e2c30e40 .arith/sum 25, v0x5617e2c01ca0_14, v0x5617e2c020b0_14;
L_0x5617e2c31000 .functor MUXZ 25, L_0x5617e2c30e40, L_0x5617e2c30d30, L_0x5617e2c30c20, C4<>;
L_0x5617e2c310f0 .part L_0x5617e2c31000, 0, 24;
L_0x5617e2c31220 .cmp/eq 24, L_0x5617e2c310f0, L_0x7effee16bf98;
L_0x5617e2c31360 .cmp/gt 25, v0x5617e2c020b0_14, v0x5617e2c01ca0_14;
L_0x5617e2c31450 .part v0x5617e2c020b0_14, 24, 1;
L_0x5617e2c314f0 .part v0x5617e2c01ca0_14, 24, 1;
L_0x5617e2c31590 .functor MUXZ 1, L_0x5617e2c314f0, L_0x5617e2c31450, L_0x5617e2c31360, C4<>;
L_0x5617e2c316d0 .functor MUXZ 1, L_0x5617e2c31590, L_0x7effee16bfe0, L_0x5617e2c31220, C4<>;
L_0x5617e2c318d0 .concat8 [ 24 1 0 0], L_0x5617e2c30dd0, L_0x5617e2c316d0;
S_0x5617e2bee850 .scope generate, "genblk1[0]" "genblk1[0]" 3 26, 3 26 0, S_0x5617e2aefdf0;
 .timescale 0 0;
P_0x5617e2be0cf0 .param/l "id" 0 3 26, +C4<00>;
L_0x5617e2bb08a0 .functor BUFZ 25, o0x7effee1bc378, C4<0000000000000000000000000>, C4<0000000000000000000000000>, C4<0000000000000000000000000>;
S_0x5617e2beeae0 .scope generate, "genblk1[1]" "genblk1[1]" 3 26, 3 26 0, S_0x5617e2aefdf0;
 .timescale 0 0;
P_0x5617e2beecc0 .param/l "id" 0 3 26, +C4<01>;
L_0x5617e2b9ea60 .functor BUFZ 25, o0x7effee1b8538, C4<0000000000000000000000000>, C4<0000000000000000000000000>, C4<0000000000000000000000000>;
S_0x5617e2beeda0 .scope generate, "genblk2" "genblk2" 3 31, 3 31 0, S_0x5617e2beeae0;
 .timescale 0 0;
S_0x5617e2beef80 .scope module, "mul_22" "b25_cmul" 3 33, 5 1 0, S_0x5617e2beeda0;
 .timescale 0 0;
    .port_info 0 /INPUT 25 "a";
    .port_info 1 /INPUT 25 "con";
    .port_info 2 /OUTPUT 25 "res";
L_0x5617e2b8cc20 .functor XOR 1, L_0x5617e2c14220, L_0x5617e2c142c0, C4<0>, C4<0>;
v0x5617e2bef1f0_0 .net *"_ivl_1", 23 0, L_0x5617e2c03a60;  1 drivers
L_0x7effee16a060 .functor BUFT 1, C4<0000000000000000>, C4<0>, C4<0>, C4<0>;
v0x5617e2bef2f0_0 .net *"_ivl_11", 15 0, L_0x7effee16a060;  1 drivers
L_0x7effee16a0a8 .functor BUFT 1, C4<0000000000000000000000000000000000000000>, C4<0>, C4<0>, C4<0>;
v0x5617e2bef3d0_0 .net/2u *"_ivl_16", 39 0, L_0x7effee16a0a8;  1 drivers
v0x5617e2bef490_0 .net *"_ivl_18", 0 0, L_0x5617e2c14070;  1 drivers
v0x5617e2bef550_0 .net *"_ivl_2", 39 0, L_0x5617e2c03b30;  1 drivers
L_0x7effee16a0f0 .functor BUFT 1, C4<0>, C4<0>, C4<0>, C4<0>;
v0x5617e2bef680_0 .net/2u *"_ivl_20", 0 0, L_0x7effee16a0f0;  1 drivers
v0x5617e2bef760_0 .net *"_ivl_23", 0 0, L_0x5617e2c14220;  1 drivers
v0x5617e2bef840_0 .net *"_ivl_25", 0 0, L_0x5617e2c142c0;  1 drivers
v0x5617e2bef920_0 .net *"_ivl_26", 0 0, L_0x5617e2b8cc20;  1 drivers
v0x5617e2befa90_0 .net *"_ivl_28", 0 0, L_0x5617e2c144a0;  1 drivers
v0x5617e2befb70_0 .net *"_ivl_34", 23 0, L_0x5617e2c147d0;  1 drivers
L_0x7effee16a018 .functor BUFT 1, C4<0000000000000000>, C4<0>, C4<0>, C4<0>;
v0x5617e2befc50_0 .net *"_ivl_5", 15 0, L_0x7effee16a018;  1 drivers
v0x5617e2befd30_0 .net *"_ivl_7", 23 0, L_0x5617e2c13c80;  1 drivers
v0x5617e2befe10_0 .net *"_ivl_8", 39 0, L_0x5617e2c13d50;  1 drivers
v0x5617e2befef0_0 .net "a", 24 0, o0x7effee1b8538;  alias, 0 drivers
L_0x7effee16a138 .functor BUFT 1, C4<0000000001110110010000100>, C4<0>, C4<0>, C4<0>;
v0x5617e2beffd0_0 .net "con", 24 0, L_0x7effee16a138;  1 drivers
v0x5617e2bf00b0_0 .net "res", 24 0, L_0x5617e2c14630;  alias, 1 drivers
v0x5617e2bf02a0_0 .net "um", 39 0, L_0x5617e2c13ef0;  1 drivers
L_0x5617e2c03a60 .part o0x7effee1b8538, 0, 24;
L_0x5617e2c03b30 .concat [ 24 16 0 0], L_0x5617e2c03a60, L_0x7effee16a018;
L_0x5617e2c13c80 .part L_0x7effee16a138, 0, 24;
L_0x5617e2c13d50 .concat [ 24 16 0 0], L_0x5617e2c13c80, L_0x7effee16a060;
L_0x5617e2c13ef0 .arith/mult 40, L_0x5617e2c03b30, L_0x5617e2c13d50;
L_0x5617e2c14070 .cmp/eq 40, L_0x5617e2c13ef0, L_0x7effee16a0a8;
L_0x5617e2c14220 .part o0x7effee1b8538, 24, 1;
L_0x5617e2c142c0 .part L_0x7effee16a138, 24, 1;
L_0x5617e2c144a0 .functor MUXZ 1, L_0x5617e2b8cc20, L_0x7effee16a0f0, L_0x5617e2c14070, C4<>;
L_0x5617e2c14630 .concat8 [ 24 1 0 0], L_0x5617e2c147d0, L_0x5617e2c144a0;
L_0x5617e2c147d0 .part L_0x5617e2c13ef0, 16, 24;
S_0x5617e2bf0400 .scope module, "mul_45" "b25_cmul" 3 39, 5 1 0, S_0x5617e2beeda0;
 .timescale 0 0;
    .port_info 0 /INPUT 25 "a";
    .port_info 1 /INPUT 25 "con";
    .port_info 2 /OUTPUT 25 "res";
L_0x5617e2b7ade0 .functor XOR 1, L_0x5617e2c15000, L_0x5617e2c151b0, C4<0>, C4<0>;
v0x5617e2bf05e0_0 .net *"_ivl_1", 23 0, L_0x5617e2c148c0;  1 drivers
L_0x7effee16a1c8 .functor BUFT 1, C4<0000000000000000>, C4<0>, C4<0>, C4<0>;
v0x5617e2bf06e0_0 .net *"_ivl_11", 15 0, L_0x7effee16a1c8;  1 drivers
L_0x7effee16a210 .functor BUFT 1, C4<0000000000000000000000000000000000000000>, C4<0>, C4<0>, C4<0>;
v0x5617e2bf07c0_0 .net/2u *"_ivl_16", 39 0, L_0x7effee16a210;  1 drivers
v0x5617e2bf0880_0 .net *"_ivl_18", 0 0, L_0x5617e2c14df0;  1 drivers
v0x5617e2bf0940_0 .net *"_ivl_2", 39 0, L_0x5617e2c14960;  1 drivers
L_0x7effee16a258 .functor BUFT 1, C4<0>, C4<0>, C4<0>, C4<0>;
v0x5617e2bf0a70_0 .net/2u *"_ivl_20", 0 0, L_0x7effee16a258;  1 drivers
v0x5617e2bf0b50_0 .net *"_ivl_23", 0 0, L_0x5617e2c15000;  1 drivers
v0x5617e2bf0c30_0 .net *"_ivl_25", 0 0, L_0x5617e2c151b0;  1 drivers
v0x5617e2bf0d10_0 .net *"_ivl_26", 0 0, L_0x5617e2b7ade0;  1 drivers
v0x5617e2bf0df0_0 .net *"_ivl_28", 0 0, L_0x5617e2c15340;  1 drivers
v0x5617e2bf0ed0_0 .net *"_ivl_34", 23 0, L_0x5617e2c15670;  1 drivers
L_0x7effee16a180 .functor BUFT 1, C4<0000000000000000>, C4<0>, C4<0>, C4<0>;
v0x5617e2bf0fb0_0 .net *"_ivl_5", 15 0, L_0x7effee16a180;  1 drivers
v0x5617e2bf1090_0 .net *"_ivl_7", 23 0, L_0x5617e2c14aa0;  1 drivers
v0x5617e2bf1170_0 .net *"_ivl_8", 39 0, L_0x5617e2c14b40;  1 drivers
v0x5617e2bf1250_0 .net "a", 24 0, o0x7effee1b8538;  alias, 0 drivers
L_0x7effee16a2a0 .functor BUFT 1, C4<0000000001011010100000101>, C4<0>, C4<0>, C4<0>;
v0x5617e2bf1310_0 .net "con", 24 0, L_0x7effee16a2a0;  1 drivers
v0x5617e2bf13d0_0 .net "res", 24 0, L_0x5617e2c154d0;  alias, 1 drivers
v0x5617e2bf15c0_0 .net "um", 39 0, L_0x5617e2c14cb0;  1 drivers
L_0x5617e2c148c0 .part o0x7effee1b8538, 0, 24;
L_0x5617e2c14960 .concat [ 24 16 0 0], L_0x5617e2c148c0, L_0x7effee16a180;
L_0x5617e2c14aa0 .part L_0x7effee16a2a0, 0, 24;
L_0x5617e2c14b40 .concat [ 24 16 0 0], L_0x5617e2c14aa0, L_0x7effee16a1c8;
L_0x5617e2c14cb0 .arith/mult 40, L_0x5617e2c14960, L_0x5617e2c14b40;
L_0x5617e2c14df0 .cmp/eq 40, L_0x5617e2c14cb0, L_0x7effee16a210;
L_0x5617e2c15000 .part o0x7effee1b8538, 24, 1;
L_0x5617e2c151b0 .part L_0x7effee16a2a0, 24, 1;
L_0x5617e2c15340 .functor MUXZ 1, L_0x5617e2b7ade0, L_0x7effee16a258, L_0x5617e2c14df0, C4<>;
L_0x5617e2c154d0 .concat8 [ 24 1 0 0], L_0x5617e2c15670, L_0x5617e2c15340;
L_0x5617e2c15670 .part L_0x5617e2c14cb0, 16, 24;
S_0x5617e2bf1720 .scope module, "mul_67" "b25_cmul" 3 45, 5 1 0, S_0x5617e2beeda0;
 .timescale 0 0;
    .port_info 0 /INPUT 25 "a";
    .port_info 1 /INPUT 25 "con";
    .port_info 2 /OUTPUT 25 "res";
L_0x5617e2b68fa0 .functor XOR 1, L_0x5617e2c15d90, L_0x5617e2c15e30, C4<0>, C4<0>;
v0x5617e2bf1930_0 .net *"_ivl_1", 23 0, L_0x5617e2c15710;  1 drivers
L_0x7effee16a330 .functor BUFT 1, C4<0000000000000000>, C4<0>, C4<0>, C4<0>;
v0x5617e2bf1a10_0 .net *"_ivl_11", 15 0, L_0x7effee16a330;  1 drivers
L_0x7effee16a378 .functor BUFT 1, C4<0000000000000000000000000000000000000000>, C4<0>, C4<0>, C4<0>;
v0x5617e2bf1af0_0 .net/2u *"_ivl_16", 39 0, L_0x7effee16a378;  1 drivers
v0x5617e2bf1be0_0 .net *"_ivl_18", 0 0, L_0x5617e2c15c10;  1 drivers
v0x5617e2bf1ca0_0 .net *"_ivl_2", 39 0, L_0x5617e2c157b0;  1 drivers
L_0x7effee16a3c0 .functor BUFT 1, C4<0>, C4<0>, C4<0>, C4<0>;
v0x5617e2bf1dd0_0 .net/2u *"_ivl_20", 0 0, L_0x7effee16a3c0;  1 drivers
v0x5617e2bf1eb0_0 .net *"_ivl_23", 0 0, L_0x5617e2c15d90;  1 drivers
v0x5617e2bf1f90_0 .net *"_ivl_25", 0 0, L_0x5617e2c15e30;  1 drivers
v0x5617e2bf2070_0 .net *"_ivl_26", 0 0, L_0x5617e2b68fa0;  1 drivers
v0x5617e2bf2150_0 .net *"_ivl_28", 0 0, L_0x5617e2c16010;  1 drivers
v0x5617e2bf2230_0 .net *"_ivl_34", 23 0, L_0x5617e2c16340;  1 drivers
L_0x7effee16a2e8 .functor BUFT 1, C4<0000000000000000>, C4<0>, C4<0>, C4<0>;
v0x5617e2bf2310_0 .net *"_ivl_5", 15 0, L_0x7effee16a2e8;  1 drivers
v0x5617e2bf23f0_0 .net *"_ivl_7", 23 0, L_0x5617e2c158f0;  1 drivers
v0x5617e2bf24d0_0 .net *"_ivl_8", 39 0, L_0x5617e2c15990;  1 drivers
v0x5617e2bf25b0_0 .net "a", 24 0, o0x7effee1b8538;  alias, 0 drivers
L_0x7effee16a408 .functor BUFT 1, C4<0000000000110000111111000>, C4<0>, C4<0>, C4<0>;
v0x5617e2bf2670_0 .net "con", 24 0, L_0x7effee16a408;  1 drivers
v0x5617e2bf2750_0 .net "res", 24 0, L_0x5617e2c161a0;  alias, 1 drivers
v0x5617e2bf2940_0 .net "um", 39 0, L_0x5617e2c15ad0;  1 drivers
L_0x5617e2c15710 .part o0x7effee1b8538, 0, 24;
L_0x5617e2c157b0 .concat [ 24 16 0 0], L_0x5617e2c15710, L_0x7effee16a2e8;
L_0x5617e2c158f0 .part L_0x7effee16a408, 0, 24;
L_0x5617e2c15990 .concat [ 24 16 0 0], L_0x5617e2c158f0, L_0x7effee16a330;
L_0x5617e2c15ad0 .arith/mult 40, L_0x5617e2c157b0, L_0x5617e2c15990;
L_0x5617e2c15c10 .cmp/eq 40, L_0x5617e2c15ad0, L_0x7effee16a378;
L_0x5617e2c15d90 .part o0x7effee1b8538, 24, 1;
L_0x5617e2c15e30 .part L_0x7effee16a408, 24, 1;
L_0x5617e2c16010 .functor MUXZ 1, L_0x5617e2b68fa0, L_0x7effee16a3c0, L_0x5617e2c15c10, C4<>;
L_0x5617e2c161a0 .concat8 [ 24 1 0 0], L_0x5617e2c16340, L_0x5617e2c16010;
L_0x5617e2c16340 .part L_0x5617e2c15ad0, 16, 24;
S_0x5617e2bf2aa0 .scope generate, "genblk1[2]" "genblk1[2]" 3 26, 3 26 0, S_0x5617e2aefdf0;
 .timescale 0 0;
P_0x5617e2bf2c80 .param/l "id" 0 3 26, +C4<010>;
L_0x5617e2b57160 .functor BUFZ 25, o0x7effee1b90a8, C4<0000000000000000000000000>, C4<0000000000000000000000000>, C4<0000000000000000000000000>;
S_0x5617e2bf2d60 .scope generate, "genblk3" "genblk3" 3 52, 3 52 0, S_0x5617e2bf2aa0;
 .timescale 0 0;
S_0x5617e2bf2f40 .scope module, "mul_45" "b25_cmul" 3 53, 5 1 0, S_0x5617e2bf2d60;
 .timescale 0 0;
    .port_info 0 /INPUT 25 "a";
    .port_info 1 /INPUT 25 "con";
    .port_info 2 /OUTPUT 25 "res";
L_0x5617e2ab4ff0 .functor XOR 1, L_0x5617e2c16bc0, L_0x5617e2c16c60, C4<0>, C4<0>;
v0x5617e2bf31b0_0 .net *"_ivl_1", 23 0, L_0x5617e2c16430;  1 drivers
L_0x7effee16a498 .functor BUFT 1, C4<0000000000000000>, C4<0>, C4<0>, C4<0>;
v0x5617e2bf32b0_0 .net *"_ivl_11", 15 0, L_0x7effee16a498;  1 drivers
L_0x7effee16a4e0 .functor BUFT 1, C4<0000000000000000000000000000000000000000>, C4<0>, C4<0>, C4<0>;
v0x5617e2bf3390_0 .net/2u *"_ivl_16", 39 0, L_0x7effee16a4e0;  1 drivers
v0x5617e2bf3450_0 .net *"_ivl_18", 0 0, L_0x5617e2c16a40;  1 drivers
v0x5617e2bf3510_0 .net *"_ivl_2", 39 0, L_0x5617e2c164d0;  1 drivers
L_0x7effee16a528 .functor BUFT 1, C4<0>, C4<0>, C4<0>, C4<0>;
v0x5617e2bf3640_0 .net/2u *"_ivl_20", 0 0, L_0x7effee16a528;  1 drivers
v0x5617e2bf3720_0 .net *"_ivl_23", 0 0, L_0x5617e2c16bc0;  1 drivers
v0x5617e2bf3800_0 .net *"_ivl_25", 0 0, L_0x5617e2c16c60;  1 drivers
v0x5617e2bf38e0_0 .net *"_ivl_26", 0 0, L_0x5617e2ab4ff0;  1 drivers
v0x5617e2bf39c0_0 .net *"_ivl_28", 0 0, L_0x5617e2c16df0;  1 drivers
v0x5617e2bf3aa0_0 .net *"_ivl_34", 23 0, L_0x5617e2c17120;  1 drivers
L_0x7effee16a450 .functor BUFT 1, C4<0000000000000000>, C4<0>, C4<0>, C4<0>;
v0x5617e2bf3b80_0 .net *"_ivl_5", 15 0, L_0x7effee16a450;  1 drivers
v0x5617e2bf3c60_0 .net *"_ivl_7", 23 0, L_0x5617e2c16610;  1 drivers
v0x5617e2bf3d40_0 .net *"_ivl_8", 39 0, L_0x5617e2c166b0;  1 drivers
v0x5617e2bf3e20_0 .net "a", 24 0, o0x7effee1b90a8;  alias, 0 drivers
L_0x7effee16a570 .functor BUFT 1, C4<0000000001011010100000101>, C4<0>, C4<0>, C4<0>;
v0x5617e2bf3f00_0 .net "con", 24 0, L_0x7effee16a570;  1 drivers
v0x5617e2bf3fe0_0 .net "res", 24 0, L_0x5617e2c16f80;  alias, 1 drivers
v0x5617e2bf41d0_0 .net "um", 39 0, L_0x5617e2c16900;  1 drivers
L_0x5617e2c16430 .part o0x7effee1b90a8, 0, 24;
L_0x5617e2c164d0 .concat [ 24 16 0 0], L_0x5617e2c16430, L_0x7effee16a450;
L_0x5617e2c16610 .part L_0x7effee16a570, 0, 24;
L_0x5617e2c166b0 .concat [ 24 16 0 0], L_0x5617e2c16610, L_0x7effee16a498;
L_0x5617e2c16900 .arith/mult 40, L_0x5617e2c164d0, L_0x5617e2c166b0;
L_0x5617e2c16a40 .cmp/eq 40, L_0x5617e2c16900, L_0x7effee16a4e0;
L_0x5617e2c16bc0 .part o0x7effee1b90a8, 24, 1;
L_0x5617e2c16c60 .part L_0x7effee16a570, 24, 1;
L_0x5617e2c16df0 .functor MUXZ 1, L_0x5617e2ab4ff0, L_0x7effee16a528, L_0x5617e2c16a40, C4<>;
L_0x5617e2c16f80 .concat8 [ 24 1 0 0], L_0x5617e2c17120, L_0x5617e2c16df0;
L_0x5617e2c17120 .part L_0x5617e2c16900, 16, 24;
S_0x5617e2bf4330 .scope generate, "genblk1[3]" "genblk1[3]" 3 26, 3 26 0, S_0x5617e2aefdf0;
 .timescale 0 0;
P_0x5617e2bf44c0 .param/l "id" 0 3 26, +C4<011>;
L_0x5617e2c171c0 .functor BUFZ 25, o0x7effee1b9498, C4<0000000000000000000000000>, C4<0000000000000000000000000>, C4<0000000000000000000000000>;
S_0x5617e2bf45a0 .scope generate, "genblk2" "genblk2" 3 31, 3 31 0, S_0x5617e2bf4330;
 .timescale 0 0;
S_0x5617e2bf4780 .scope module, "mul_22" "b25_cmul" 3 33, 5 1 0, S_0x5617e2bf45a0;
 .timescale 0 0;
    .port_info 0 /INPUT 25 "a";
    .port_info 1 /INPUT 25 "con";
    .port_info 2 /OUTPUT 25 "res";
L_0x5617e2c17a00 .functor XOR 1, L_0x5617e2c17820, L_0x5617e2c178c0, C4<0>, C4<0>;
v0x5617e2bf49f0_0 .net *"_ivl_1", 23 0, L_0x5617e2c17230;  1 drivers
L_0x7effee16a600 .functor BUFT 1, C4<0000000000000000>, C4<0>, C4<0>, C4<0>;
v0x5617e2bf4af0_0 .net *"_ivl_11", 15 0, L_0x7effee16a600;  1 drivers
L_0x7effee16a648 .functor BUFT 1, C4<0000000000000000000000000000000000000000>, C4<0>, C4<0>, C4<0>;
v0x5617e2bf4bd0_0 .net/2u *"_ivl_16", 39 0, L_0x7effee16a648;  1 drivers
v0x5617e2bf4c90_0 .net *"_ivl_18", 0 0, L_0x5617e2c176e0;  1 drivers
v0x5617e2bf4d50_0 .net *"_ivl_2", 39 0, L_0x5617e2c172d0;  1 drivers
L_0x7effee16a690 .functor BUFT 1, C4<0>, C4<0>, C4<0>, C4<0>;
v0x5617e2bf4e80_0 .net/2u *"_ivl_20", 0 0, L_0x7effee16a690;  1 drivers
v0x5617e2bf4f60_0 .net *"_ivl_23", 0 0, L_0x5617e2c17820;  1 drivers
v0x5617e2bf5040_0 .net *"_ivl_25", 0 0, L_0x5617e2c178c0;  1 drivers
v0x5617e2bf5120_0 .net *"_ivl_26", 0 0, L_0x5617e2c17a00;  1 drivers
v0x5617e2bf5200_0 .net *"_ivl_28", 0 0, L_0x5617e2c17b10;  1 drivers
v0x5617e2bf52e0_0 .net *"_ivl_34", 23 0, L_0x5617e2c17e40;  1 drivers
L_0x7effee16a5b8 .functor BUFT 1, C4<0000000000000000>, C4<0>, C4<0>, C4<0>;
v0x5617e2bf53c0_0 .net *"_ivl_5", 15 0, L_0x7effee16a5b8;  1 drivers
v0x5617e2bf54a0_0 .net *"_ivl_7", 23 0, L_0x5617e2c173c0;  1 drivers
v0x5617e2bf5580_0 .net *"_ivl_8", 39 0, L_0x5617e2c17460;  1 drivers
v0x5617e2bf5660_0 .net "a", 24 0, o0x7effee1b9498;  alias, 0 drivers
L_0x7effee16a6d8 .functor BUFT 1, C4<0000000001110110010000100>, C4<0>, C4<0>, C4<0>;
v0x5617e2bf5740_0 .net "con", 24 0, L_0x7effee16a6d8;  1 drivers
v0x5617e2bf5820_0 .net "res", 24 0, L_0x5617e2c17ca0;  alias, 1 drivers
v0x5617e2bf5a10_0 .net "um", 39 0, L_0x5617e2c175a0;  1 drivers
L_0x5617e2c17230 .part o0x7effee1b9498, 0, 24;
L_0x5617e2c172d0 .concat [ 24 16 0 0], L_0x5617e2c17230, L_0x7effee16a5b8;
L_0x5617e2c173c0 .part L_0x7effee16a6d8, 0, 24;
L_0x5617e2c17460 .concat [ 24 16 0 0], L_0x5617e2c173c0, L_0x7effee16a600;
L_0x5617e2c175a0 .arith/mult 40, L_0x5617e2c172d0, L_0x5617e2c17460;
L_0x5617e2c176e0 .cmp/eq 40, L_0x5617e2c175a0, L_0x7effee16a648;
L_0x5617e2c17820 .part o0x7effee1b9498, 24, 1;
L_0x5617e2c178c0 .part L_0x7effee16a6d8, 24, 1;
L_0x5617e2c17b10 .functor MUXZ 1, L_0x5617e2c17a00, L_0x7effee16a690, L_0x5617e2c176e0, C4<>;
L_0x5617e2c17ca0 .concat8 [ 24 1 0 0], L_0x5617e2c17e40, L_0x5617e2c17b10;
L_0x5617e2c17e40 .part L_0x5617e2c175a0, 16, 24;
S_0x5617e2bf5b70 .scope module, "mul_45" "b25_cmul" 3 39, 5 1 0, S_0x5617e2bf45a0;
 .timescale 0 0;
    .port_info 0 /INPUT 25 "a";
    .port_info 1 /INPUT 25 "con";
    .port_info 2 /OUTPUT 25 "res";
L_0x5617e2c18810 .functor XOR 1, L_0x5617e2c18520, L_0x5617e2c186d0, C4<0>, C4<0>;
v0x5617e2bf5d50_0 .net *"_ivl_1", 23 0, L_0x5617e2c17ee0;  1 drivers
L_0x7effee16a768 .functor BUFT 1, C4<0000000000000000>, C4<0>, C4<0>, C4<0>;
v0x5617e2bf5e50_0 .net *"_ivl_11", 15 0, L_0x7effee16a768;  1 drivers
L_0x7effee16a7b0 .functor BUFT 1, C4<0000000000000000000000000000000000000000>, C4<0>, C4<0>, C4<0>;
v0x5617e2bf5f30_0 .net/2u *"_ivl_16", 39 0, L_0x7effee16a7b0;  1 drivers
v0x5617e2bf5ff0_0 .net *"_ivl_18", 0 0, L_0x5617e2c183e0;  1 drivers
v0x5617e2bf60b0_0 .net *"_ivl_2", 39 0, L_0x5617e2c17f80;  1 drivers
L_0x7effee16a7f8 .functor BUFT 1, C4<0>, C4<0>, C4<0>, C4<0>;
v0x5617e2bf61e0_0 .net/2u *"_ivl_20", 0 0, L_0x7effee16a7f8;  1 drivers
v0x5617e2bf62c0_0 .net *"_ivl_23", 0 0, L_0x5617e2c18520;  1 drivers
v0x5617e2bf63a0_0 .net *"_ivl_25", 0 0, L_0x5617e2c186d0;  1 drivers
v0x5617e2bf6480_0 .net *"_ivl_26", 0 0, L_0x5617e2c18810;  1 drivers
v0x5617e2bf6560_0 .net *"_ivl_28", 0 0, L_0x5617e2c18920;  1 drivers
v0x5617e2bf6640_0 .net *"_ivl_34", 23 0, L_0x5617e2c18c50;  1 drivers
L_0x7effee16a720 .functor BUFT 1, C4<0000000000000000>, C4<0>, C4<0>, C4<0>;
v0x5617e2bf6720_0 .net *"_ivl_5", 15 0, L_0x7effee16a720;  1 drivers
v0x5617e2bf6800_0 .net *"_ivl_7", 23 0, L_0x5617e2c180c0;  1 drivers
v0x5617e2bf68e0_0 .net *"_ivl_8", 39 0, L_0x5617e2c18160;  1 drivers
v0x5617e2bf69c0_0 .net "a", 24 0, o0x7effee1b9498;  alias, 0 drivers
L_0x7effee16a840 .functor BUFT 1, C4<0000000001011010100000101>, C4<0>, C4<0>, C4<0>;
v0x5617e2bf6a80_0 .net "con", 24 0, L_0x7effee16a840;  1 drivers
v0x5617e2bf6b40_0 .net "res", 24 0, L_0x5617e2c18ab0;  alias, 1 drivers
v0x5617e2bf6d30_0 .net "um", 39 0, L_0x5617e2c182a0;  1 drivers
L_0x5617e2c17ee0 .part o0x7effee1b9498, 0, 24;
L_0x5617e2c17f80 .concat [ 24 16 0 0], L_0x5617e2c17ee0, L_0x7effee16a720;
L_0x5617e2c180c0 .part L_0x7effee16a840, 0, 24;
L_0x5617e2c18160 .concat [ 24 16 0 0], L_0x5617e2c180c0, L_0x7effee16a768;
L_0x5617e2c182a0 .arith/mult 40, L_0x5617e2c17f80, L_0x5617e2c18160;
L_0x5617e2c183e0 .cmp/eq 40, L_0x5617e2c182a0, L_0x7effee16a7b0;
L_0x5617e2c18520 .part o0x7effee1b9498, 24, 1;
L_0x5617e2c186d0 .part L_0x7effee16a840, 24, 1;
L_0x5617e2c18920 .functor MUXZ 1, L_0x5617e2c18810, L_0x7effee16a7f8, L_0x5617e2c183e0, C4<>;
L_0x5617e2c18ab0 .concat8 [ 24 1 0 0], L_0x5617e2c18c50, L_0x5617e2c18920;
L_0x5617e2c18c50 .part L_0x5617e2c182a0, 16, 24;
S_0x5617e2bf6e90 .scope module, "mul_67" "b25_cmul" 3 45, 5 1 0, S_0x5617e2bf45a0;
 .timescale 0 0;
    .port_info 0 /INPUT 25 "a";
    .port_info 1 /INPUT 25 "con";
    .port_info 2 /OUTPUT 25 "res";
L_0x5617e2c19720 .functor XOR 1, L_0x5617e2c19540, L_0x5617e2c195e0, C4<0>, C4<0>;
v0x5617e2bf7070_0 .net *"_ivl_1", 23 0, L_0x5617e2c18cf0;  1 drivers
L_0x7effee16a8d0 .functor BUFT 1, C4<0000000000000000>, C4<0>, C4<0>, C4<0>;
v0x5617e2bf7150_0 .net *"_ivl_11", 15 0, L_0x7effee16a8d0;  1 drivers
L_0x7effee16a918 .functor BUFT 1, C4<0000000000000000000000000000000000000000>, C4<0>, C4<0>, C4<0>;
v0x5617e2bf7230_0 .net/2u *"_ivl_16", 39 0, L_0x7effee16a918;  1 drivers
v0x5617e2bf7320_0 .net *"_ivl_18", 0 0, L_0x5617e2c19400;  1 drivers
v0x5617e2bf73e0_0 .net *"_ivl_2", 39 0, L_0x5617e2c18d90;  1 drivers
L_0x7effee16a960 .functor BUFT 1, C4<0>, C4<0>, C4<0>, C4<0>;
v0x5617e2bf7510_0 .net/2u *"_ivl_20", 0 0, L_0x7effee16a960;  1 drivers
v0x5617e2bf75f0_0 .net *"_ivl_23", 0 0, L_0x5617e2c19540;  1 drivers
v0x5617e2bf76d0_0 .net *"_ivl_25", 0 0, L_0x5617e2c195e0;  1 drivers
v0x5617e2bf77b0_0 .net *"_ivl_26", 0 0, L_0x5617e2c19720;  1 drivers
v0x5617e2bf7890_0 .net *"_ivl_28", 0 0, L_0x5617e2c19830;  1 drivers
v0x5617e2bf7970_0 .net *"_ivl_34", 23 0, L_0x5617e2c19b60;  1 drivers
L_0x7effee16a888 .functor BUFT 1, C4<0000000000000000>, C4<0>, C4<0>, C4<0>;
v0x5617e2bf7a50_0 .net *"_ivl_5", 15 0, L_0x7effee16a888;  1 drivers
v0x5617e2bf7b30_0 .net *"_ivl_7", 23 0, L_0x5617e2c18ed0;  1 drivers
v0x5617e2bf7c10_0 .net *"_ivl_8", 39 0, L_0x5617e2c18f70;  1 drivers
v0x5617e2bf7cf0_0 .net "a", 24 0, o0x7effee1b9498;  alias, 0 drivers
L_0x7effee16a9a8 .functor BUFT 1, C4<0000000000110000111111000>, C4<0>, C4<0>, C4<0>;
v0x5617e2bf7db0_0 .net "con", 24 0, L_0x7effee16a9a8;  1 drivers
v0x5617e2bf7e90_0 .net "res", 24 0, L_0x5617e2c199c0;  alias, 1 drivers
v0x5617e2bf8080_0 .net "um", 39 0, L_0x5617e2c190b0;  1 drivers
L_0x5617e2c18cf0 .part o0x7effee1b9498, 0, 24;
L_0x5617e2c18d90 .concat [ 24 16 0 0], L_0x5617e2c18cf0, L_0x7effee16a888;
L_0x5617e2c18ed0 .part L_0x7effee16a9a8, 0, 24;
L_0x5617e2c18f70 .concat [ 24 16 0 0], L_0x5617e2c18ed0, L_0x7effee16a8d0;
L_0x5617e2c190b0 .arith/mult 40, L_0x5617e2c18d90, L_0x5617e2c18f70;
L_0x5617e2c19400 .cmp/eq 40, L_0x5617e2c190b0, L_0x7effee16a918;
L_0x5617e2c19540 .part o0x7effee1b9498, 24, 1;
L_0x5617e2c195e0 .part L_0x7effee16a9a8, 24, 1;
L_0x5617e2c19830 .functor MUXZ 1, L_0x5617e2c19720, L_0x7effee16a960, L_0x5617e2c19400, C4<>;
L_0x5617e2c199c0 .concat8 [ 24 1 0 0], L_0x5617e2c19b60, L_0x5617e2c19830;
L_0x5617e2c19b60 .part L_0x5617e2c190b0, 16, 24;
S_0x5617e2bf81e0 .scope generate, "genblk1[4]" "genblk1[4]" 3 26, 3 26 0, S_0x5617e2aefdf0;
 .timescale 0 0;
P_0x5617e2bf83c0 .param/l "id" 0 3 26, +C4<0100>;
L_0x5617e2c19c00 .functor BUFZ 25, o0x7effee1bc3a8, C4<0000000000000000000000000>, C4<0000000000000000000000000>, C4<0000000000000000000000000>;
S_0x5617e2bf84a0 .scope generate, "genblk1[5]" "genblk1[5]" 3 26, 3 26 0, S_0x5617e2aefdf0;
 .timescale 0 0;
P_0x5617e2bf8680 .param/l "id" 0 3 26, +C4<0101>;
L_0x5617e2c19c70 .functor BUFZ 25, o0x7effee1ba008, C4<0000000000000000000000000>, C4<0000000000000000000000000>, C4<0000000000000000000000000>;
S_0x5617e2bf8760 .scope generate, "genblk2" "genblk2" 3 31, 3 31 0, S_0x5617e2bf84a0;
 .timescale 0 0;
S_0x5617e2bf8940 .scope module, "mul_22" "b25_cmul" 3 33, 5 1 0, S_0x5617e2bf8760;
 .timescale 0 0;
    .port_info 0 /INPUT 25 "a";
    .port_info 1 /INPUT 25 "con";
    .port_info 2 /OUTPUT 25 "res";
L_0x5617e2c1a4b0 .functor XOR 1, L_0x5617e2c1a2d0, L_0x5617e2c1a370, C4<0>, C4<0>;
v0x5617e2bf8bb0_0 .net *"_ivl_1", 23 0, L_0x5617e2c19ce0;  1 drivers
L_0x7effee16aa38 .functor BUFT 1, C4<0000000000000000>, C4<0>, C4<0>, C4<0>;
v0x5617e2bf8cb0_0 .net *"_ivl_11", 15 0, L_0x7effee16aa38;  1 drivers
L_0x7effee16aa80 .functor BUFT 1, C4<0000000000000000000000000000000000000000>, C4<0>, C4<0>, C4<0>;
v0x5617e2bf8d90_0 .net/2u *"_ivl_16", 39 0, L_0x7effee16aa80;  1 drivers
v0x5617e2bf8e50_0 .net *"_ivl_18", 0 0, L_0x5617e2c1a190;  1 drivers
v0x5617e2bf8f10_0 .net *"_ivl_2", 39 0, L_0x5617e2c19d80;  1 drivers
L_0x7effee16aac8 .functor BUFT 1, C4<0>, C4<0>, C4<0>, C4<0>;
v0x5617e2bf9040_0 .net/2u *"_ivl_20", 0 0, L_0x7effee16aac8;  1 drivers
v0x5617e2bf9120_0 .net *"_ivl_23", 0 0, L_0x5617e2c1a2d0;  1 drivers
v0x5617e2bf9200_0 .net *"_ivl_25", 0 0, L_0x5617e2c1a370;  1 drivers
v0x5617e2bf92e0_0 .net *"_ivl_26", 0 0, L_0x5617e2c1a4b0;  1 drivers
v0x5617e2bf93c0_0 .net *"_ivl_28", 0 0, L_0x5617e2c1a5c0;  1 drivers
v0x5617e2bf94a0_0 .net *"_ivl_34", 23 0, L_0x5617e2c1a8f0;  1 drivers
L_0x7effee16a9f0 .functor BUFT 1, C4<0000000000000000>, C4<0>, C4<0>, C4<0>;
v0x5617e2bf9580_0 .net *"_ivl_5", 15 0, L_0x7effee16a9f0;  1 drivers
v0x5617e2bf9660_0 .net *"_ivl_7", 23 0, L_0x5617e2c19e70;  1 drivers
v0x5617e2bf9740_0 .net *"_ivl_8", 39 0, L_0x5617e2c19f10;  1 drivers
v0x5617e2bf9820_0 .net "a", 24 0, o0x7effee1ba008;  alias, 0 drivers
L_0x7effee16ab10 .functor BUFT 1, C4<0000000001110110010000100>, C4<0>, C4<0>, C4<0>;
v0x5617e2bf9900_0 .net "con", 24 0, L_0x7effee16ab10;  1 drivers
v0x5617e2bf99e0_0 .net "res", 24 0, L_0x5617e2c1a750;  alias, 1 drivers
v0x5617e2bf9bd0_0 .net "um", 39 0, L_0x5617e2c1a050;  1 drivers
L_0x5617e2c19ce0 .part o0x7effee1ba008, 0, 24;
L_0x5617e2c19d80 .concat [ 24 16 0 0], L_0x5617e2c19ce0, L_0x7effee16a9f0;
L_0x5617e2c19e70 .part L_0x7effee16ab10, 0, 24;
L_0x5617e2c19f10 .concat [ 24 16 0 0], L_0x5617e2c19e70, L_0x7effee16aa38;
L_0x5617e2c1a050 .arith/mult 40, L_0x5617e2c19d80, L_0x5617e2c19f10;
L_0x5617e2c1a190 .cmp/eq 40, L_0x5617e2c1a050, L_0x7effee16aa80;
L_0x5617e2c1a2d0 .part o0x7effee1ba008, 24, 1;
L_0x5617e2c1a370 .part L_0x7effee16ab10, 24, 1;
L_0x5617e2c1a5c0 .functor MUXZ 1, L_0x5617e2c1a4b0, L_0x7effee16aac8, L_0x5617e2c1a190, C4<>;
L_0x5617e2c1a750 .concat8 [ 24 1 0 0], L_0x5617e2c1a8f0, L_0x5617e2c1a5c0;
L_0x5617e2c1a8f0 .part L_0x5617e2c1a050, 16, 24;
S_0x5617e2bf9d30 .scope module, "mul_45" "b25_cmul" 3 39, 5 1 0, S_0x5617e2bf8760;
 .timescale 0 0;
    .port_info 0 /INPUT 25 "a";
    .port_info 1 /INPUT 25 "con";
    .port_info 2 /OUTPUT 25 "res";
L_0x5617e2c1b1b0 .functor XOR 1, L_0x5617e2c1afd0, L_0x5617e2c1b070, C4<0>, C4<0>;
v0x5617e2bf9f10_0 .net *"_ivl_1", 23 0, L_0x5617e2c1a990;  1 drivers
L_0x7effee16aba0 .functor BUFT 1, C4<0000000000000000>, C4<0>, C4<0>, C4<0>;
v0x5617e2bfa010_0 .net *"_ivl_11", 15 0, L_0x7effee16aba0;  1 drivers
L_0x7effee16abe8 .functor BUFT 1, C4<0000000000000000000000000000000000000000>, C4<0>, C4<0>, C4<0>;
v0x5617e2bfa0f0_0 .net/2u *"_ivl_16", 39 0, L_0x7effee16abe8;  1 drivers
v0x5617e2bfa1b0_0 .net *"_ivl_18", 0 0, L_0x5617e2c1ae90;  1 drivers
v0x5617e2bfa270_0 .net *"_ivl_2", 39 0, L_0x5617e2c1aa30;  1 drivers
L_0x7effee16ac30 .functor BUFT 1, C4<0>, C4<0>, C4<0>, C4<0>;
v0x5617e2bfa3a0_0 .net/2u *"_ivl_20", 0 0, L_0x7effee16ac30;  1 drivers
v0x5617e2bfa480_0 .net *"_ivl_23", 0 0, L_0x5617e2c1afd0;  1 drivers
v0x5617e2bfa560_0 .net *"_ivl_25", 0 0, L_0x5617e2c1b070;  1 drivers
v0x5617e2bfa640_0 .net *"_ivl_26", 0 0, L_0x5617e2c1b1b0;  1 drivers
v0x5617e2bfa720_0 .net *"_ivl_28", 0 0, L_0x5617e2c1b2c0;  1 drivers
v0x5617e2bfa800_0 .net *"_ivl_34", 23 0, L_0x5617e2c1b5f0;  1 drivers
L_0x7effee16ab58 .functor BUFT 1, C4<0000000000000000>, C4<0>, C4<0>, C4<0>;
v0x5617e2bfa8e0_0 .net *"_ivl_5", 15 0, L_0x7effee16ab58;  1 drivers
v0x5617e2bfa9c0_0 .net *"_ivl_7", 23 0, L_0x5617e2c1ab70;  1 drivers
v0x5617e2bfaaa0_0 .net *"_ivl_8", 39 0, L_0x5617e2c1ac10;  1 drivers
v0x5617e2bfab80_0 .net "a", 24 0, o0x7effee1ba008;  alias, 0 drivers
L_0x7effee16ac78 .functor BUFT 1, C4<0000000001011010100000101>, C4<0>, C4<0>, C4<0>;
v0x5617e2bfac40_0 .net "con", 24 0, L_0x7effee16ac78;  1 drivers
v0x5617e2bfad00_0 .net "res", 24 0, L_0x5617e2c1b450;  alias, 1 drivers
v0x5617e2bfaef0_0 .net "um", 39 0, L_0x5617e2c1ad50;  1 drivers
L_0x5617e2c1a990 .part o0x7effee1ba008, 0, 24;
L_0x5617e2c1aa30 .concat [ 24 16 0 0], L_0x5617e2c1a990, L_0x7effee16ab58;
L_0x5617e2c1ab70 .part L_0x7effee16ac78, 0, 24;
L_0x5617e2c1ac10 .concat [ 24 16 0 0], L_0x5617e2c1ab70, L_0x7effee16aba0;
L_0x5617e2c1ad50 .arith/mult 40, L_0x5617e2c1aa30, L_0x5617e2c1ac10;
L_0x5617e2c1ae90 .cmp/eq 40, L_0x5617e2c1ad50, L_0x7effee16abe8;
L_0x5617e2c1afd0 .part o0x7effee1ba008, 24, 1;
L_0x5617e2c1b070 .part L_0x7effee16ac78, 24, 1;
L_0x5617e2c1b2c0 .functor MUXZ 1, L_0x5617e2c1b1b0, L_0x7effee16ac30, L_0x5617e2c1ae90, C4<>;
L_0x5617e2c1b450 .concat8 [ 24 1 0 0], L_0x5617e2c1b5f0, L_0x5617e2c1b2c0;
L_0x5617e2c1b5f0 .part L_0x5617e2c1ad50, 16, 24;
S_0x5617e2bfb050 .scope module, "mul_67" "b25_cmul" 3 45, 5 1 0, S_0x5617e2bf8760;
 .timescale 0 0;
    .port_info 0 /INPUT 25 "a";
    .port_info 1 /INPUT 25 "con";
    .port_info 2 /OUTPUT 25 "res";
L_0x5617e2c1beb0 .functor XOR 1, L_0x5617e2c1bcd0, L_0x5617e2c1bd70, C4<0>, C4<0>;
v0x5617e2bfb230_0 .net *"_ivl_1", 23 0, L_0x5617e2c1b690;  1 drivers
L_0x7effee16ad08 .functor BUFT 1, C4<0000000000000000>, C4<0>, C4<0>, C4<0>;
v0x5617e2bfb310_0 .net *"_ivl_11", 15 0, L_0x7effee16ad08;  1 drivers
L_0x7effee16ad50 .functor BUFT 1, C4<0000000000000000000000000000000000000000>, C4<0>, C4<0>, C4<0>;
v0x5617e2bfb3f0_0 .net/2u *"_ivl_16", 39 0, L_0x7effee16ad50;  1 drivers
v0x5617e2bfb4e0_0 .net *"_ivl_18", 0 0, L_0x5617e2c1bb90;  1 drivers
v0x5617e2bfb5a0_0 .net *"_ivl_2", 39 0, L_0x5617e2c1b730;  1 drivers
L_0x7effee16ad98 .functor BUFT 1, C4<0>, C4<0>, C4<0>, C4<0>;
v0x5617e2bfb6d0_0 .net/2u *"_ivl_20", 0 0, L_0x7effee16ad98;  1 drivers
v0x5617e2bfb7b0_0 .net *"_ivl_23", 0 0, L_0x5617e2c1bcd0;  1 drivers
v0x5617e2bfb890_0 .net *"_ivl_25", 0 0, L_0x5617e2c1bd70;  1 drivers
v0x5617e2bfb970_0 .net *"_ivl_26", 0 0, L_0x5617e2c1beb0;  1 drivers
v0x5617e2bfba50_0 .net *"_ivl_28", 0 0, L_0x5617e2c1bfc0;  1 drivers
v0x5617e2bfbb30_0 .net *"_ivl_34", 23 0, L_0x5617e2c1c2f0;  1 drivers
L_0x7effee16acc0 .functor BUFT 1, C4<0000000000000000>, C4<0>, C4<0>, C4<0>;
v0x5617e2bfbc10_0 .net *"_ivl_5", 15 0, L_0x7effee16acc0;  1 drivers
v0x5617e2bfbcf0_0 .net *"_ivl_7", 23 0, L_0x5617e2c1b870;  1 drivers
v0x5617e2bfbdd0_0 .net *"_ivl_8", 39 0, L_0x5617e2c1b910;  1 drivers
v0x5617e2bfbeb0_0 .net "a", 24 0, o0x7effee1ba008;  alias, 0 drivers
L_0x7effee16ade0 .functor BUFT 1, C4<0000000000110000111111000>, C4<0>, C4<0>, C4<0>;
v0x5617e2bfbf70_0 .net "con", 24 0, L_0x7effee16ade0;  1 drivers
v0x5617e2bfc050_0 .net "res", 24 0, L_0x5617e2c1c150;  alias, 1 drivers
v0x5617e2bfc240_0 .net "um", 39 0, L_0x5617e2c1ba50;  1 drivers
L_0x5617e2c1b690 .part o0x7effee1ba008, 0, 24;
L_0x5617e2c1b730 .concat [ 24 16 0 0], L_0x5617e2c1b690, L_0x7effee16acc0;
L_0x5617e2c1b870 .part L_0x7effee16ade0, 0, 24;
L_0x5617e2c1b910 .concat [ 24 16 0 0], L_0x5617e2c1b870, L_0x7effee16ad08;
L_0x5617e2c1ba50 .arith/mult 40, L_0x5617e2c1b730, L_0x5617e2c1b910;
L_0x5617e2c1bb90 .cmp/eq 40, L_0x5617e2c1ba50, L_0x7effee16ad50;
L_0x5617e2c1bcd0 .part o0x7effee1ba008, 24, 1;
L_0x5617e2c1bd70 .part L_0x7effee16ade0, 24, 1;
L_0x5617e2c1bfc0 .functor MUXZ 1, L_0x5617e2c1beb0, L_0x7effee16ad98, L_0x5617e2c1bb90, C4<>;
L_0x5617e2c1c150 .concat8 [ 24 1 0 0], L_0x5617e2c1c2f0, L_0x5617e2c1bfc0;
L_0x5617e2c1c2f0 .part L_0x5617e2c1ba50, 16, 24;
S_0x5617e2bfc3a0 .scope generate, "genblk1[6]" "genblk1[6]" 3 26, 3 26 0, S_0x5617e2aefdf0;
 .timescale 0 0;
P_0x5617e2bfc580 .param/l "id" 0 3 26, +C4<0110>;
L_0x5617e2c1c390 .functor BUFZ 25, o0x7effee1bab78, C4<0000000000000000000000000>, C4<0000000000000000000000000>, C4<0000000000000000000000000>;
S_0x5617e2bfc660 .scope generate, "genblk3" "genblk3" 3 52, 3 52 0, S_0x5617e2bfc3a0;
 .timescale 0 0;
S_0x5617e2bfc840 .scope module, "mul_45" "b25_cmul" 3 53, 5 1 0, S_0x5617e2bfc660;
 .timescale 0 0;
    .port_info 0 /INPUT 25 "a";
    .port_info 1 /INPUT 25 "con";
    .port_info 2 /OUTPUT 25 "res";
L_0x5617e2c1cc20 .functor XOR 1, L_0x5617e2c1ca90, L_0x5617e2c1cb30, C4<0>, C4<0>;
v0x5617e2bfcab0_0 .net *"_ivl_1", 23 0, L_0x5617e2c1c450;  1 drivers
L_0x7effee16ae70 .functor BUFT 1, C4<0000000000000000>, C4<0>, C4<0>, C4<0>;
v0x5617e2bfcbb0_0 .net *"_ivl_11", 15 0, L_0x7effee16ae70;  1 drivers
L_0x7effee16aeb8 .functor BUFT 1, C4<0000000000000000000000000000000000000000>, C4<0>, C4<0>, C4<0>;
v0x5617e2bfcc90_0 .net/2u *"_ivl_16", 39 0, L_0x7effee16aeb8;  1 drivers
v0x5617e2bfcd50_0 .net *"_ivl_18", 0 0, L_0x5617e2c1c950;  1 drivers
v0x5617e2bfce10_0 .net *"_ivl_2", 39 0, L_0x5617e2c1c4f0;  1 drivers
L_0x7effee16af00 .functor BUFT 1, C4<0>, C4<0>, C4<0>, C4<0>;
v0x5617e2bfcf40_0 .net/2u *"_ivl_20", 0 0, L_0x7effee16af00;  1 drivers
v0x5617e2bfd020_0 .net *"_ivl_23", 0 0, L_0x5617e2c1ca90;  1 drivers
v0x5617e2bfd100_0 .net *"_ivl_25", 0 0, L_0x5617e2c1cb30;  1 drivers
v0x5617e2bfd1e0_0 .net *"_ivl_26", 0 0, L_0x5617e2c1cc20;  1 drivers
v0x5617e2bfd2c0_0 .net *"_ivl_28", 0 0, L_0x5617e2c1cd30;  1 drivers
v0x5617e2bfd3a0_0 .net *"_ivl_34", 23 0, L_0x5617e2c1d060;  1 drivers
L_0x7effee16ae28 .functor BUFT 1, C4<0000000000000000>, C4<0>, C4<0>, C4<0>;
v0x5617e2bfd480_0 .net *"_ivl_5", 15 0, L_0x7effee16ae28;  1 drivers
v0x5617e2bfd560_0 .net *"_ivl_7", 23 0, L_0x5617e2c1c630;  1 drivers
v0x5617e2bfd640_0 .net *"_ivl_8", 39 0, L_0x5617e2c1c6d0;  1 drivers
v0x5617e2bfd720_0 .net "a", 24 0, o0x7effee1bab78;  alias, 0 drivers
L_0x7effee16af48 .functor BUFT 1, C4<0000000001011010100000101>, C4<0>, C4<0>, C4<0>;
v0x5617e2bfd800_0 .net "con", 24 0, L_0x7effee16af48;  1 drivers
v0x5617e2bfd8e0_0 .net "res", 24 0, L_0x5617e2c1cec0;  alias, 1 drivers
v0x5617e2bfdad0_0 .net "um", 39 0, L_0x5617e2c1c810;  1 drivers
L_0x5617e2c1c450 .part o0x7effee1bab78, 0, 24;
L_0x5617e2c1c4f0 .concat [ 24 16 0 0], L_0x5617e2c1c450, L_0x7effee16ae28;
L_0x5617e2c1c630 .part L_0x7effee16af48, 0, 24;
L_0x5617e2c1c6d0 .concat [ 24 16 0 0], L_0x5617e2c1c630, L_0x7effee16ae70;
L_0x5617e2c1c810 .arith/mult 40, L_0x5617e2c1c4f0, L_0x5617e2c1c6d0;
L_0x5617e2c1c950 .cmp/eq 40, L_0x5617e2c1c810, L_0x7effee16aeb8;
L_0x5617e2c1ca90 .part o0x7effee1bab78, 24, 1;
L_0x5617e2c1cb30 .part L_0x7effee16af48, 24, 1;
L_0x5617e2c1cd30 .functor MUXZ 1, L_0x5617e2c1cc20, L_0x7effee16af00, L_0x5617e2c1c950, C4<>;
L_0x5617e2c1cec0 .concat8 [ 24 1 0 0], L_0x5617e2c1d060, L_0x5617e2c1cd30;
L_0x5617e2c1d060 .part L_0x5617e2c1c810, 16, 24;
S_0x5617e2bfdc30 .scope generate, "genblk1[7]" "genblk1[7]" 3 26, 3 26 0, S_0x5617e2aefdf0;
 .timescale 0 0;
P_0x5617e2bfddc0 .param/l "id" 0 3 26, +C4<0111>;
L_0x5617e2c1d100 .functor BUFZ 25, o0x7effee1baf68, C4<0000000000000000000000000>, C4<0000000000000000000000000>, C4<0000000000000000000000000>;
S_0x5617e2bfdea0 .scope generate, "genblk2" "genblk2" 3 31, 3 31 0, S_0x5617e2bfdc30;
 .timescale 0 0;
S_0x5617e2bfe080 .scope module, "mul_22" "b25_cmul" 3 33, 5 1 0, S_0x5617e2bfdea0;
 .timescale 0 0;
    .port_info 0 /INPUT 25 "a";
    .port_info 1 /INPUT 25 "con";
    .port_info 2 /OUTPUT 25 "res";
L_0x5617e2c1d9d0 .functor XOR 1, L_0x5617e2c1d7f0, L_0x5617e2c1d890, C4<0>, C4<0>;
v0x5617e2bfe2f0_0 .net *"_ivl_1", 23 0, L_0x5617e2c1d200;  1 drivers
L_0x7effee16afd8 .functor BUFT 1, C4<0000000000000000>, C4<0>, C4<0>, C4<0>;
v0x5617e2bfe3f0_0 .net *"_ivl_11", 15 0, L_0x7effee16afd8;  1 drivers
L_0x7effee16b020 .functor BUFT 1, C4<0000000000000000000000000000000000000000>, C4<0>, C4<0>, C4<0>;
v0x5617e2bfe4d0_0 .net/2u *"_ivl_16", 39 0, L_0x7effee16b020;  1 drivers
v0x5617e2bfe590_0 .net *"_ivl_18", 0 0, L_0x5617e2c1d6b0;  1 drivers
v0x5617e2bfe650_0 .net *"_ivl_2", 39 0, L_0x5617e2c1d2a0;  1 drivers
L_0x7effee16b068 .functor BUFT 1, C4<0>, C4<0>, C4<0>, C4<0>;
v0x5617e2bfe780_0 .net/2u *"_ivl_20", 0 0, L_0x7effee16b068;  1 drivers
v0x5617e2bfe860_0 .net *"_ivl_23", 0 0, L_0x5617e2c1d7f0;  1 drivers
v0x5617e2bfe940_0 .net *"_ivl_25", 0 0, L_0x5617e2c1d890;  1 drivers
v0x5617e2bfea20_0 .net *"_ivl_26", 0 0, L_0x5617e2c1d9d0;  1 drivers
v0x5617e2bfeb00_0 .net *"_ivl_28", 0 0, L_0x5617e2c1dae0;  1 drivers
v0x5617e2bfebe0_0 .net *"_ivl_34", 23 0, L_0x5617e2c1de10;  1 drivers
L_0x7effee16af90 .functor BUFT 1, C4<0000000000000000>, C4<0>, C4<0>, C4<0>;
v0x5617e2bfecc0_0 .net *"_ivl_5", 15 0, L_0x7effee16af90;  1 drivers
v0x5617e2bfeda0_0 .net *"_ivl_7", 23 0, L_0x5617e2c1d390;  1 drivers
v0x5617e2bfee80_0 .net *"_ivl_8", 39 0, L_0x5617e2c1d430;  1 drivers
v0x5617e2bfef60_0 .net "a", 24 0, o0x7effee1baf68;  alias, 0 drivers
L_0x7effee16b0b0 .functor BUFT 1, C4<0000000001110110010000100>, C4<0>, C4<0>, C4<0>;
v0x5617e2bff040_0 .net "con", 24 0, L_0x7effee16b0b0;  1 drivers
v0x5617e2bff120_0 .net "res", 24 0, L_0x5617e2c1dc70;  alias, 1 drivers
v0x5617e2bff310_0 .net "um", 39 0, L_0x5617e2c1d570;  1 drivers
L_0x5617e2c1d200 .part o0x7effee1baf68, 0, 24;
L_0x5617e2c1d2a0 .concat [ 24 16 0 0], L_0x5617e2c1d200, L_0x7effee16af90;
L_0x5617e2c1d390 .part L_0x7effee16b0b0, 0, 24;
L_0x5617e2c1d430 .concat [ 24 16 0 0], L_0x5617e2c1d390, L_0x7effee16afd8;
L_0x5617e2c1d570 .arith/mult 40, L_0x5617e2c1d2a0, L_0x5617e2c1d430;
L_0x5617e2c1d6b0 .cmp/eq 40, L_0x5617e2c1d570, L_0x7effee16b020;
L_0x5617e2c1d7f0 .part o0x7effee1baf68, 24, 1;
L_0x5617e2c1d890 .part L_0x7effee16b0b0, 24, 1;
L_0x5617e2c1dae0 .functor MUXZ 1, L_0x5617e2c1d9d0, L_0x7effee16b068, L_0x5617e2c1d6b0, C4<>;
L_0x5617e2c1dc70 .concat8 [ 24 1 0 0], L_0x5617e2c1de10, L_0x5617e2c1dae0;
L_0x5617e2c1de10 .part L_0x5617e2c1d570, 16, 24;
S_0x5617e2bff470 .scope module, "mul_45" "b25_cmul" 3 39, 5 1 0, S_0x5617e2bfdea0;
 .timescale 0 0;
    .port_info 0 /INPUT 25 "a";
    .port_info 1 /INPUT 25 "con";
    .port_info 2 /OUTPUT 25 "res";
L_0x5617e2c1e7e0 .functor XOR 1, L_0x5617e2c1e4f0, L_0x5617e2c1e6a0, C4<0>, C4<0>;
v0x5617e2bff650_0 .net *"_ivl_1", 23 0, L_0x5617e2c1deb0;  1 drivers
L_0x7effee16b140 .functor BUFT 1, C4<0000000000000000>, C4<0>, C4<0>, C4<0>;
v0x5617e2bff750_0 .net *"_ivl_11", 15 0, L_0x7effee16b140;  1 drivers
L_0x7effee16b188 .functor BUFT 1, C4<0000000000000000000000000000000000000000>, C4<0>, C4<0>, C4<0>;
v0x5617e2bff830_0 .net/2u *"_ivl_16", 39 0, L_0x7effee16b188;  1 drivers
v0x5617e2bff8f0_0 .net *"_ivl_18", 0 0, L_0x5617e2c1e3b0;  1 drivers
v0x5617e2bff9b0_0 .net *"_ivl_2", 39 0, L_0x5617e2c1df50;  1 drivers
L_0x7effee16b1d0 .functor BUFT 1, C4<0>, C4<0>, C4<0>, C4<0>;
v0x5617e2bffae0_0 .net/2u *"_ivl_20", 0 0, L_0x7effee16b1d0;  1 drivers
v0x5617e2bffbc0_0 .net *"_ivl_23", 0 0, L_0x5617e2c1e4f0;  1 drivers
v0x5617e2bffca0_0 .net *"_ivl_25", 0 0, L_0x5617e2c1e6a0;  1 drivers
v0x5617e2bffd80_0 .net *"_ivl_26", 0 0, L_0x5617e2c1e7e0;  1 drivers
v0x5617e2bffe60_0 .net *"_ivl_28", 0 0, L_0x5617e2c1e8f0;  1 drivers
v0x5617e2bfff40_0 .net *"_ivl_34", 23 0, L_0x5617e2c1ec20;  1 drivers
L_0x7effee16b0f8 .functor BUFT 1, C4<0000000000000000>, C4<0>, C4<0>, C4<0>;
v0x5617e2c00020_0 .net *"_ivl_5", 15 0, L_0x7effee16b0f8;  1 drivers
v0x5617e2c00100_0 .net *"_ivl_7", 23 0, L_0x5617e2c1e090;  1 drivers
v0x5617e2c001e0_0 .net *"_ivl_8", 39 0, L_0x5617e2c1e130;  1 drivers
v0x5617e2c002c0_0 .net "a", 24 0, o0x7effee1baf68;  alias, 0 drivers
L_0x7effee16b218 .functor BUFT 1, C4<0000000001011010100000101>, C4<0>, C4<0>, C4<0>;
v0x5617e2c00380_0 .net "con", 24 0, L_0x7effee16b218;  1 drivers
v0x5617e2c00440_0 .net "res", 24 0, L_0x5617e2c1ea80;  alias, 1 drivers
v0x5617e2c00630_0 .net "um", 39 0, L_0x5617e2c1e270;  1 drivers
L_0x5617e2c1deb0 .part o0x7effee1baf68, 0, 24;
L_0x5617e2c1df50 .concat [ 24 16 0 0], L_0x5617e2c1deb0, L_0x7effee16b0f8;
L_0x5617e2c1e090 .part L_0x7effee16b218, 0, 24;
L_0x5617e2c1e130 .concat [ 24 16 0 0], L_0x5617e2c1e090, L_0x7effee16b140;
L_0x5617e2c1e270 .arith/mult 40, L_0x5617e2c1df50, L_0x5617e2c1e130;
L_0x5617e2c1e3b0 .cmp/eq 40, L_0x5617e2c1e270, L_0x7effee16b188;
L_0x5617e2c1e4f0 .part o0x7effee1baf68, 24, 1;
L_0x5617e2c1e6a0 .part L_0x7effee16b218, 24, 1;
L_0x5617e2c1e8f0 .functor MUXZ 1, L_0x5617e2c1e7e0, L_0x7effee16b1d0, L_0x5617e2c1e3b0, C4<>;
L_0x5617e2c1ea80 .concat8 [ 24 1 0 0], L_0x5617e2c1ec20, L_0x5617e2c1e8f0;
L_0x5617e2c1ec20 .part L_0x5617e2c1e270, 16, 24;
S_0x5617e2c00790 .scope module, "mul_67" "b25_cmul" 3 45, 5 1 0, S_0x5617e2bfdea0;
 .timescale 0 0;
    .port_info 0 /INPUT 25 "a";
    .port_info 1 /INPUT 25 "con";
    .port_info 2 /OUTPUT 25 "res";
L_0x5617e2c1f8a0 .functor XOR 1, L_0x5617e2c1f6c0, L_0x5617e2c1f760, C4<0>, C4<0>;
v0x5617e2c00970_0 .net *"_ivl_1", 23 0, L_0x5617e2c1f0d0;  1 drivers
L_0x7effee16b2a8 .functor BUFT 1, C4<0000000000000000>, C4<0>, C4<0>, C4<0>;
v0x5617e2c00a50_0 .net *"_ivl_11", 15 0, L_0x7effee16b2a8;  1 drivers
L_0x7effee16b2f0 .functor BUFT 1, C4<0000000000000000000000000000000000000000>, C4<0>, C4<0>, C4<0>;
v0x5617e2c00b30_0 .net/2u *"_ivl_16", 39 0, L_0x7effee16b2f0;  1 drivers
v0x5617e2c00c20_0 .net *"_ivl_18", 0 0, L_0x5617e2c1f580;  1 drivers
v0x5617e2c00ce0_0 .net *"_ivl_2", 39 0, L_0x5617e2c1f170;  1 drivers
L_0x7effee16b338 .functor BUFT 1, C4<0>, C4<0>, C4<0>, C4<0>;
v0x5617e2c00e10_0 .net/2u *"_ivl_20", 0 0, L_0x7effee16b338;  1 drivers
v0x5617e2c00ef0_0 .net *"_ivl_23", 0 0, L_0x5617e2c1f6c0;  1 drivers
v0x5617e2c00fd0_0 .net *"_ivl_25", 0 0, L_0x5617e2c1f760;  1 drivers
v0x5617e2c010b0_0 .net *"_ivl_26", 0 0, L_0x5617e2c1f8a0;  1 drivers
v0x5617e2c01190_0 .net *"_ivl_28", 0 0, L_0x5617e2c1f9b0;  1 drivers
v0x5617e2c01270_0 .net *"_ivl_34", 23 0, L_0x5617e2c1fce0;  1 drivers
L_0x7effee16b260 .functor BUFT 1, C4<0000000000000000>, C4<0>, C4<0>, C4<0>;
v0x5617e2c01350_0 .net *"_ivl_5", 15 0, L_0x7effee16b260;  1 drivers
v0x5617e2c01430_0 .net *"_ivl_7", 23 0, L_0x5617e2c1f260;  1 drivers
v0x5617e2c01510_0 .net *"_ivl_8", 39 0, L_0x5617e2c1f300;  1 drivers
v0x5617e2c015f0_0 .net "a", 24 0, o0x7effee1baf68;  alias, 0 drivers
L_0x7effee16b380 .functor BUFT 1, C4<0000000000110000111111000>, C4<0>, C4<0>, C4<0>;
v0x5617e2c016b0_0 .net "con", 24 0, L_0x7effee16b380;  1 drivers
v0x5617e2c01790_0 .net "res", 24 0, L_0x5617e2c1fb40;  alias, 1 drivers
v0x5617e2c01980_0 .net "um", 39 0, L_0x5617e2c1f440;  1 drivers
L_0x5617e2c1f0d0 .part o0x7effee1baf68, 0, 24;
L_0x5617e2c1f170 .concat [ 24 16 0 0], L_0x5617e2c1f0d0, L_0x7effee16b260;
L_0x5617e2c1f260 .part L_0x7effee16b380, 0, 24;
L_0x5617e2c1f300 .concat [ 24 16 0 0], L_0x5617e2c1f260, L_0x7effee16b2a8;
L_0x5617e2c1f440 .arith/mult 40, L_0x5617e2c1f170, L_0x5617e2c1f300;
L_0x5617e2c1f580 .cmp/eq 40, L_0x5617e2c1f440, L_0x7effee16b2f0;
L_0x5617e2c1f6c0 .part o0x7effee1baf68, 24, 1;
L_0x5617e2c1f760 .part L_0x7effee16b380, 24, 1;
L_0x5617e2c1f9b0 .functor MUXZ 1, L_0x5617e2c1f8a0, L_0x7effee16b338, L_0x5617e2c1f580, C4<>;
L_0x5617e2c1fb40 .concat8 [ 24 1 0 0], L_0x5617e2c1fce0, L_0x5617e2c1f9b0;
L_0x5617e2c1fce0 .part L_0x5617e2c1f440, 16, 24;
    .scope S_0x5617e2afe420;
T_0 ;
    %pushi/vec4 0, 0, 32;
    %store/vec4 v0x5617e2b88e80_0, 0, 32;
    %end;
    .thread T_0, $init;
    .scope S_0x5617e2af0500;
T_1 ;
    %wait E_0x5617e2aadfe0;
    %fork t_1, S_0x5617e2afe420;
    %jmp t_0;
    .scope S_0x5617e2afe420;
t_1 ;
    %load/vec4 v0x5617e2c02da0_0;
    %flag_set/vec4 8;
    %jmp/0xz  T_1.0, 8;
    %load/vec4 v0x5617e2c03620_0;
    %pushi/vec4 0, 0, 1;
    %cmp/e;
    %flag_get/vec4 4;
    %load/vec4 v0x5617e2c037a0_0;
    %pushi/vec4 1, 0, 1;
    %cmp/e;
    %flag_get/vec4 4;
    %and;
    %flag_set/vec4 8;
    %jmp/0xz  T_1.2, 8;
    %load/vec4 v0x5617e2b88e80_0;
    %cmpi/u 8, 0, 32;
    %jmp/0xz  T_1.4, 5;
    %pushi/vec4 0, 0, 32;
    %store/vec4 v0x5617e2b77040_0, 0, 32;
    %pushi/vec4 4, 0, 32;
    %store/vec4 v0x5617e2b65200_0, 0, 32;
    %ix/getv 4, v0x5617e2b77040_0;
    %load/vec4a v0x5617e2c02ee0, 4;
    %pad/u 32;
    %cmpi/ne 4, 0, 32;
    %jmp/0xz  T_1.6, 4;
    %load/vec4 v0x5617e2b88e80_0;
    %pad/u 35;
    %pad/u 37;
    %muli 4, 0, 37;
    %pad/u 38;
    %ix/getv 5, v0x5617e2b77040_0;
    %load/vec4a v0x5617e2c02ee0, 5;
    %parti/s 2, 0, 2;
    %pad/u 4;
    %pad/u 38;
    %add;
    %ix/vec4 4;
    %load/vec4a v0x5617e2c02950, 4;
    %store/vec4 v0x5617e2bacb00_0, 0, 25;
    %ix/load 4, 0, 0;
    %flag_set/imm 4, 0;
    %load/vec4a v0x5617e2c024f0, 4;
    %ix/load 4, 0, 0;
    %flag_set/imm 4, 0;
    %store/vec4a v0x5617e2c01ca0, 4, 0;
    %load/vec4 v0x5617e2bacb00_0;
    %parti/s 24, 0, 2;
    %ix/load 4, 0, 0;
    %flag_set/imm 4, 0;
    %flag_mov 8, 4;
    %ix/load 5, 0, 0;
    %flag_set/imm 4, 0;
    %flag_or 4, 8;
    %store/vec4a v0x5617e2c020b0, 4, 5;
    %ix/getv 4, v0x5617e2b77040_0;
    %load/vec4a v0x5617e2c02e40, 4;
    %flag_set/vec4 8;
    %jmp/0 T_1.8, 8;
    %load/vec4 v0x5617e2bacb00_0;
    %parti/s 1, 24, 6;
    %inv;
    %jmp/1 T_1.9, 8;
T_1.8 ; End of true expr.
    %load/vec4 v0x5617e2bacb00_0;
    %parti/s 1, 24, 6;
    %jmp/0 T_1.9, 8;
 ; End of false expr.
    %blend;
T_1.9;
    %ix/load 4, 0, 0;
    %flag_set/imm 4, 0;
    %flag_mov 8, 4;
    %ix/load 5, 24, 0;
    %flag_set/imm 4, 0;
    %flag_or 4, 8;
    %store/vec4a v0x5617e2c020b0, 4, 5;
T_1.6 ;
    %ix/getv 4, v0x5617e2b77040_0;
    %load/vec4a v0x5617e2c02ee0, 4;
    %pad/u 32;
    %cmpi/ne 0, 0, 32;
    %jmp/0xz  T_1.10, 4;
    %load/vec4 v0x5617e2b88e80_0;
    %pad/u 35;
    %pad/u 37;
    %muli 4, 0, 37;
    %pad/u 38;
    %ix/getv 5, v0x5617e2b65200_0;
    %load/vec4a v0x5617e2c02ee0, 5;
    %parti/s 2, 0, 2;
    %pad/u 4;
    %pad/u 38;
    %add;
    %ix/vec4 4;
    %load/vec4a v0x5617e2c02950, 4;
    %store/vec4 v0x5617e2b9acc0_0, 0, 25;
    %ix/load 4, 1, 0;
    %flag_set/imm 4, 0;
    %load/vec4a v0x5617e2c024f0, 4;
    %ix/load 4, 1, 0;
    %flag_set/imm 4, 0;
    %store/vec4a v0x5617e2c01ca0, 4, 0;
    %load/vec4 v0x5617e2b9acc0_0;
    %parti/s 24, 0, 2;
    %ix/load 4, 1, 0;
    %flag_set/imm 4, 0;
    %flag_mov 8, 4;
    %ix/load 5, 0, 0;
    %flag_set/imm 4, 0;
    %flag_or 4, 8;
    %store/vec4a v0x5617e2c020b0, 4, 5;
    %ix/getv 4, v0x5617e2b65200_0;
    %load/vec4a v0x5617e2c02e40, 4;
    %flag_set/vec4 8;
    %jmp/0 T_1.12, 8;
    %load/vec4 v0x5617e2b9acc0_0;
    %parti/s 1, 24, 6;
    %inv;
    %jmp/1 T_1.13, 8;
T_1.12 ; End of true expr.
    %load/vec4 v0x5617e2b9acc0_0;
    %parti/s 1, 24, 6;
    %jmp/0 T_1.13, 8;
 ; End of false expr.
    %blend;
T_1.13;
    %ix/load 4, 1, 0;
    %flag_set/imm 4, 0;
    %flag_mov 8, 4;
    %ix/load 5, 24, 0;
    %flag_set/imm 4, 0;
    %flag_or 4, 8;
    %store/vec4a v0x5617e2c020b0, 4, 5;
T_1.10 ;
    %jmp T_1.5;
T_1.4 ;
    ; show_stmt_assign_vector: Get l-value for compressed += operand
    %load/vec4 v0x5617e2b88e80_0;
    %pushi/vec4 1, 0, 32;
    %add;
    %cast2;
    %store/vec4 v0x5617e2b88e80_0, 0, 32;
T_1.5 ;
T_1.2 ;
    %jmp T_1.1;
T_1.0 ;
    %pushi/vec4 1, 0, 1;
    %ix/load 4, 0, 0;
    %flag_set/imm 4, 0;
    %store/vec4 v0x5617e2c030a0_0, 4, 1;
T_1.1 ;
    %end;
    .scope S_0x5617e2af0500;
t_0 %join;
    %jmp T_1;
    .thread T_1, $push;
    .scope S_0x5617e2b20300;
T_2 ;
    %pushi/vec4 0, 0, 32;
    %store/vec4 v0x5617e2bd6c20_0, 0, 32;
    %end;
    .thread T_2, $init;
    .scope S_0x5617e2b12030;
T_3 ;
    %wait E_0x5617e2aadfe0;
    %fork t_3, S_0x5617e2b20300;
    %jmp t_2;
    .scope S_0x5617e2b20300;
t_3 ;
    %load/vec4 v0x5617e2c02da0_0;
    %flag_set/vec4 8;
    %jmp/0xz  T_3.0, 8;
    %load/vec4 v0x5617e2c03620_0;
    %pushi/vec4 0, 0, 1;
    %cmp/e;
    %flag_get/vec4 4;
    %load/vec4 v0x5617e2c037a0_0;
    %pushi/vec4 1, 0, 1;
    %cmp/e;
    %flag_get/vec4 4;
    %and;
    %flag_set/vec4 8;
    %jmp/0xz  T_3.2, 8;
    %load/vec4 v0x5617e2bd6c20_0;
    %cmpi/u 8, 0, 32;
    %jmp/0xz  T_3.4, 5;
    %load/vec4 v0x5617e2bd6c20_0;
    %pad/u 34;
    %muli 1, 0, 34;
    %pushi/vec4 16, 0, 34;
    %mod;
    %cast2;
    %pad/u 32;
    %store/vec4 v0x5617e2bd6ce0_0, 0, 32;
    %pushi/vec4 4, 0, 35;
    %load/vec4 v0x5617e2bd6c20_0;
    %pad/u 35;
    %muli 1, 0, 35;
    %sub;
    %pushi/vec4 16, 0, 35;
    %mod;
    %cast2;
    %pad/u 32;
    %store/vec4 v0x5617e2bd6dc0_0, 0, 32;
    %ix/getv 4, v0x5617e2bd6ce0_0;
    %load/vec4a v0x5617e2c02ee0, 4;
    %pad/u 32;
    %cmpi/ne 4, 0, 32;
    %jmp/0xz  T_3.6, 4;
    %load/vec4 v0x5617e2bd6c20_0;
    %pad/u 35;
    %pad/u 37;
    %muli 4, 0, 37;
    %pad/u 38;
    %ix/getv 5, v0x5617e2bd6ce0_0;
    %load/vec4a v0x5617e2c02ee0, 5;
    %parti/s 2, 0, 2;
    %pad/u 4;
    %pad/u 38;
    %add;
    %ix/vec4 4;
    %load/vec4a v0x5617e2c02950, 4;
    %store/vec4 v0x5617e2bd6a40_0, 0, 25;
    %ix/load 4, 2, 0;
    %flag_set/imm 4, 0;
    %load/vec4a v0x5617e2c024f0, 4;
    %ix/load 4, 2, 0;
    %flag_set/imm 4, 0;
    %store/vec4a v0x5617e2c01ca0, 4, 0;
    %load/vec4 v0x5617e2bd6a40_0;
    %parti/s 24, 0, 2;
    %ix/load 4, 2, 0;
    %flag_set/imm 4, 0;
    %flag_mov 8, 4;
    %ix/load 5, 0, 0;
    %flag_set/imm 4, 0;
    %flag_or 4, 8;
    %store/vec4a v0x5617e2c020b0, 4, 5;
    %ix/getv 4, v0x5617e2bd6ce0_0;
    %load/vec4a v0x5617e2c02e40, 4;
    %flag_set/vec4 8;
    %jmp/0 T_3.8, 8;
    %load/vec4 v0x5617e2bd6a40_0;
    %parti/s 1, 24, 6;
    %inv;
    %jmp/1 T_3.9, 8;
T_3.8 ; End of true expr.
    %load/vec4 v0x5617e2bd6a40_0;
    %parti/s 1, 24, 6;
    %jmp/0 T_3.9, 8;
 ; End of false expr.
    %blend;
T_3.9;
    %ix/load 4, 2, 0;
    %flag_set/imm 4, 0;
    %flag_mov 8, 4;
    %ix/load 5, 24, 0;
    %flag_set/imm 4, 0;
    %flag_or 4, 8;
    %store/vec4a v0x5617e2c020b0, 4, 5;
T_3.6 ;
    %ix/getv 4, v0x5617e2bd6ce0_0;
    %load/vec4a v0x5617e2c02ee0, 4;
    %pad/u 32;
    %cmpi/ne 0, 0, 32;
    %jmp/0xz  T_3.10, 4;
    %load/vec4 v0x5617e2bd6c20_0;
    %pad/u 35;
    %pad/u 37;
    %muli 4, 0, 37;
    %pad/u 38;
    %ix/getv 5, v0x5617e2bd6dc0_0;
    %load/vec4a v0x5617e2c02ee0, 5;
    %parti/s 2, 0, 2;
    %pad/u 4;
    %pad/u 38;
    %add;
    %ix/vec4 4;
    %load/vec4a v0x5617e2c02950, 4;
    %store/vec4 v0x5617e2bd6b40_0, 0, 25;
    %ix/load 4, 3, 0;
    %flag_set/imm 4, 0;
    %load/vec4a v0x5617e2c024f0, 4;
    %ix/load 4, 3, 0;
    %flag_set/imm 4, 0;
    %store/vec4a v0x5617e2c01ca0, 4, 0;
    %load/vec4 v0x5617e2bd6b40_0;
    %parti/s 24, 0, 2;
    %ix/load 4, 3, 0;
    %flag_set/imm 4, 0;
    %flag_mov 8, 4;
    %ix/load 5, 0, 0;
    %flag_set/imm 4, 0;
    %flag_or 4, 8;
    %store/vec4a v0x5617e2c020b0, 4, 5;
    %ix/getv 4, v0x5617e2bd6dc0_0;
    %load/vec4a v0x5617e2c02e40, 4;
    %flag_set/vec4 8;
    %jmp/0 T_3.12, 8;
    %load/vec4 v0x5617e2bd6b40_0;
    %parti/s 1, 24, 6;
    %inv;
    %jmp/1 T_3.13, 8;
T_3.12 ; End of true expr.
    %load/vec4 v0x5617e2bd6b40_0;
    %parti/s 1, 24, 6;
    %jmp/0 T_3.13, 8;
 ; End of false expr.
    %blend;
T_3.13;
    %ix/load 4, 3, 0;
    %flag_set/imm 4, 0;
    %flag_mov 8, 4;
    %ix/load 5, 24, 0;
    %flag_set/imm 4, 0;
    %flag_or 4, 8;
    %store/vec4a v0x5617e2c020b0, 4, 5;
T_3.10 ;
    %jmp T_3.5;
T_3.4 ;
    ; show_stmt_assign_vector: Get l-value for compressed += operand
    %load/vec4 v0x5617e2bd6c20_0;
    %pushi/vec4 1, 0, 32;
    %add;
    %cast2;
    %store/vec4 v0x5617e2bd6c20_0, 0, 32;
T_3.5 ;
T_3.2 ;
    %jmp T_3.1;
T_3.0 ;
    %pushi/vec4 1, 0, 1;
    %ix/load 4, 1, 0;
    %flag_set/imm 4, 0;
    %store/vec4 v0x5617e2c030a0_0, 4, 1;
T_3.1 ;
    %end;
    .scope S_0x5617e2b12030;
t_2 %join;
    %jmp T_3;
    .thread T_3, $push;
    .scope S_0x5617e2bd9f60;
T_4 ;
    %pushi/vec4 0, 0, 32;
    %store/vec4 v0x5617e2bda320_0, 0, 32;
    %end;
    .thread T_4, $init;
    .scope S_0x5617e2bd9ca0;
T_5 ;
    %wait E_0x5617e2aadfe0;
    %fork t_5, S_0x5617e2bd9f60;
    %jmp t_4;
    .scope S_0x5617e2bd9f60;
t_5 ;
    %load/vec4 v0x5617e2c02da0_0;
    %flag_set/vec4 8;
    %jmp/0xz  T_5.0, 8;
    %load/vec4 v0x5617e2c03620_0;
    %pushi/vec4 0, 0, 1;
    %cmp/e;
    %flag_get/vec4 4;
    %load/vec4 v0x5617e2c037a0_0;
    %pushi/vec4 1, 0, 1;
    %cmp/e;
    %flag_get/vec4 4;
    %and;
    %flag_set/vec4 8;
    %jmp/0xz  T_5.2, 8;
    %load/vec4 v0x5617e2bda320_0;
    %cmpi/u 8, 0, 32;
    %jmp/0xz  T_5.4, 5;
    %load/vec4 v0x5617e2bda320_0;
    %pad/u 35;
    %muli 2, 0, 35;
    %pushi/vec4 16, 0, 35;
    %mod;
    %cast2;
    %pad/u 32;
    %store/vec4 v0x5617e2bda3e0_0, 0, 32;
    %pushi/vec4 4, 0, 36;
    %load/vec4 v0x5617e2bda320_0;
    %pad/u 36;
    %muli 2, 0, 36;
    %sub;
    %pushi/vec4 16, 0, 36;
    %mod;
    %cast2;
    %pad/u 32;
    %store/vec4 v0x5617e2bda4c0_0, 0, 32;
    %ix/getv 4, v0x5617e2bda3e0_0;
    %load/vec4a v0x5617e2c02ee0, 4;
    %pad/u 32;
    %cmpi/ne 4, 0, 32;
    %jmp/0xz  T_5.6, 4;
    %load/vec4 v0x5617e2bda320_0;
    %pad/u 35;
    %pad/u 37;
    %muli 4, 0, 37;
    %pad/u 38;
    %ix/getv 5, v0x5617e2bda3e0_0;
    %load/vec4a v0x5617e2c02ee0, 5;
    %parti/s 2, 0, 2;
    %pad/u 4;
    %pad/u 38;
    %add;
    %ix/vec4 4;
    %load/vec4a v0x5617e2c02950, 4;
    %store/vec4 v0x5617e2bda140_0, 0, 25;
    %ix/load 4, 4, 0;
    %flag_set/imm 4, 0;
    %load/vec4a v0x5617e2c024f0, 4;
    %ix/load 4, 4, 0;
    %flag_set/imm 4, 0;
    %store/vec4a v0x5617e2c01ca0, 4, 0;
    %load/vec4 v0x5617e2bda140_0;
    %parti/s 24, 0, 2;
    %ix/load 4, 4, 0;
    %flag_set/imm 4, 0;
    %flag_mov 8, 4;
    %ix/load 5, 0, 0;
    %flag_set/imm 4, 0;
    %flag_or 4, 8;
    %store/vec4a v0x5617e2c020b0, 4, 5;
    %ix/getv 4, v0x5617e2bda3e0_0;
    %load/vec4a v0x5617e2c02e40, 4;
    %flag_set/vec4 8;
    %jmp/0 T_5.8, 8;
    %load/vec4 v0x5617e2bda140_0;
    %parti/s 1, 24, 6;
    %inv;
    %jmp/1 T_5.9, 8;
T_5.8 ; End of true expr.
    %load/vec4 v0x5617e2bda140_0;
    %parti/s 1, 24, 6;
    %jmp/0 T_5.9, 8;
 ; End of false expr.
    %blend;
T_5.9;
    %ix/load 4, 4, 0;
    %flag_set/imm 4, 0;
    %flag_mov 8, 4;
    %ix/load 5, 24, 0;
    %flag_set/imm 4, 0;
    %flag_or 4, 8;
    %store/vec4a v0x5617e2c020b0, 4, 5;
T_5.6 ;
    %ix/getv 4, v0x5617e2bda3e0_0;
    %load/vec4a v0x5617e2c02ee0, 4;
    %pad/u 32;
    %cmpi/ne 0, 0, 32;
    %jmp/0xz  T_5.10, 4;
    %load/vec4 v0x5617e2bda320_0;
    %pad/u 35;
    %pad/u 37;
    %muli 4, 0, 37;
    %pad/u 38;
    %ix/getv 5, v0x5617e2bda4c0_0;
    %load/vec4a v0x5617e2c02ee0, 5;
    %parti/s 2, 0, 2;
    %pad/u 4;
    %pad/u 38;
    %add;
    %ix/vec4 4;
    %load/vec4a v0x5617e2c02950, 4;
    %store/vec4 v0x5617e2bda240_0, 0, 25;
    %ix/load 4, 5, 0;
    %flag_set/imm 4, 0;
    %load/vec4a v0x5617e2c024f0, 4;
    %ix/load 4, 5, 0;
    %flag_set/imm 4, 0;
    %store/vec4a v0x5617e2c01ca0, 4, 0;
    %load/vec4 v0x5617e2bda240_0;
    %parti/s 24, 0, 2;
    %ix/load 4, 5, 0;
    %flag_set/imm 4, 0;
    %flag_mov 8, 4;
    %ix/load 5, 0, 0;
    %flag_set/imm 4, 0;
    %flag_or 4, 8;
    %store/vec4a v0x5617e2c020b0, 4, 5;
    %ix/getv 4, v0x5617e2bda4c0_0;
    %load/vec4a v0x5617e2c02e40, 4;
    %flag_set/vec4 8;
    %jmp/0 T_5.12, 8;
    %load/vec4 v0x5617e2bda240_0;
    %parti/s 1, 24, 6;
    %inv;
    %jmp/1 T_5.13, 8;
T_5.12 ; End of true expr.
    %load/vec4 v0x5617e2bda240_0;
    %parti/s 1, 24, 6;
    %jmp/0 T_5.13, 8;
 ; End of false expr.
    %blend;
T_5.13;
    %ix/load 4, 5, 0;
    %flag_set/imm 4, 0;
    %flag_mov 8, 4;
    %ix/load 5, 24, 0;
    %flag_set/imm 4, 0;
    %flag_or 4, 8;
    %store/vec4a v0x5617e2c020b0, 4, 5;
T_5.10 ;
    %jmp T_5.5;
T_5.4 ;
    ; show_stmt_assign_vector: Get l-value for compressed += operand
    %load/vec4 v0x5617e2bda320_0;
    %pushi/vec4 1, 0, 32;
    %add;
    %cast2;
    %store/vec4 v0x5617e2bda320_0, 0, 32;
T_5.5 ;
T_5.2 ;
    %jmp T_5.1;
T_5.0 ;
    %pushi/vec4 1, 0, 1;
    %ix/load 4, 2, 0;
    %flag_set/imm 4, 0;
    %store/vec4 v0x5617e2c030a0_0, 4, 1;
T_5.1 ;
    %end;
    .scope S_0x5617e2bd9ca0;
t_4 %join;
    %jmp T_5;
    .thread T_5, $push;
    .scope S_0x5617e2bdd680;
T_6 ;
    %pushi/vec4 0, 0, 32;
    %store/vec4 v0x5617e2bdda40_0, 0, 32;
    %end;
    .thread T_6, $init;
    .scope S_0x5617e2bdd3a0;
T_7 ;
    %wait E_0x5617e2aadfe0;
    %fork t_7, S_0x5617e2bdd680;
    %jmp t_6;
    .scope S_0x5617e2bdd680;
t_7 ;
    %load/vec4 v0x5617e2c02da0_0;
    %flag_set/vec4 8;
    %jmp/0xz  T_7.0, 8;
    %load/vec4 v0x5617e2c03620_0;
    %pushi/vec4 0, 0, 1;
    %cmp/e;
    %flag_get/vec4 4;
    %load/vec4 v0x5617e2c037a0_0;
    %pushi/vec4 1, 0, 1;
    %cmp/e;
    %flag_get/vec4 4;
    %and;
    %flag_set/vec4 8;
    %jmp/0xz  T_7.2, 8;
    %load/vec4 v0x5617e2bdda40_0;
    %cmpi/u 8, 0, 32;
    %jmp/0xz  T_7.4, 5;
    %load/vec4 v0x5617e2bdda40_0;
    %pad/u 35;
    %muli 3, 0, 35;
    %pushi/vec4 16, 0, 35;
    %mod;
    %cast2;
    %pad/u 32;
    %store/vec4 v0x5617e2bddb00_0, 0, 32;
    %pushi/vec4 4, 0, 36;
    %load/vec4 v0x5617e2bdda40_0;
    %pad/u 36;
    %muli 3, 0, 36;
    %sub;
    %pushi/vec4 16, 0, 36;
    %mod;
    %cast2;
    %pad/u 32;
    %store/vec4 v0x5617e2bddbe0_0, 0, 32;
    %ix/getv 4, v0x5617e2bddb00_0;
    %load/vec4a v0x5617e2c02ee0, 4;
    %pad/u 32;
    %cmpi/ne 4, 0, 32;
    %jmp/0xz  T_7.6, 4;
    %load/vec4 v0x5617e2bdda40_0;
    %pad/u 35;
    %pad/u 37;
    %muli 4, 0, 37;
    %pad/u 38;
    %ix/getv 5, v0x5617e2bddb00_0;
    %load/vec4a v0x5617e2c02ee0, 5;
    %parti/s 2, 0, 2;
    %pad/u 4;
    %pad/u 38;
    %add;
    %ix/vec4 4;
    %load/vec4a v0x5617e2c02950, 4;
    %store/vec4 v0x5617e2bdd860_0, 0, 25;
    %ix/load 4, 6, 0;
    %flag_set/imm 4, 0;
    %load/vec4a v0x5617e2c024f0, 4;
    %ix/load 4, 6, 0;
    %flag_set/imm 4, 0;
    %store/vec4a v0x5617e2c01ca0, 4, 0;
    %load/vec4 v0x5617e2bdd860_0;
    %parti/s 24, 0, 2;
    %ix/load 4, 6, 0;
    %flag_set/imm 4, 0;
    %flag_mov 8, 4;
    %ix/load 5, 0, 0;
    %flag_set/imm 4, 0;
    %flag_or 4, 8;
    %store/vec4a v0x5617e2c020b0, 4, 5;
    %ix/getv 4, v0x5617e2bddb00_0;
    %load/vec4a v0x5617e2c02e40, 4;
    %flag_set/vec4 8;
    %jmp/0 T_7.8, 8;
    %load/vec4 v0x5617e2bdd860_0;
    %parti/s 1, 24, 6;
    %inv;
    %jmp/1 T_7.9, 8;
T_7.8 ; End of true expr.
    %load/vec4 v0x5617e2bdd860_0;
    %parti/s 1, 24, 6;
    %jmp/0 T_7.9, 8;
 ; End of false expr.
    %blend;
T_7.9;
    %ix/load 4, 6, 0;
    %flag_set/imm 4, 0;
    %flag_mov 8, 4;
    %ix/load 5, 24, 0;
    %flag_set/imm 4, 0;
    %flag_or 4, 8;
    %store/vec4a v0x5617e2c020b0, 4, 5;
T_7.6 ;
    %ix/getv 4, v0x5617e2bddb00_0;
    %load/vec4a v0x5617e2c02ee0, 4;
    %pad/u 32;
    %cmpi/ne 0, 0, 32;
    %jmp/0xz  T_7.10, 4;
    %load/vec4 v0x5617e2bdda40_0;
    %pad/u 35;
    %pad/u 37;
    %muli 4, 0, 37;
    %pad/u 38;
    %ix/getv 5, v0x5617e2bddbe0_0;
    %load/vec4a v0x5617e2c02ee0, 5;
    %parti/s 2, 0, 2;
    %pad/u 4;
    %pad/u 38;
    %add;
    %ix/vec4 4;
    %load/vec4a v0x5617e2c02950, 4;
    %store/vec4 v0x5617e2bdd960_0, 0, 25;
    %ix/load 4, 7, 0;
    %flag_set/imm 4, 0;
    %load/vec4a v0x5617e2c024f0, 4;
    %ix/load 4, 7, 0;
    %flag_set/imm 4, 0;
    %store/vec4a v0x5617e2c01ca0, 4, 0;
    %load/vec4 v0x5617e2bdd960_0;
    %parti/s 24, 0, 2;
    %ix/load 4, 7, 0;
    %flag_set/imm 4, 0;
    %flag_mov 8, 4;
    %ix/load 5, 0, 0;
    %flag_set/imm 4, 0;
    %flag_or 4, 8;
    %store/vec4a v0x5617e2c020b0, 4, 5;
    %ix/getv 4, v0x5617e2bddbe0_0;
    %load/vec4a v0x5617e2c02e40, 4;
    %flag_set/vec4 8;
    %jmp/0 T_7.12, 8;
    %load/vec4 v0x5617e2bdd960_0;
    %parti/s 1, 24, 6;
    %inv;
    %jmp/1 T_7.13, 8;
T_7.12 ; End of true expr.
    %load/vec4 v0x5617e2bdd960_0;
    %parti/s 1, 24, 6;
    %jmp/0 T_7.13, 8;
 ; End of false expr.
    %blend;
T_7.13;
    %ix/load 4, 7, 0;
    %flag_set/imm 4, 0;
    %flag_mov 8, 4;
    %ix/load 5, 24, 0;
    %flag_set/imm 4, 0;
    %flag_or 4, 8;
    %store/vec4a v0x5617e2c020b0, 4, 5;
T_7.10 ;
    %jmp T_7.5;
T_7.4 ;
    ; show_stmt_assign_vector: Get l-value for compressed += operand
    %load/vec4 v0x5617e2bdda40_0;
    %pushi/vec4 1, 0, 32;
    %add;
    %cast2;
    %store/vec4 v0x5617e2bdda40_0, 0, 32;
T_7.5 ;
T_7.2 ;
    %jmp T_7.1;
T_7.0 ;
    %pushi/vec4 1, 0, 1;
    %ix/load 4, 3, 0;
    %flag_set/imm 4, 0;
    %store/vec4 v0x5617e2c030a0_0, 4, 1;
T_7.1 ;
    %end;
    .scope S_0x5617e2bdd3a0;
t_6 %join;
    %jmp T_7;
    .thread T_7, $push;
    .scope S_0x5617e2be0e20;
T_8 ;
    %pushi/vec4 0, 0, 32;
    %store/vec4 v0x5617e2be11e0_0, 0, 32;
    %end;
    .thread T_8, $init;
    .scope S_0x5617e2be0af0;
T_9 ;
    %wait E_0x5617e2aadfe0;
    %fork t_9, S_0x5617e2be0e20;
    %jmp t_8;
    .scope S_0x5617e2be0e20;
t_9 ;
    %load/vec4 v0x5617e2c02da0_0;
    %flag_set/vec4 8;
    %jmp/0xz  T_9.0, 8;
    %load/vec4 v0x5617e2c03620_0;
    %pushi/vec4 0, 0, 1;
    %cmp/e;
    %flag_get/vec4 4;
    %load/vec4 v0x5617e2c037a0_0;
    %pushi/vec4 1, 0, 1;
    %cmp/e;
    %flag_get/vec4 4;
    %and;
    %flag_set/vec4 8;
    %jmp/0xz  T_9.2, 8;
    %load/vec4 v0x5617e2be11e0_0;
    %cmpi/u 8, 0, 32;
    %jmp/0xz  T_9.4, 5;
    %load/vec4 v0x5617e2be11e0_0;
    %pad/u 36;
    %muli 4, 0, 36;
    %pushi/vec4 16, 0, 36;
    %mod;
    %cast2;
    %pad/u 32;
    %store/vec4 v0x5617e2be12a0_0, 0, 32;
    %pushi/vec4 4, 0, 37;
    %load/vec4 v0x5617e2be11e0_0;
    %pad/u 37;
    %muli 4, 0, 37;
    %sub;
    %pushi/vec4 16, 0, 37;
    %mod;
    %cast2;
    %pad/u 32;
    %store/vec4 v0x5617e2be1380_0, 0, 32;
    %ix/getv 4, v0x5617e2be12a0_0;
    %load/vec4a v0x5617e2c02ee0, 4;
    %pad/u 32;
    %cmpi/ne 4, 0, 32;
    %jmp/0xz  T_9.6, 4;
    %load/vec4 v0x5617e2be11e0_0;
    %pad/u 35;
    %pad/u 37;
    %muli 4, 0, 37;
    %pad/u 38;
    %ix/getv 5, v0x5617e2be12a0_0;
    %load/vec4a v0x5617e2c02ee0, 5;
    %parti/s 2, 0, 2;
    %pad/u 4;
    %pad/u 38;
    %add;
    %ix/vec4 4;
    %load/vec4a v0x5617e2c02950, 4;
    %store/vec4 v0x5617e2be1000_0, 0, 25;
    %ix/load 4, 8, 0;
    %flag_set/imm 4, 0;
    %load/vec4a v0x5617e2c024f0, 4;
    %ix/load 4, 8, 0;
    %flag_set/imm 4, 0;
    %store/vec4a v0x5617e2c01ca0, 4, 0;
    %load/vec4 v0x5617e2be1000_0;
    %parti/s 24, 0, 2;
    %ix/load 4, 8, 0;
    %flag_set/imm 4, 0;
    %flag_mov 8, 4;
    %ix/load 5, 0, 0;
    %flag_set/imm 4, 0;
    %flag_or 4, 8;
    %store/vec4a v0x5617e2c020b0, 4, 5;
    %ix/getv 4, v0x5617e2be12a0_0;
    %load/vec4a v0x5617e2c02e40, 4;
    %flag_set/vec4 8;
    %jmp/0 T_9.8, 8;
    %load/vec4 v0x5617e2be1000_0;
    %parti/s 1, 24, 6;
    %inv;
    %jmp/1 T_9.9, 8;
T_9.8 ; End of true expr.
    %load/vec4 v0x5617e2be1000_0;
    %parti/s 1, 24, 6;
    %jmp/0 T_9.9, 8;
 ; End of false expr.
    %blend;
T_9.9;
    %ix/load 4, 8, 0;
    %flag_set/imm 4, 0;
    %flag_mov 8, 4;
    %ix/load 5, 24, 0;
    %flag_set/imm 4, 0;
    %flag_or 4, 8;
    %store/vec4a v0x5617e2c020b0, 4, 5;
T_9.6 ;
    %ix/getv 4, v0x5617e2be12a0_0;
    %load/vec4a v0x5617e2c02ee0, 4;
    %pad/u 32;
    %cmpi/ne 0, 0, 32;
    %jmp/0xz  T_9.10, 4;
    %load/vec4 v0x5617e2be11e0_0;
    %pad/u 35;
    %pad/u 37;
    %muli 4, 0, 37;
    %pad/u 38;
    %ix/getv 5, v0x5617e2be1380_0;
    %load/vec4a v0x5617e2c02ee0, 5;
    %parti/s 2, 0, 2;
    %pad/u 4;
    %pad/u 38;
    %add;
    %ix/vec4 4;
    %load/vec4a v0x5617e2c02950, 4;
    %store/vec4 v0x5617e2be1100_0, 0, 25;
    %ix/load 4, 9, 0;
    %flag_set/imm 4, 0;
    %load/vec4a v0x5617e2c024f0, 4;
    %ix/load 4, 9, 0;
    %flag_set/imm 4, 0;
    %store/vec4a v0x5617e2c01ca0, 4, 0;
    %load/vec4 v0x5617e2be1100_0;
    %parti/s 24, 0, 2;
    %ix/load 4, 9, 0;
    %flag_set/imm 4, 0;
    %flag_mov 8, 4;
    %ix/load 5, 0, 0;
    %flag_set/imm 4, 0;
    %flag_or 4, 8;
    %store/vec4a v0x5617e2c020b0, 4, 5;
    %ix/getv 4, v0x5617e2be1380_0;
    %load/vec4a v0x5617e2c02e40, 4;
    %flag_set/vec4 8;
    %jmp/0 T_9.12, 8;
    %load/vec4 v0x5617e2be1100_0;
    %parti/s 1, 24, 6;
    %inv;
    %jmp/1 T_9.13, 8;
T_9.12 ; End of true expr.
    %load/vec4 v0x5617e2be1100_0;
    %parti/s 1, 24, 6;
    %jmp/0 T_9.13, 8;
 ; End of false expr.
    %blend;
T_9.13;
    %ix/load 4, 9, 0;
    %flag_set/imm 4, 0;
    %flag_mov 8, 4;
    %ix/load 5, 24, 0;
    %flag_set/imm 4, 0;
    %flag_or 4, 8;
    %store/vec4a v0x5617e2c020b0, 4, 5;
T_9.10 ;
    %jmp T_9.5;
T_9.4 ;
    ; show_stmt_assign_vector: Get l-value for compressed += operand
    %load/vec4 v0x5617e2be11e0_0;
    %pushi/vec4 1, 0, 32;
    %add;
    %cast2;
    %store/vec4 v0x5617e2be11e0_0, 0, 32;
T_9.5 ;
T_9.2 ;
    %jmp T_9.1;
T_9.0 ;
    %pushi/vec4 1, 0, 1;
    %ix/load 4, 4, 0;
    %flag_set/imm 4, 0;
    %store/vec4 v0x5617e2c030a0_0, 4, 1;
T_9.1 ;
    %end;
    .scope S_0x5617e2be0af0;
t_8 %join;
    %jmp T_9;
    .thread T_9, $push;
    .scope S_0x5617e2be4540;
T_10 ;
    %pushi/vec4 0, 0, 32;
    %store/vec4 v0x5617e2be4900_0, 0, 32;
    %end;
    .thread T_10, $init;
    .scope S_0x5617e2be4260;
T_11 ;
    %wait E_0x5617e2aadfe0;
    %fork t_11, S_0x5617e2be4540;
    %jmp t_10;
    .scope S_0x5617e2be4540;
t_11 ;
    %load/vec4 v0x5617e2c02da0_0;
    %flag_set/vec4 8;
    %jmp/0xz  T_11.0, 8;
    %load/vec4 v0x5617e2c03620_0;
    %pushi/vec4 0, 0, 1;
    %cmp/e;
    %flag_get/vec4 4;
    %load/vec4 v0x5617e2c037a0_0;
    %pushi/vec4 1, 0, 1;
    %cmp/e;
    %flag_get/vec4 4;
    %and;
    %flag_set/vec4 8;
    %jmp/0xz  T_11.2, 8;
    %load/vec4 v0x5617e2be4900_0;
    %cmpi/u 8, 0, 32;
    %jmp/0xz  T_11.4, 5;
    %load/vec4 v0x5617e2be4900_0;
    %pad/u 36;
    %muli 5, 0, 36;
    %pushi/vec4 16, 0, 36;
    %mod;
    %cast2;
    %pad/u 32;
    %store/vec4 v0x5617e2be49c0_0, 0, 32;
    %pushi/vec4 4, 0, 37;
    %load/vec4 v0x5617e2be4900_0;
    %pad/u 37;
    %muli 5, 0, 37;
    %sub;
    %pushi/vec4 16, 0, 37;
    %mod;
    %cast2;
    %pad/u 32;
    %store/vec4 v0x5617e2be4aa0_0, 0, 32;
    %ix/getv 4, v0x5617e2be49c0_0;
    %load/vec4a v0x5617e2c02ee0, 4;
    %pad/u 32;
    %cmpi/ne 4, 0, 32;
    %jmp/0xz  T_11.6, 4;
    %load/vec4 v0x5617e2be4900_0;
    %pad/u 35;
    %pad/u 37;
    %muli 4, 0, 37;
    %pad/u 38;
    %ix/getv 5, v0x5617e2be49c0_0;
    %load/vec4a v0x5617e2c02ee0, 5;
    %parti/s 2, 0, 2;
    %pad/u 4;
    %pad/u 38;
    %add;
    %ix/vec4 4;
    %load/vec4a v0x5617e2c02950, 4;
    %store/vec4 v0x5617e2be4720_0, 0, 25;
    %ix/load 4, 10, 0;
    %flag_set/imm 4, 0;
    %load/vec4a v0x5617e2c024f0, 4;
    %ix/load 4, 10, 0;
    %flag_set/imm 4, 0;
    %store/vec4a v0x5617e2c01ca0, 4, 0;
    %load/vec4 v0x5617e2be4720_0;
    %parti/s 24, 0, 2;
    %ix/load 4, 10, 0;
    %flag_set/imm 4, 0;
    %flag_mov 8, 4;
    %ix/load 5, 0, 0;
    %flag_set/imm 4, 0;
    %flag_or 4, 8;
    %store/vec4a v0x5617e2c020b0, 4, 5;
    %ix/getv 4, v0x5617e2be49c0_0;
    %load/vec4a v0x5617e2c02e40, 4;
    %flag_set/vec4 8;
    %jmp/0 T_11.8, 8;
    %load/vec4 v0x5617e2be4720_0;
    %parti/s 1, 24, 6;
    %inv;
    %jmp/1 T_11.9, 8;
T_11.8 ; End of true expr.
    %load/vec4 v0x5617e2be4720_0;
    %parti/s 1, 24, 6;
    %jmp/0 T_11.9, 8;
 ; End of false expr.
    %blend;
T_11.9;
    %ix/load 4, 10, 0;
    %flag_set/imm 4, 0;
    %flag_mov 8, 4;
    %ix/load 5, 24, 0;
    %flag_set/imm 4, 0;
    %flag_or 4, 8;
    %store/vec4a v0x5617e2c020b0, 4, 5;
T_11.6 ;
    %ix/getv 4, v0x5617e2be49c0_0;
    %load/vec4a v0x5617e2c02ee0, 4;
    %pad/u 32;
    %cmpi/ne 0, 0, 32;
    %jmp/0xz  T_11.10, 4;
    %load/vec4 v0x5617e2be4900_0;
    %pad/u 35;
    %pad/u 37;
    %muli 4, 0, 37;
    %pad/u 38;
    %ix/getv 5, v0x5617e2be4aa0_0;
    %load/vec4a v0x5617e2c02ee0, 5;
    %parti/s 2, 0, 2;
    %pad/u 4;
    %pad/u 38;
    %add;
    %ix/vec4 4;
    %load/vec4a v0x5617e2c02950, 4;
    %store/vec4 v0x5617e2be4820_0, 0, 25;
    %ix/load 4, 11, 0;
    %flag_set/imm 4, 0;
    %load/vec4a v0x5617e2c024f0, 4;
    %ix/load 4, 11, 0;
    %flag_set/imm 4, 0;
    %store/vec4a v0x5617e2c01ca0, 4, 0;
    %load/vec4 v0x5617e2be4820_0;
    %parti/s 24, 0, 2;
    %ix/load 4, 11, 0;
    %flag_set/imm 4, 0;
    %flag_mov 8, 4;
    %ix/load 5, 0, 0;
    %flag_set/imm 4, 0;
    %flag_or 4, 8;
    %store/vec4a v0x5617e2c020b0, 4, 5;
    %ix/getv 4, v0x5617e2be4aa0_0;
    %load/vec4a v0x5617e2c02e40, 4;
    %flag_set/vec4 8;
    %jmp/0 T_11.12, 8;
    %load/vec4 v0x5617e2be4820_0;
    %parti/s 1, 24, 6;
    %inv;
    %jmp/1 T_11.13, 8;
T_11.12 ; End of true expr.
    %load/vec4 v0x5617e2be4820_0;
    %parti/s 1, 24, 6;
    %jmp/0 T_11.13, 8;
 ; End of false expr.
    %blend;
T_11.13;
    %ix/load 4, 11, 0;
    %flag_set/imm 4, 0;
    %flag_mov 8, 4;
    %ix/load 5, 24, 0;
    %flag_set/imm 4, 0;
    %flag_or 4, 8;
    %store/vec4a v0x5617e2c020b0, 4, 5;
T_11.10 ;
    %jmp T_11.5;
T_11.4 ;
    ; show_stmt_assign_vector: Get l-value for compressed += operand
    %load/vec4 v0x5617e2be4900_0;
    %pushi/vec4 1, 0, 32;
    %add;
    %cast2;
    %store/vec4 v0x5617e2be4900_0, 0, 32;
T_11.5 ;
T_11.2 ;
    %jmp T_11.1;
T_11.0 ;
    %pushi/vec4 1, 0, 1;
    %ix/load 4, 5, 0;
    %flag_set/imm 4, 0;
    %store/vec4 v0x5617e2c030a0_0, 4, 1;
T_11.1 ;
    %end;
    .scope S_0x5617e2be4260;
t_10 %join;
    %jmp T_11;
    .thread T_11, $push;
    .scope S_0x5617e2be7c90;
T_12 ;
    %pushi/vec4 0, 0, 32;
    %store/vec4 v0x5617e2be8050_0, 0, 32;
    %end;
    .thread T_12, $init;
    .scope S_0x5617e2be79b0;
T_13 ;
    %wait E_0x5617e2aadfe0;
    %fork t_13, S_0x5617e2be7c90;
    %jmp t_12;
    .scope S_0x5617e2be7c90;
t_13 ;
    %load/vec4 v0x5617e2c02da0_0;
    %flag_set/vec4 8;
    %jmp/0xz  T_13.0, 8;
    %load/vec4 v0x5617e2c03620_0;
    %pushi/vec4 0, 0, 1;
    %cmp/e;
    %flag_get/vec4 4;
    %load/vec4 v0x5617e2c037a0_0;
    %pushi/vec4 1, 0, 1;
    %cmp/e;
    %flag_get/vec4 4;
    %and;
    %flag_set/vec4 8;
    %jmp/0xz  T_13.2, 8;
    %load/vec4 v0x5617e2be8050_0;
    %cmpi/u 8, 0, 32;
    %jmp/0xz  T_13.4, 5;
    %load/vec4 v0x5617e2be8050_0;
    %pad/u 36;
    %muli 6, 0, 36;
    %pushi/vec4 16, 0, 36;
    %mod;
    %cast2;
    %pad/u 32;
    %store/vec4 v0x5617e2be8110_0, 0, 32;
    %pushi/vec4 4, 0, 37;
    %load/vec4 v0x5617e2be8050_0;
    %pad/u 37;
    %muli 6, 0, 37;
    %sub;
    %pushi/vec4 16, 0, 37;
    %mod;
    %cast2;
    %pad/u 32;
    %store/vec4 v0x5617e2be81f0_0, 0, 32;
    %ix/getv 4, v0x5617e2be8110_0;
    %load/vec4a v0x5617e2c02ee0, 4;
    %pad/u 32;
    %cmpi/ne 4, 0, 32;
    %jmp/0xz  T_13.6, 4;
    %load/vec4 v0x5617e2be8050_0;
    %pad/u 35;
    %pad/u 37;
    %muli 4, 0, 37;
    %pad/u 38;
    %ix/getv 5, v0x5617e2be8110_0;
    %load/vec4a v0x5617e2c02ee0, 5;
    %parti/s 2, 0, 2;
    %pad/u 4;
    %pad/u 38;
    %add;
    %ix/vec4 4;
    %load/vec4a v0x5617e2c02950, 4;
    %store/vec4 v0x5617e2be7e70_0, 0, 25;
    %ix/load 4, 12, 0;
    %flag_set/imm 4, 0;
    %load/vec4a v0x5617e2c024f0, 4;
    %ix/load 4, 12, 0;
    %flag_set/imm 4, 0;
    %store/vec4a v0x5617e2c01ca0, 4, 0;
    %load/vec4 v0x5617e2be7e70_0;
    %parti/s 24, 0, 2;
    %ix/load 4, 12, 0;
    %flag_set/imm 4, 0;
    %flag_mov 8, 4;
    %ix/load 5, 0, 0;
    %flag_set/imm 4, 0;
    %flag_or 4, 8;
    %store/vec4a v0x5617e2c020b0, 4, 5;
    %ix/getv 4, v0x5617e2be8110_0;
    %load/vec4a v0x5617e2c02e40, 4;
    %flag_set/vec4 8;
    %jmp/0 T_13.8, 8;
    %load/vec4 v0x5617e2be7e70_0;
    %parti/s 1, 24, 6;
    %inv;
    %jmp/1 T_13.9, 8;
T_13.8 ; End of true expr.
    %load/vec4 v0x5617e2be7e70_0;
    %parti/s 1, 24, 6;
    %jmp/0 T_13.9, 8;
 ; End of false expr.
    %blend;
T_13.9;
    %ix/load 4, 12, 0;
    %flag_set/imm 4, 0;
    %flag_mov 8, 4;
    %ix/load 5, 24, 0;
    %flag_set/imm 4, 0;
    %flag_or 4, 8;
    %store/vec4a v0x5617e2c020b0, 4, 5;
T_13.6 ;
    %ix/getv 4, v0x5617e2be8110_0;
    %load/vec4a v0x5617e2c02ee0, 4;
    %pad/u 32;
    %cmpi/ne 0, 0, 32;
    %jmp/0xz  T_13.10, 4;
    %load/vec4 v0x5617e2be8050_0;
    %pad/u 35;
    %pad/u 37;
    %muli 4, 0, 37;
    %pad/u 38;
    %ix/getv 5, v0x5617e2be81f0_0;
    %load/vec4a v0x5617e2c02ee0, 5;
    %parti/s 2, 0, 2;
    %pad/u 4;
    %pad/u 38;
    %add;
    %ix/vec4 4;
    %load/vec4a v0x5617e2c02950, 4;
    %store/vec4 v0x5617e2be7f70_0, 0, 25;
    %ix/load 4, 13, 0;
    %flag_set/imm 4, 0;
    %load/vec4a v0x5617e2c024f0, 4;
    %ix/load 4, 13, 0;
    %flag_set/imm 4, 0;
    %store/vec4a v0x5617e2c01ca0, 4, 0;
    %load/vec4 v0x5617e2be7f70_0;
    %parti/s 24, 0, 2;
    %ix/load 4, 13, 0;
    %flag_set/imm 4, 0;
    %flag_mov 8, 4;
    %ix/load 5, 0, 0;
    %flag_set/imm 4, 0;
    %flag_or 4, 8;
    %store/vec4a v0x5617e2c020b0, 4, 5;
    %ix/getv 4, v0x5617e2be81f0_0;
    %load/vec4a v0x5617e2c02e40, 4;
    %flag_set/vec4 8;
    %jmp/0 T_13.12, 8;
    %load/vec4 v0x5617e2be7f70_0;
    %parti/s 1, 24, 6;
    %inv;
    %jmp/1 T_13.13, 8;
T_13.12 ; End of true expr.
    %load/vec4 v0x5617e2be7f70_0;
    %parti/s 1, 24, 6;
    %jmp/0 T_13.13, 8;
 ; End of false expr.
    %blend;
T_13.13;
    %ix/load 4, 13, 0;
    %flag_set/imm 4, 0;
    %flag_mov 8, 4;
    %ix/load 5, 24, 0;
    %flag_set/imm 4, 0;
    %flag_or 4, 8;
    %store/vec4a v0x5617e2c020b0, 4, 5;
T_13.10 ;
    %jmp T_13.5;
T_13.4 ;
    ; show_stmt_assign_vector: Get l-value for compressed += operand
    %load/vec4 v0x5617e2be8050_0;
    %pushi/vec4 1, 0, 32;
    %add;
    %cast2;
    %store/vec4 v0x5617e2be8050_0, 0, 32;
T_13.5 ;
T_13.2 ;
    %jmp T_13.1;
T_13.0 ;
    %pushi/vec4 1, 0, 1;
    %ix/load 4, 6, 0;
    %flag_set/imm 4, 0;
    %store/vec4 v0x5617e2c030a0_0, 4, 1;
T_13.1 ;
    %end;
    .scope S_0x5617e2be79b0;
t_12 %join;
    %jmp T_13;
    .thread T_13, $push;
    .scope S_0x5617e2beb3e0;
T_14 ;
    %pushi/vec4 0, 0, 32;
    %store/vec4 v0x5617e2beb7a0_0, 0, 32;
    %end;
    .thread T_14, $init;
    .scope S_0x5617e2beb100;
T_15 ;
    %wait E_0x5617e2aadfe0;
    %fork t_15, S_0x5617e2beb3e0;
    %jmp t_14;
    .scope S_0x5617e2beb3e0;
t_15 ;
    %load/vec4 v0x5617e2c02da0_0;
    %flag_set/vec4 8;
    %jmp/0xz  T_15.0, 8;
    %load/vec4 v0x5617e2c03620_0;
    %pushi/vec4 0, 0, 1;
    %cmp/e;
    %flag_get/vec4 4;
    %load/vec4 v0x5617e2c037a0_0;
    %pushi/vec4 1, 0, 1;
    %cmp/e;
    %flag_get/vec4 4;
    %and;
    %flag_set/vec4 8;
    %jmp/0xz  T_15.2, 8;
    %load/vec4 v0x5617e2beb7a0_0;
    %cmpi/u 8, 0, 32;
    %jmp/0xz  T_15.4, 5;
    %load/vec4 v0x5617e2beb7a0_0;
    %pad/u 36;
    %muli 7, 0, 36;
    %pushi/vec4 16, 0, 36;
    %mod;
    %cast2;
    %pad/u 32;
    %store/vec4 v0x5617e2beb860_0, 0, 32;
    %pushi/vec4 4, 0, 37;
    %load/vec4 v0x5617e2beb7a0_0;
    %pad/u 37;
    %muli 7, 0, 37;
    %sub;
    %pushi/vec4 16, 0, 37;
    %mod;
    %cast2;
    %pad/u 32;
    %store/vec4 v0x5617e2beb940_0, 0, 32;
    %ix/getv 4, v0x5617e2beb860_0;
    %load/vec4a v0x5617e2c02ee0, 4;
    %pad/u 32;
    %cmpi/ne 4, 0, 32;
    %jmp/0xz  T_15.6, 4;
    %load/vec4 v0x5617e2beb7a0_0;
    %pad/u 35;
    %pad/u 37;
    %muli 4, 0, 37;
    %pad/u 38;
    %ix/getv 5, v0x5617e2beb860_0;
    %load/vec4a v0x5617e2c02ee0, 5;
    %parti/s 2, 0, 2;
    %pad/u 4;
    %pad/u 38;
    %add;
    %ix/vec4 4;
    %load/vec4a v0x5617e2c02950, 4;
    %store/vec4 v0x5617e2beb5c0_0, 0, 25;
    %ix/load 4, 14, 0;
    %flag_set/imm 4, 0;
    %load/vec4a v0x5617e2c024f0, 4;
    %ix/load 4, 14, 0;
    %flag_set/imm 4, 0;
    %store/vec4a v0x5617e2c01ca0, 4, 0;
    %load/vec4 v0x5617e2beb5c0_0;
    %parti/s 24, 0, 2;
    %ix/load 4, 14, 0;
    %flag_set/imm 4, 0;
    %flag_mov 8, 4;
    %ix/load 5, 0, 0;
    %flag_set/imm 4, 0;
    %flag_or 4, 8;
    %store/vec4a v0x5617e2c020b0, 4, 5;
    %ix/getv 4, v0x5617e2beb860_0;
    %load/vec4a v0x5617e2c02e40, 4;
    %flag_set/vec4 8;
    %jmp/0 T_15.8, 8;
    %load/vec4 v0x5617e2beb5c0_0;
    %parti/s 1, 24, 6;
    %inv;
    %jmp/1 T_15.9, 8;
T_15.8 ; End of true expr.
    %load/vec4 v0x5617e2beb5c0_0;
    %parti/s 1, 24, 6;
    %jmp/0 T_15.9, 8;
 ; End of false expr.
    %blend;
T_15.9;
    %ix/load 4, 14, 0;
    %flag_set/imm 4, 0;
    %flag_mov 8, 4;
    %ix/load 5, 24, 0;
    %flag_set/imm 4, 0;
    %flag_or 4, 8;
    %store/vec4a v0x5617e2c020b0, 4, 5;
T_15.6 ;
    %ix/getv 4, v0x5617e2beb860_0;
    %load/vec4a v0x5617e2c02ee0, 4;
    %pad/u 32;
    %cmpi/ne 0, 0, 32;
    %jmp/0xz  T_15.10, 4;
    %load/vec4 v0x5617e2beb7a0_0;
    %pad/u 35;
    %pad/u 37;
    %muli 4, 0, 37;
    %pad/u 38;
    %ix/getv 5, v0x5617e2beb940_0;
    %load/vec4a v0x5617e2c02ee0, 5;
    %parti/s 2, 0, 2;
    %pad/u 4;
    %pad/u 38;
    %add;
    %ix/vec4 4;
    %load/vec4a v0x5617e2c02950, 4;
    %store/vec4 v0x5617e2beb6c0_0, 0, 25;
    %ix/load 4, 15, 0;
    %flag_set/imm 4, 0;
    %load/vec4a v0x5617e2c024f0, 4;
    %ix/load 4, 15, 0;
    %flag_set/imm 4, 0;
    %store/vec4a v0x5617e2c01ca0, 4, 0;
    %load/vec4 v0x5617e2beb6c0_0;
    %parti/s 24, 0, 2;
    %ix/load 4, 15, 0;
    %flag_set/imm 4, 0;
    %flag_mov 8, 4;
    %ix/load 5, 0, 0;
    %flag_set/imm 4, 0;
    %flag_or 4, 8;
    %store/vec4a v0x5617e2c020b0, 4, 5;
    %ix/getv 4, v0x5617e2beb940_0;
    %load/vec4a v0x5617e2c02e40, 4;
    %flag_set/vec4 8;
    %jmp/0 T_15.12, 8;
    %load/vec4 v0x5617e2beb6c0_0;
    %parti/s 1, 24, 6;
    %inv;
    %jmp/1 T_15.13, 8;
T_15.12 ; End of true expr.
    %load/vec4 v0x5617e2beb6c0_0;
    %parti/s 1, 24, 6;
    %jmp/0 T_15.13, 8;
 ; End of false expr.
    %blend;
T_15.13;
    %ix/load 4, 15, 0;
    %flag_set/imm 4, 0;
    %flag_mov 8, 4;
    %ix/load 5, 24, 0;
    %flag_set/imm 4, 0;
    %flag_or 4, 8;
    %store/vec4a v0x5617e2c020b0, 4, 5;
T_15.10 ;
    %jmp T_15.5;
T_15.4 ;
    ; show_stmt_assign_vector: Get l-value for compressed += operand
    %load/vec4 v0x5617e2beb7a0_0;
    %pushi/vec4 1, 0, 32;
    %add;
    %cast2;
    %store/vec4 v0x5617e2beb7a0_0, 0, 32;
T_15.5 ;
T_15.2 ;
    %jmp T_15.1;
T_15.0 ;
    %pushi/vec4 1, 0, 1;
    %ix/load 4, 7, 0;
    %flag_set/imm 4, 0;
    %store/vec4 v0x5617e2c030a0_0, 4, 1;
T_15.1 ;
    %end;
    .scope S_0x5617e2beb100;
t_14 %join;
    %jmp T_15;
    .thread T_15, $push;
    .scope S_0x5617e2aefdf0;
T_16 ;
    %pushi/vec4 0, 0, 9;
    %store/vec4 v0x5617e2c030a0_0, 0, 9;
    %end;
    .thread T_16;
# The file index is used to find the file name in the following table.
:file_names 6;
    "N/A";
    "<interactive>";
    "-";
    "fft/fft_8.sv";
    "arithmetic/b25_add.sv";
    "arithmetic/b25_cmul.sv";
