#! /usr/bin/vvp
:ivl_version "11.0 (stable)";
:ivl_delay_selection "TYPICAL";
:vpi_time_precision + 0;
:vpi_module "/usr/lib/x86_64-linux-gnu/ivl/system.vpi";
:vpi_module "/usr/lib/x86_64-linux-gnu/ivl/vhdl_sys.vpi";
:vpi_module "/usr/lib/x86_64-linux-gnu/ivl/vhdl_textio.vpi";
:vpi_module "/usr/lib/x86_64-linux-gnu/ivl/v2005_math.vpi";
:vpi_module "/usr/lib/x86_64-linux-gnu/ivl/va_math.vpi";
:vpi_module "/usr/lib/x86_64-linux-gnu/ivl/v2009.vpi";
S_0x5568ca31ce40 .scope package, "$unit" "$unit" 2 1;
 .timescale 0 0;
S_0x5568ca2e7820 .scope module, "fft_8_tb" "fft_8_tb" 3 1;
 .timescale 0 0;
L_0x5568ca4a9ca0 .functor BUFZ 25, L_0x5568ca485b70, C4<0000000000000000000000000>, C4<0000000000000000000000000>, C4<0000000000000000000000000>;
L_0x5568ca4a9d90 .functor BUFZ 25, L_0x5568ca485df0, C4<0000000000000000000000000>, C4<0000000000000000000000000>, C4<0000000000000000000000000>;
L_0x5568ca4a9e50 .functor BUFZ 25, L_0x5568ca48a310, C4<0000000000000000000000000>, C4<0000000000000000000000000>, C4<0000000000000000000000000>;
L_0x5568ca4a9ec0 .functor BUFZ 25, L_0x5568ca48a590, C4<0000000000000000000000000>, C4<0000000000000000000000000>, C4<0000000000000000000000000>;
L_0x5568ca4a9ff0 .functor BUFZ 25, L_0x5568ca48eab0, C4<0000000000000000000000000>, C4<0000000000000000000000000>, C4<0000000000000000000000000>;
L_0x5568ca4aa0b0 .functor BUFZ 25, L_0x5568ca48ed30, C4<0000000000000000000000000>, C4<0000000000000000000000000>, C4<0000000000000000000000000>;
L_0x5568ca4a9f80 .functor BUFZ 25, L_0x5568ca492eb0, C4<0000000000000000000000000>, C4<0000000000000000000000000>, C4<0000000000000000000000000>;
L_0x5568ca4aa1c0 .functor BUFZ 25, L_0x5568ca493130, C4<0000000000000000000000000>, C4<0000000000000000000000000>, C4<0000000000000000000000000>;
L_0x5568ca4aa310 .functor BUFZ 25, L_0x5568ca4970d0, C4<0000000000000000000000000>, C4<0000000000000000000000000>, C4<0000000000000000000000000>;
L_0x5568ca4aa3d0 .functor BUFZ 25, L_0x5568ca497350, C4<0000000000000000000000000>, C4<0000000000000000000000000>, C4<0000000000000000000000000>;
L_0x5568ca4aa530 .functor BUFZ 25, L_0x5568ca49b0c0, C4<0000000000000000000000000>, C4<0000000000000000000000000>, C4<0000000000000000000000000>;
L_0x5568ca4aa5f0 .functor BUFZ 25, L_0x5568ca49b340, C4<0000000000000000000000000>, C4<0000000000000000000000000>, C4<0000000000000000000000000>;
L_0x5568ca4aa760 .functor BUFZ 25, L_0x5568ca49f300, C4<0000000000000000000000000>, C4<0000000000000000000000000>, C4<0000000000000000000000000>;
L_0x5568ca4aa820 .functor BUFZ 25, L_0x5568ca49f580, C4<0000000000000000000000000>, C4<0000000000000000000000000>, C4<0000000000000000000000000>;
L_0x5568ca4aa6b0 .functor BUFZ 25, L_0x5568ca4a3520, C4<0000000000000000000000000>, C4<0000000000000000000000000>, C4<0000000000000000000000000>;
L_0x5568ca4aa9f0 .functor BUFZ 25, L_0x5568ca4a37a0, C4<0000000000000000000000000>, C4<0000000000000000000000000>, C4<0000000000000000000000000>;
L_0x5568ca4aa8e0 .functor BUFZ 25, L_0x5568ca4a7740, C4<0000000000000000000000000>, C4<0000000000000000000000000>, C4<0000000000000000000000000>;
L_0x5568ca4aab80 .functor BUFZ 25, L_0x5568ca4a79c0, C4<0000000000000000000000000>, C4<0000000000000000000000000>, C4<0000000000000000000000000>;
v0x5568ca4642c0_0 .net *"_ivl_51", 199 0, L_0x5568ca4ab2a0;  1 drivers
v0x5568ca4643c0_0 .net *"_ivl_78", 199 0, L_0x5568ca4abcd0;  1 drivers
v0x5568ca4644a0_0 .var "clock", 0 0;
v0x5568ca4645a0 .array "i", 7 0, 24 0;
v0x5568ca464770 .array "o", 17 0;
v0x5568ca464770_0 .net v0x5568ca464770 0, 24 0, L_0x5568ca4a9ca0; 1 drivers
v0x5568ca464770_1 .net v0x5568ca464770 1, 24 0, L_0x5568ca4a9d90; 1 drivers
v0x5568ca464770_2 .net v0x5568ca464770 2, 24 0, L_0x5568ca4a9e50; 1 drivers
v0x5568ca464770_3 .net v0x5568ca464770 3, 24 0, L_0x5568ca4a9ec0; 1 drivers
v0x5568ca464770_4 .net v0x5568ca464770 4, 24 0, L_0x5568ca4a9ff0; 1 drivers
v0x5568ca464770_5 .net v0x5568ca464770 5, 24 0, L_0x5568ca4aa0b0; 1 drivers
v0x5568ca464770_6 .net v0x5568ca464770 6, 24 0, L_0x5568ca4a9f80; 1 drivers
v0x5568ca464770_7 .net v0x5568ca464770 7, 24 0, L_0x5568ca4aa1c0; 1 drivers
v0x5568ca464770_8 .net v0x5568ca464770 8, 24 0, L_0x5568ca4aa310; 1 drivers
v0x5568ca464770_9 .net v0x5568ca464770 9, 24 0, L_0x5568ca4aa3d0; 1 drivers
v0x5568ca464770_10 .net v0x5568ca464770 10, 24 0, L_0x5568ca4aa530; 1 drivers
v0x5568ca464770_11 .net v0x5568ca464770 11, 24 0, L_0x5568ca4aa5f0; 1 drivers
v0x5568ca464770_12 .net v0x5568ca464770 12, 24 0, L_0x5568ca4aa760; 1 drivers
v0x5568ca464770_13 .net v0x5568ca464770 13, 24 0, L_0x5568ca4aa820; 1 drivers
v0x5568ca464770_14 .net v0x5568ca464770 14, 24 0, L_0x5568ca4aa6b0; 1 drivers
v0x5568ca464770_15 .net v0x5568ca464770 15, 24 0, L_0x5568ca4aa9f0; 1 drivers
v0x5568ca464770_16 .net v0x5568ca464770 16, 24 0, L_0x5568ca4aa8e0; 1 drivers
v0x5568ca464770_17 .net v0x5568ca464770 17, 24 0, L_0x5568ca4aab80; 1 drivers
v0x5568ca464b60 .array "o_i", 8 0;
v0x5568ca464b60_0 .net v0x5568ca464b60 0, 24 0, L_0x5568ca4ab5c0; 1 drivers
v0x5568ca464b60_1 .net v0x5568ca464b60 1, 24 0, L_0x5568ca4ab660; 1 drivers
v0x5568ca464b60_2 .net v0x5568ca464b60 2, 24 0, L_0x5568ca4ab700; 1 drivers
v0x5568ca464b60_3 .net v0x5568ca464b60 3, 24 0, L_0x5568ca4ab810; 1 drivers
v0x5568ca464b60_4 .net v0x5568ca464b60 4, 24 0, L_0x5568ca4ab8b0; 1 drivers
v0x5568ca464b60_5 .net v0x5568ca464b60 5, 24 0, L_0x5568ca4ab950; 1 drivers
v0x5568ca464b60_6 .net v0x5568ca464b60 6, 24 0, L_0x5568ca4ab9f0; 1 drivers
v0x5568ca464b60_7 .net v0x5568ca464b60 7, 24 0, L_0x5568ca4abb20; 1 drivers
o0x7f200fbeb548 .functor BUFZ 25, C4<zzzzzzzzzzzzzzzzzzzzzzzzz>; HiZ drive
v0x5568ca464b60_8 .net v0x5568ca464b60 8, 24 0, o0x7f200fbeb548; 0 drivers
v0x5568ca464d90 .array "o_r", 8 0;
v0x5568ca464d90_0 .net v0x5568ca464d90 0, 24 0, L_0x5568ca4aa490; 1 drivers
v0x5568ca464d90_1 .net v0x5568ca464d90 1, 24 0, L_0x5568ca4aaab0; 1 drivers
v0x5568ca464d90_2 .net v0x5568ca464d90 2, 24 0, L_0x5568ca4aad70; 1 drivers
v0x5568ca464d90_3 .net v0x5568ca464d90 3, 24 0, L_0x5568ca4aae40; 1 drivers
v0x5568ca464d90_4 .net v0x5568ca464d90 4, 24 0, L_0x5568ca4aaf40; 1 drivers
v0x5568ca464d90_5 .net v0x5568ca464d90 5, 24 0, L_0x5568ca4ab010; 1 drivers
v0x5568ca464d90_6 .net v0x5568ca464d90 6, 24 0, L_0x5568ca4ab0e0; 1 drivers
v0x5568ca464d90_7 .net v0x5568ca464d90 7, 24 0, L_0x5568ca4ab180; 1 drivers
o0x7f200fbeb6f8 .functor BUFZ 25, C4<zzzzzzzzzzzzzzzzzzzzzzzzz>; HiZ drive
v0x5568ca464d90_8 .net v0x5568ca464d90 8, 24 0, o0x7f200fbeb6f8; 0 drivers
v0x5568ca464fc0_0 .var "reset", 0 0;
v0x5568ca465060_0 .net "s_ready", 0 0, L_0x5568ca4a9840;  1 drivers
v0x5568ca4651c0_0 .var "start", 0 0;
L_0x5568ca4aa490 .part L_0x5568ca4ab2a0, 175, 25;
L_0x5568ca4aaab0 .part L_0x5568ca4ab2a0, 150, 25;
L_0x5568ca4aad70 .part L_0x5568ca4ab2a0, 125, 25;
L_0x5568ca4aae40 .part L_0x5568ca4ab2a0, 100, 25;
L_0x5568ca4aaf40 .part L_0x5568ca4ab2a0, 75, 25;
L_0x5568ca4ab010 .part L_0x5568ca4ab2a0, 50, 25;
L_0x5568ca4ab0e0 .part L_0x5568ca4ab2a0, 25, 25;
L_0x5568ca4ab180 .part L_0x5568ca4ab2a0, 0, 25;
LS_0x5568ca4ab2a0_0_0 .concat [ 25 25 25 25], L_0x5568ca4aa6b0, L_0x5568ca4aa760, L_0x5568ca4aa530, L_0x5568ca4aa310;
LS_0x5568ca4ab2a0_0_4 .concat [ 25 25 25 25], L_0x5568ca4a9f80, L_0x5568ca4a9ff0, L_0x5568ca4a9e50, L_0x5568ca4a9ca0;
L_0x5568ca4ab2a0 .concat [ 100 100 0 0], LS_0x5568ca4ab2a0_0_0, LS_0x5568ca4ab2a0_0_4;
L_0x5568ca4ab5c0 .part L_0x5568ca4abcd0, 175, 25;
L_0x5568ca4ab660 .part L_0x5568ca4abcd0, 150, 25;
L_0x5568ca4ab700 .part L_0x5568ca4abcd0, 125, 25;
L_0x5568ca4ab810 .part L_0x5568ca4abcd0, 100, 25;
L_0x5568ca4ab8b0 .part L_0x5568ca4abcd0, 75, 25;
L_0x5568ca4ab950 .part L_0x5568ca4abcd0, 50, 25;
L_0x5568ca4ab9f0 .part L_0x5568ca4abcd0, 25, 25;
L_0x5568ca4abb20 .part L_0x5568ca4abcd0, 0, 25;
LS_0x5568ca4abcd0_0_0 .concat [ 25 25 25 25], L_0x5568ca4aa9f0, L_0x5568ca4aa820, L_0x5568ca4aa5f0, L_0x5568ca4aa3d0;
LS_0x5568ca4abcd0_0_4 .concat [ 25 25 25 25], L_0x5568ca4aa1c0, L_0x5568ca4aa0b0, L_0x5568ca4a9ec0, L_0x5568ca4a9d90;
L_0x5568ca4abcd0 .concat [ 100 100 0 0], LS_0x5568ca4abcd0_0_0, LS_0x5568ca4abcd0_0_4;
S_0x5568ca2e7f30 .scope begin, "$ivl_for_loop0" "$ivl_for_loop0" 3 23, 3 23 0, S_0x5568ca2e7820;
 .timescale 0 0;
v0x5568ca3eab40_0 .var/i "id", 31 0;
S_0x5568ca2f5e50 .scope begin, "$ivl_for_loop1" "$ivl_for_loop1" 3 32, 3 32 0, S_0x5568ca2e7820;
 .timescale 0 0;
v0x5568ca3d23d0_0 .var/i "id", 31 0;
S_0x5568ca2faf60 .scope module, "dut" "fft_8" 3 8, 4 1 0, S_0x5568ca2e7820;
 .timescale 0 0;
    .port_info 0 /INPUT 200 "i";
    .port_info 1 /OUTPUT 450 "o";
    .port_info 2 /INPUT 1 "clock";
    .port_info 3 /INPUT 1 "start";
    .port_info 4 /INPUT 1 "reset";
    .port_info 5 /OUTPUT 1 "s_ready";
L_0x7f200fb972f8 .functor BUFT 1, C4<000001010011100011010001000001010011100011010001>, C4<0>, C4<0>, C4<0>;
v0x5568ca462570_0 .net/2u *"_ivl_33", 47 0, L_0x7f200fb972f8;  1 drivers
L_0x7f200fb97340 .functor BUFT 1, C4<0000011111110000>, C4<0>, C4<0>, C4<0>;
v0x5568ca462650_0 .net/2u *"_ivl_68", 15 0, L_0x7f200fb97340;  1 drivers
v0x5568ca462730 .array "add_a", 17 0, 24 0;
v0x5568ca462ba0 .array "add_b", 17 0, 24 0;
v0x5568ca463040 .array "add_r", 17 0;
v0x5568ca463040_0 .net v0x5568ca463040 0, 24 0, L_0x5568ca482970; 1 drivers
v0x5568ca463040_1 .net v0x5568ca463040 1, 24 0, L_0x5568ca484aa0; 1 drivers
v0x5568ca463040_2 .net v0x5568ca463040 2, 24 0, L_0x5568ca487110; 1 drivers
v0x5568ca463040_3 .net v0x5568ca463040 3, 24 0, L_0x5568ca489240; 1 drivers
v0x5568ca463040_4 .net v0x5568ca463040 4, 24 0, L_0x5568ca48b8b0; 1 drivers
v0x5568ca463040_5 .net v0x5568ca463040 5, 24 0, L_0x5568ca48d9e0; 1 drivers
v0x5568ca463040_6 .net v0x5568ca463040 6, 24 0, L_0x5568ca490050; 1 drivers
v0x5568ca463040_7 .net v0x5568ca463040 7, 24 0, L_0x5568ca491fc0; 1 drivers
v0x5568ca463040_8 .net v0x5568ca463040 8, 24 0, L_0x5568ca494370; 1 drivers
v0x5568ca463040_9 .net v0x5568ca463040 9, 24 0, L_0x5568ca4961e0; 1 drivers
v0x5568ca463040_10 .net v0x5568ca463040 10, 24 0, L_0x5568ca498590; 1 drivers
v0x5568ca463040_11 .net v0x5568ca463040 11, 24 0, L_0x5568ca49a1d0; 1 drivers
v0x5568ca463040_12 .net v0x5568ca463040 12, 24 0, L_0x5568ca49c5a0; 1 drivers
v0x5568ca463040_13 .net v0x5568ca463040 13, 24 0, L_0x5568ca49e410; 1 drivers
v0x5568ca463040_14 .net v0x5568ca463040 14, 24 0, L_0x5568ca4a07c0; 1 drivers
v0x5568ca463040_15 .net v0x5568ca463040 15, 24 0, L_0x5568ca4a2630; 1 drivers
v0x5568ca463040_16 .net v0x5568ca463040 16, 24 0, L_0x5568ca4a49e0; 1 drivers
v0x5568ca463040_17 .net v0x5568ca463040 17, 24 0, L_0x5568ca4a6850; 1 drivers
v0x5568ca463500 .array "calc_vals_arr", 31 0;
v0x5568ca463500_0 .net v0x5568ca463500 0, 24 0, L_0x5568ca3d60d0; 1 drivers
o0x7f200fbe9f88 .functor BUFZ 25, C4<zzzzzzzzzzzzzzzzzzzzzzzzz>; HiZ drive
v0x5568ca463500_1 .net v0x5568ca463500 1, 24 0, o0x7f200fbe9f88; 0 drivers
o0x7f200fbe9fb8 .functor BUFZ 25, C4<zzzzzzzzzzzzzzzzzzzzzzzzz>; HiZ drive
v0x5568ca463500_2 .net v0x5568ca463500 2, 24 0, o0x7f200fbe9fb8; 0 drivers
o0x7f200fbe9fe8 .functor BUFZ 25, C4<zzzzzzzzzzzzzzzzzzzzzzzzz>; HiZ drive
v0x5568ca463500_3 .net v0x5568ca463500 3, 24 0, o0x7f200fbe9fe8; 0 drivers
v0x5568ca463500_4 .net v0x5568ca463500 4, 24 0, L_0x5568ca3bd960; 1 drivers
v0x5568ca463500_5 .net v0x5568ca463500 5, 24 0, L_0x5568ca475f10; 1 drivers
v0x5568ca463500_6 .net v0x5568ca463500 6, 24 0, L_0x5568ca476db0; 1 drivers
v0x5568ca463500_7 .net v0x5568ca463500 7, 24 0, L_0x5568ca477a80; 1 drivers
v0x5568ca463500_8 .net v0x5568ca463500 8, 24 0, L_0x5568ca35bba0; 1 drivers
o0x7f200fbea078 .functor BUFZ 25, C4<zzzzzzzzzzzzzzzzzzzzzzzzz>; HiZ drive
v0x5568ca463500_9 .net v0x5568ca463500 9, 24 0, o0x7f200fbea078; 0 drivers
v0x5568ca463500_10 .net v0x5568ca463500 10, 24 0, L_0x5568ca478860; 1 drivers
o0x7f200fbea0a8 .functor BUFZ 25, C4<zzzzzzzzzzzzzzzzzzzzzzzzz>; HiZ drive
v0x5568ca463500_11 .net v0x5568ca463500 11, 24 0, o0x7f200fbea0a8; 0 drivers
v0x5568ca463500_12 .net v0x5568ca463500 12, 24 0, L_0x5568ca478aa0; 1 drivers
v0x5568ca463500_13 .net v0x5568ca463500 13, 24 0, L_0x5568ca479580; 1 drivers
v0x5568ca463500_14 .net v0x5568ca463500 14, 24 0, L_0x5568ca47a390; 1 drivers
v0x5568ca463500_15 .net v0x5568ca463500 15, 24 0, L_0x5568ca47b2a0; 1 drivers
v0x5568ca463500_16 .net v0x5568ca463500 16, 24 0, L_0x5568ca47b4e0; 1 drivers
o0x7f200fbea138 .functor BUFZ 25, C4<zzzzzzzzzzzzzzzzzzzzzzzzz>; HiZ drive
v0x5568ca463500_17 .net v0x5568ca463500 17, 24 0, o0x7f200fbea138; 0 drivers
o0x7f200fbea168 .functor BUFZ 25, C4<zzzzzzzzzzzzzzzzzzzzzzzzz>; HiZ drive
v0x5568ca463500_18 .net v0x5568ca463500 18, 24 0, o0x7f200fbea168; 0 drivers
o0x7f200fbea198 .functor BUFZ 25, C4<zzzzzzzzzzzzzzzzzzzzzzzzz>; HiZ drive
v0x5568ca463500_19 .net v0x5568ca463500 19, 24 0, o0x7f200fbea198; 0 drivers
v0x5568ca463500_20 .net v0x5568ca463500 20, 24 0, L_0x5568ca47b550; 1 drivers
v0x5568ca463500_21 .net v0x5568ca463500 21, 24 0, L_0x5568ca47c030; 1 drivers
v0x5568ca463500_22 .net v0x5568ca463500 22, 24 0, L_0x5568ca47cd30; 1 drivers
v0x5568ca463500_23 .net v0x5568ca463500 23, 24 0, L_0x5568ca47da30; 1 drivers
v0x5568ca463500_24 .net v0x5568ca463500 24, 24 0, L_0x5568ca47dc70; 1 drivers
o0x7f200fbea228 .functor BUFZ 25, C4<zzzzzzzzzzzzzzzzzzzzzzzzz>; HiZ drive
v0x5568ca463500_25 .net v0x5568ca463500 25, 24 0, o0x7f200fbea228; 0 drivers
v0x5568ca463500_26 .net v0x5568ca463500 26, 24 0, L_0x5568ca47e7a0; 1 drivers
o0x7f200fbea258 .functor BUFZ 25, C4<zzzzzzzzzzzzzzzzzzzzzzzzz>; HiZ drive
v0x5568ca463500_27 .net v0x5568ca463500 27, 24 0, o0x7f200fbea258; 0 drivers
v0x5568ca463500_28 .net v0x5568ca463500 28, 24 0, L_0x5568ca47e9e0; 1 drivers
v0x5568ca463500_29 .net v0x5568ca463500 29, 24 0, L_0x5568ca47f550; 1 drivers
v0x5568ca463500_30 .net v0x5568ca463500 30, 24 0, L_0x5568ca480360; 1 drivers
v0x5568ca463500_31 .net v0x5568ca463500 31, 24 0, L_0x5568ca481420; 1 drivers
v0x5568ca463950_0 .net "clock", 0 0, v0x5568ca4644a0_0;  1 drivers
v0x5568ca4639f0 .array "cos_sig_ref", 15 0;
v0x5568ca4639f0_0 .net v0x5568ca4639f0 0, 0 0, L_0x5568ca4a87f0; 1 drivers
v0x5568ca4639f0_1 .net v0x5568ca4639f0 1, 0 0, L_0x5568ca4a8890; 1 drivers
v0x5568ca4639f0_2 .net v0x5568ca4639f0 2, 0 0, L_0x5568ca4a89d0; 1 drivers
v0x5568ca4639f0_3 .net v0x5568ca4639f0 3, 0 0, L_0x5568ca4a8a70; 1 drivers
v0x5568ca4639f0_4 .net v0x5568ca4639f0 4, 0 0, L_0x5568ca4a8930; 1 drivers
v0x5568ca4639f0_5 .net v0x5568ca4639f0 5, 0 0, L_0x5568ca4a8bc0; 1 drivers
v0x5568ca4639f0_6 .net v0x5568ca4639f0 6, 0 0, L_0x5568ca4a8b10; 1 drivers
v0x5568ca4639f0_7 .net v0x5568ca4639f0 7, 0 0, L_0x5568ca4a8d20; 1 drivers
v0x5568ca4639f0_8 .net v0x5568ca4639f0 8, 0 0, L_0x5568ca4a8c60; 1 drivers
v0x5568ca4639f0_9 .net v0x5568ca4639f0 9, 0 0, L_0x5568ca4a8e90; 1 drivers
v0x5568ca4639f0_10 .net v0x5568ca4639f0 10, 0 0, L_0x5568ca4a8dc0; 1 drivers
v0x5568ca4639f0_11 .net v0x5568ca4639f0 11, 0 0, L_0x5568ca4a9010; 1 drivers
v0x5568ca4639f0_12 .net v0x5568ca4639f0 12, 0 0, L_0x5568ca4a91a0; 1 drivers
v0x5568ca4639f0_13 .net v0x5568ca4639f0 13, 0 0, L_0x5568ca4a9240; 1 drivers
v0x5568ca4639f0_14 .net v0x5568ca4639f0 14, 0 0, L_0x5568ca4a93e0; 1 drivers
v0x5568ca4639f0_15 .net v0x5568ca4639f0 15, 0 0, L_0x5568ca4a9480; 1 drivers
v0x5568ca463a90 .array "cos_val_ref", 15 0;
v0x5568ca463a90_0 .net v0x5568ca463a90 0, 2 0, L_0x5568ca4a7b00; 1 drivers
v0x5568ca463a90_1 .net v0x5568ca463a90 1, 2 0, L_0x5568ca4a7ba0; 1 drivers
v0x5568ca463a90_2 .net v0x5568ca463a90 2, 2 0, L_0x5568ca4a7c90; 1 drivers
v0x5568ca463a90_3 .net v0x5568ca463a90 3, 2 0, L_0x5568ca4a7d30; 1 drivers
v0x5568ca463a90_4 .net v0x5568ca463a90 4, 2 0, L_0x5568ca4a7dd0; 1 drivers
v0x5568ca463a90_5 .net v0x5568ca463a90 5, 2 0, L_0x5568ca4a7e70; 1 drivers
v0x5568ca463a90_6 .net v0x5568ca463a90 6, 2 0, L_0x5568ca4a7f50; 1 drivers
v0x5568ca463a90_7 .net v0x5568ca463a90 7, 2 0, L_0x5568ca4a7ff0; 1 drivers
v0x5568ca463a90_8 .net v0x5568ca463a90 8, 2 0, L_0x5568ca4a81f0; 1 drivers
v0x5568ca463a90_9 .net v0x5568ca463a90 9, 2 0, L_0x5568ca4a8290; 1 drivers
v0x5568ca463a90_10 .net v0x5568ca463a90 10, 2 0, L_0x5568ca4a8330; 1 drivers
v0x5568ca463a90_11 .net v0x5568ca463a90 11, 2 0, L_0x5568ca4a83d0; 1 drivers
v0x5568ca463a90_12 .net v0x5568ca463a90 12, 2 0, L_0x5568ca4a84e0; 1 drivers
v0x5568ca463a90_13 .net v0x5568ca463a90 13, 2 0, L_0x5568ca4a8580; 1 drivers
v0x5568ca463a90_14 .net v0x5568ca463a90 14, 2 0, L_0x5568ca4a8620; 1 drivers
v0x5568ca463a90_15 .net v0x5568ca463a90 15, 2 0, L_0x5568ca4a86c0; 1 drivers
v0x5568ca463bc0_0 .var "fft_ready", 8 0;
v0x5568ca4645a0_0 .array/port v0x5568ca4645a0, 0;
v0x5568ca463c60 .array "i", 7 0;
v0x5568ca463c60_0 .net v0x5568ca463c60 0, 24 0, v0x5568ca4645a0_0; 1 drivers
v0x5568ca4645a0_1 .array/port v0x5568ca4645a0, 1;
v0x5568ca463c60_1 .net v0x5568ca463c60 1, 24 0, v0x5568ca4645a0_1; 1 drivers
v0x5568ca4645a0_2 .array/port v0x5568ca4645a0, 2;
v0x5568ca463c60_2 .net v0x5568ca463c60 2, 24 0, v0x5568ca4645a0_2; 1 drivers
v0x5568ca4645a0_3 .array/port v0x5568ca4645a0, 3;
v0x5568ca463c60_3 .net v0x5568ca463c60 3, 24 0, v0x5568ca4645a0_3; 1 drivers
v0x5568ca4645a0_4 .array/port v0x5568ca4645a0, 4;
v0x5568ca463c60_4 .net v0x5568ca463c60 4, 24 0, v0x5568ca4645a0_4; 1 drivers
v0x5568ca4645a0_5 .array/port v0x5568ca4645a0, 5;
v0x5568ca463c60_5 .net v0x5568ca463c60 5, 24 0, v0x5568ca4645a0_5; 1 drivers
v0x5568ca4645a0_6 .array/port v0x5568ca4645a0, 6;
v0x5568ca463c60_6 .net v0x5568ca463c60 6, 24 0, v0x5568ca4645a0_6; 1 drivers
v0x5568ca4645a0_7 .array/port v0x5568ca4645a0, 7;
v0x5568ca463c60_7 .net v0x5568ca463c60 7, 24 0, v0x5568ca4645a0_7; 1 drivers
v0x5568ca463d60 .array "o", 17 0;
v0x5568ca463d60_0 .net v0x5568ca463d60 0, 24 0, L_0x5568ca485b70; 1 drivers
v0x5568ca463d60_1 .net v0x5568ca463d60 1, 24 0, L_0x5568ca485df0; 1 drivers
v0x5568ca463d60_2 .net v0x5568ca463d60 2, 24 0, L_0x5568ca48a310; 1 drivers
v0x5568ca463d60_3 .net v0x5568ca463d60 3, 24 0, L_0x5568ca48a590; 1 drivers
v0x5568ca463d60_4 .net v0x5568ca463d60 4, 24 0, L_0x5568ca48eab0; 1 drivers
v0x5568ca463d60_5 .net v0x5568ca463d60 5, 24 0, L_0x5568ca48ed30; 1 drivers
v0x5568ca463d60_6 .net v0x5568ca463d60 6, 24 0, L_0x5568ca492eb0; 1 drivers
v0x5568ca463d60_7 .net v0x5568ca463d60 7, 24 0, L_0x5568ca493130; 1 drivers
v0x5568ca463d60_8 .net v0x5568ca463d60 8, 24 0, L_0x5568ca4970d0; 1 drivers
v0x5568ca463d60_9 .net v0x5568ca463d60 9, 24 0, L_0x5568ca497350; 1 drivers
v0x5568ca463d60_10 .net v0x5568ca463d60 10, 24 0, L_0x5568ca49b0c0; 1 drivers
v0x5568ca463d60_11 .net v0x5568ca463d60 11, 24 0, L_0x5568ca49b340; 1 drivers
v0x5568ca463d60_12 .net v0x5568ca463d60 12, 24 0, L_0x5568ca49f300; 1 drivers
v0x5568ca463d60_13 .net v0x5568ca463d60 13, 24 0, L_0x5568ca49f580; 1 drivers
v0x5568ca463d60_14 .net v0x5568ca463d60 14, 24 0, L_0x5568ca4a3520; 1 drivers
v0x5568ca463d60_15 .net v0x5568ca463d60 15, 24 0, L_0x5568ca4a37a0; 1 drivers
v0x5568ca463d60_16 .net v0x5568ca463d60 16, 24 0, L_0x5568ca4a7740; 1 drivers
v0x5568ca463d60_17 .net v0x5568ca463d60 17, 24 0, L_0x5568ca4a79c0; 1 drivers
v0x5568ca463fc0_0 .net "reset", 0 0, v0x5568ca464fc0_0;  1 drivers
v0x5568ca464080_0 .net "s_ready", 0 0, L_0x5568ca4a9840;  alias, 1 drivers
v0x5568ca464140_0 .net "start", 0 0, v0x5568ca4651c0_0;  1 drivers
L_0x5568ca4a7b00 .part L_0x7f200fb972f8, 45, 3;
L_0x5568ca4a7ba0 .part L_0x7f200fb972f8, 42, 3;
L_0x5568ca4a7c90 .part L_0x7f200fb972f8, 39, 3;
L_0x5568ca4a7d30 .part L_0x7f200fb972f8, 36, 3;
L_0x5568ca4a7dd0 .part L_0x7f200fb972f8, 33, 3;
L_0x5568ca4a7e70 .part L_0x7f200fb972f8, 30, 3;
L_0x5568ca4a7f50 .part L_0x7f200fb972f8, 27, 3;
L_0x5568ca4a7ff0 .part L_0x7f200fb972f8, 24, 3;
L_0x5568ca4a81f0 .part L_0x7f200fb972f8, 21, 3;
L_0x5568ca4a8290 .part L_0x7f200fb972f8, 18, 3;
L_0x5568ca4a8330 .part L_0x7f200fb972f8, 15, 3;
L_0x5568ca4a83d0 .part L_0x7f200fb972f8, 12, 3;
L_0x5568ca4a84e0 .part L_0x7f200fb972f8, 9, 3;
L_0x5568ca4a8580 .part L_0x7f200fb972f8, 6, 3;
L_0x5568ca4a8620 .part L_0x7f200fb972f8, 3, 3;
L_0x5568ca4a86c0 .part L_0x7f200fb972f8, 0, 3;
L_0x5568ca4a87f0 .part L_0x7f200fb97340, 15, 1;
L_0x5568ca4a8890 .part L_0x7f200fb97340, 14, 1;
L_0x5568ca4a89d0 .part L_0x7f200fb97340, 13, 1;
L_0x5568ca4a8a70 .part L_0x7f200fb97340, 12, 1;
L_0x5568ca4a8930 .part L_0x7f200fb97340, 11, 1;
L_0x5568ca4a8bc0 .part L_0x7f200fb97340, 10, 1;
L_0x5568ca4a8b10 .part L_0x7f200fb97340, 9, 1;
L_0x5568ca4a8d20 .part L_0x7f200fb97340, 8, 1;
L_0x5568ca4a8c60 .part L_0x7f200fb97340, 7, 1;
L_0x5568ca4a8e90 .part L_0x7f200fb97340, 6, 1;
L_0x5568ca4a8dc0 .part L_0x7f200fb97340, 5, 1;
L_0x5568ca4a9010 .part L_0x7f200fb97340, 4, 1;
L_0x5568ca4a91a0 .part L_0x7f200fb97340, 3, 1;
L_0x5568ca4a9240 .part L_0x7f200fb97340, 2, 1;
L_0x5568ca4a93e0 .part L_0x7f200fb97340, 1, 1;
L_0x5568ca4a9480 .part L_0x7f200fb97340, 0, 1;
L_0x5568ca4a9840 .reduce/and v0x5568ca463bc0_0;
S_0x5568ca309230 .scope begin, "$ivl_for_loop2" "$ivl_for_loop2" 4 22, 4 22 0, S_0x5568ca2faf60;
 .timescale 0 0;
v0x5568ca3a14f0_0 .var/i "id", 31 0;
S_0x5568ca309a60 .scope generate, "gen_loop[0]" "gen_loop[0]" 4 69, 4 69 0, S_0x5568ca2faf60;
 .timescale 0 0;
P_0x5568ca423d50 .param/l "o_id" 0 4 69, +C4<00>;
L_0x7f200fb964e8 .functor BUFT 1, C4<00>, C4<0>, C4<0>, C4<0>;
v0x5568ca427e60_0 .net/2u *"_ivl_10", 1 0, L_0x7f200fb964e8;  1 drivers
v0x5568ca427f40_0 .net *"_ivl_14", 21 0, L_0x5568ca485ad0;  1 drivers
v0x5568ca428020_0 .net *"_ivl_20", 0 0, L_0x5568ca485cb0;  1 drivers
L_0x7f200fb96530 .functor BUFT 1, C4<00>, C4<0>, C4<0>, C4<0>;
v0x5568ca4280e0_0 .net/2u *"_ivl_21", 1 0, L_0x7f200fb96530;  1 drivers
v0x5568ca4281c0_0 .net *"_ivl_25", 21 0, L_0x5568ca485d50;  1 drivers
v0x5568ca4282a0_0 .net *"_ivl_9", 0 0, L_0x5568ca485a30;  1 drivers
E_0x5568ca2c08d0 .event posedge, v0x5568ca463950_0;
L_0x5568ca485a30 .part L_0x5568ca482970, 24, 1;
L_0x5568ca485ad0 .part L_0x5568ca482970, 2, 22;
L_0x5568ca485b70 .concat [ 22 2 1 0], L_0x5568ca485ad0, L_0x7f200fb964e8, L_0x5568ca485a30;
L_0x5568ca485cb0 .part L_0x5568ca484aa0, 24, 1;
L_0x5568ca485d50 .part L_0x5568ca484aa0, 2, 22;
L_0x5568ca485df0 .concat [ 22 2 1 0], L_0x5568ca485d50, L_0x7f200fb96530, L_0x5568ca485cb0;
S_0x5568ca317d30 .scope begin, "clk_process" "clk_process" 4 85, 4 85 0, S_0x5568ca309a60;
 .timescale 0 0;
v0x5568ca388d80_0 .var "c", 24 0;
v0x5568ca370610_0 .var "ci", 24 0;
v0x5568ca358140_0 .var/2u "i_id", 31 0;
v0x5568ca423f60_0 .var/2u "w", 31 0;
v0x5568ca424040_0 .var/2u "wi", 31 0;
S_0x5568ca424170 .scope module, "sum_i" "b25_add" 4 78, 5 1 0, S_0x5568ca309a60;
 .timescale 0 0;
    .port_info 0 /INPUT 25 "a";
    .port_info 1 /INPUT 25 "b";
    .port_info 2 /OUTPUT 25 "res";
L_0x5568ca4822f0 .functor XOR 1, L_0x5568ca483900, L_0x5568ca4839f0, C4<0>, C4<0>;
L_0x5568ca481bf0 .functor NOT 1, L_0x5568ca4822f0, C4<0>, C4<0>, C4<0>;
v0x5568ca4243c0_0 .net *"_ivl_11", 23 0, L_0x5568ca483bd0;  1 drivers
v0x5568ca4244c0_0 .net *"_ivl_13", 23 0, L_0x5568ca483c70;  1 drivers
v0x5568ca4245a0_0 .net *"_ivl_14", 23 0, L_0x5568ca483d10;  1 drivers
v0x5568ca424660_0 .net *"_ivl_17", 23 0, L_0x5568ca483ec0;  1 drivers
v0x5568ca424740_0 .net *"_ivl_19", 23 0, L_0x5568ca483f60;  1 drivers
v0x5568ca424870_0 .net *"_ivl_20", 0 0, L_0x5568ca484000;  1 drivers
v0x5568ca424930_0 .net *"_ivl_23", 23 0, L_0x5568ca4840f0;  1 drivers
v0x5568ca424a10_0 .net *"_ivl_25", 23 0, L_0x5568ca484190;  1 drivers
v0x5568ca424af0_0 .net *"_ivl_26", 23 0, L_0x5568ca484290;  1 drivers
v0x5568ca424bd0_0 .net *"_ivl_29", 23 0, L_0x5568ca484380;  1 drivers
v0x5568ca424cb0_0 .net *"_ivl_3", 0 0, L_0x5568ca483900;  1 drivers
v0x5568ca424d90_0 .net *"_ivl_31", 23 0, L_0x5568ca484490;  1 drivers
v0x5568ca424e70_0 .net *"_ivl_32", 23 0, L_0x5568ca484530;  1 drivers
v0x5568ca424f50_0 .net *"_ivl_34", 23 0, L_0x5568ca4846f0;  1 drivers
v0x5568ca425030_0 .net *"_ivl_36", 23 0, L_0x5568ca484880;  1 drivers
v0x5568ca425110_0 .net *"_ivl_42", 23 0, L_0x5568ca484be0;  1 drivers
L_0x7f200fb96458 .functor BUFT 1, C4<000000000000000000000000>, C4<0>, C4<0>, C4<0>;
v0x5568ca4251f0_0 .net/2u *"_ivl_43", 23 0, L_0x7f200fb96458;  1 drivers
v0x5568ca4252d0_0 .net *"_ivl_45", 0 0, L_0x5568ca484d20;  1 drivers
L_0x7f200fb964a0 .functor BUFT 1, C4<0>, C4<0>, C4<0>, C4<0>;
v0x5568ca425390_0 .net/2u *"_ivl_47", 0 0, L_0x7f200fb964a0;  1 drivers
v0x5568ca425470_0 .net *"_ivl_5", 0 0, L_0x5568ca4839f0;  1 drivers
v0x5568ca425550_0 .net *"_ivl_50", 23 0, L_0x5568ca484e60;  1 drivers
v0x5568ca425630_0 .net *"_ivl_52", 23 0, L_0x5568ca484c80;  1 drivers
v0x5568ca425710_0 .net *"_ivl_53", 0 0, L_0x5568ca484fb0;  1 drivers
v0x5568ca4257d0_0 .net *"_ivl_56", 0 0, L_0x5568ca4851b0;  1 drivers
v0x5568ca4258b0_0 .net *"_ivl_58", 0 0, L_0x5568ca485360;  1 drivers
v0x5568ca425990_0 .net *"_ivl_59", 0 0, L_0x5568ca4855e0;  1 drivers
v0x5568ca425a70_0 .net *"_ivl_6", 0 0, L_0x5568ca4822f0;  1 drivers
v0x5568ca425b50_0 .net *"_ivl_61", 0 0, L_0x5568ca485770;  1 drivers
v0x5568ca425c30_0 .net *"_ivl_8", 0 0, L_0x5568ca481bf0;  1 drivers
v0x5568ca462730_1 .array/port v0x5568ca462730, 1;
v0x5568ca425d10_0 .net "a", 24 0, v0x5568ca462730_1;  1 drivers
v0x5568ca462ba0_1 .array/port v0x5568ca462ba0, 1;
v0x5568ca425df0_0 .net "b", 24 0, v0x5568ca462ba0_1;  1 drivers
v0x5568ca425ed0_0 .net "res", 24 0, L_0x5568ca484aa0;  alias, 1 drivers
L_0x5568ca483900 .part v0x5568ca462730_1, 24, 1;
L_0x5568ca4839f0 .part v0x5568ca462ba0_1, 24, 1;
L_0x5568ca483bd0 .part v0x5568ca462730_1, 0, 24;
L_0x5568ca483c70 .part v0x5568ca462ba0_1, 0, 24;
L_0x5568ca483d10 .arith/sum 24, L_0x5568ca483bd0, L_0x5568ca483c70;
L_0x5568ca483ec0 .part v0x5568ca462730_1, 0, 24;
L_0x5568ca483f60 .part v0x5568ca462ba0_1, 0, 24;
L_0x5568ca484000 .cmp/gt 24, L_0x5568ca483ec0, L_0x5568ca483f60;
L_0x5568ca4840f0 .part v0x5568ca462730_1, 0, 24;
L_0x5568ca484190 .part v0x5568ca462ba0_1, 0, 24;
L_0x5568ca484290 .arith/sub 24, L_0x5568ca4840f0, L_0x5568ca484190;
L_0x5568ca484380 .part v0x5568ca462ba0_1, 0, 24;
L_0x5568ca484490 .part v0x5568ca462730_1, 0, 24;
L_0x5568ca484530 .arith/sub 24, L_0x5568ca484380, L_0x5568ca484490;
L_0x5568ca4846f0 .functor MUXZ 24, L_0x5568ca484530, L_0x5568ca484290, L_0x5568ca484000, C4<>;
L_0x5568ca484880 .functor MUXZ 24, L_0x5568ca4846f0, L_0x5568ca483d10, L_0x5568ca481bf0, C4<>;
L_0x5568ca484aa0 .concat8 [ 24 1 0 0], L_0x5568ca484880, L_0x5568ca485770;
L_0x5568ca484be0 .part L_0x5568ca484aa0, 0, 24;
L_0x5568ca484d20 .cmp/eq 24, L_0x5568ca484be0, L_0x7f200fb96458;
L_0x5568ca484e60 .part v0x5568ca462730_1, 0, 24;
L_0x5568ca484c80 .part v0x5568ca462ba0_1, 0, 24;
L_0x5568ca484fb0 .cmp/gt 24, L_0x5568ca484c80, L_0x5568ca484e60;
L_0x5568ca4851b0 .part v0x5568ca462ba0_1, 24, 1;
L_0x5568ca485360 .part v0x5568ca462730_1, 24, 1;
L_0x5568ca4855e0 .functor MUXZ 1, L_0x5568ca485360, L_0x5568ca4851b0, L_0x5568ca484fb0, C4<>;
L_0x5568ca485770 .functor MUXZ 1, L_0x5568ca4855e0, L_0x7f200fb964a0, L_0x5568ca484d20, C4<>;
S_0x5568ca426030 .scope module, "sum_r" "b25_add" 4 72, 5 1 0, S_0x5568ca309a60;
 .timescale 0 0;
    .port_info 0 /INPUT 25 "a";
    .port_info 1 /INPUT 25 "b";
    .port_info 2 /OUTPUT 25 "res";
L_0x5568ca481840 .functor XOR 1, L_0x5568ca481660, L_0x5568ca481750, C4<0>, C4<0>;
L_0x5568ca481950 .functor NOT 1, L_0x5568ca481840, C4<0>, C4<0>, C4<0>;
v0x5568ca426210_0 .net *"_ivl_11", 23 0, L_0x5568ca481a10;  1 drivers
v0x5568ca4262f0_0 .net *"_ivl_13", 23 0, L_0x5568ca481ab0;  1 drivers
v0x5568ca4263d0_0 .net *"_ivl_14", 23 0, L_0x5568ca481b50;  1 drivers
v0x5568ca426490_0 .net *"_ivl_17", 23 0, L_0x5568ca481d00;  1 drivers
v0x5568ca426570_0 .net *"_ivl_19", 23 0, L_0x5568ca481da0;  1 drivers
v0x5568ca4266a0_0 .net *"_ivl_20", 0 0, L_0x5568ca481ed0;  1 drivers
v0x5568ca426760_0 .net *"_ivl_23", 23 0, L_0x5568ca481fc0;  1 drivers
v0x5568ca426840_0 .net *"_ivl_25", 23 0, L_0x5568ca482060;  1 drivers
v0x5568ca426920_0 .net *"_ivl_26", 23 0, L_0x5568ca482160;  1 drivers
v0x5568ca426a00_0 .net *"_ivl_29", 23 0, L_0x5568ca482250;  1 drivers
v0x5568ca426ae0_0 .net *"_ivl_3", 0 0, L_0x5568ca481660;  1 drivers
v0x5568ca426bc0_0 .net *"_ivl_31", 23 0, L_0x5568ca482360;  1 drivers
v0x5568ca426ca0_0 .net *"_ivl_32", 23 0, L_0x5568ca482400;  1 drivers
v0x5568ca426d80_0 .net *"_ivl_34", 23 0, L_0x5568ca4825c0;  1 drivers
v0x5568ca426e60_0 .net *"_ivl_36", 23 0, L_0x5568ca482750;  1 drivers
v0x5568ca426f40_0 .net *"_ivl_42", 23 0, L_0x5568ca482ab0;  1 drivers
L_0x7f200fb963c8 .functor BUFT 1, C4<000000000000000000000000>, C4<0>, C4<0>, C4<0>;
v0x5568ca427020_0 .net/2u *"_ivl_43", 23 0, L_0x7f200fb963c8;  1 drivers
v0x5568ca427100_0 .net *"_ivl_45", 0 0, L_0x5568ca482bf0;  1 drivers
L_0x7f200fb96410 .functor BUFT 1, C4<0>, C4<0>, C4<0>, C4<0>;
v0x5568ca4271c0_0 .net/2u *"_ivl_47", 0 0, L_0x7f200fb96410;  1 drivers
v0x5568ca4272a0_0 .net *"_ivl_5", 0 0, L_0x5568ca481750;  1 drivers
v0x5568ca427380_0 .net *"_ivl_50", 23 0, L_0x5568ca482d30;  1 drivers
v0x5568ca427460_0 .net *"_ivl_52", 23 0, L_0x5568ca482b50;  1 drivers
v0x5568ca427540_0 .net *"_ivl_53", 0 0, L_0x5568ca482e80;  1 drivers
v0x5568ca427600_0 .net *"_ivl_56", 0 0, L_0x5568ca483080;  1 drivers
v0x5568ca4276e0_0 .net *"_ivl_58", 0 0, L_0x5568ca483230;  1 drivers
v0x5568ca4277c0_0 .net *"_ivl_59", 0 0, L_0x5568ca4834b0;  1 drivers
v0x5568ca4278a0_0 .net *"_ivl_6", 0 0, L_0x5568ca481840;  1 drivers
v0x5568ca427980_0 .net *"_ivl_61", 0 0, L_0x5568ca483640;  1 drivers
v0x5568ca427a60_0 .net *"_ivl_8", 0 0, L_0x5568ca481950;  1 drivers
v0x5568ca462730_0 .array/port v0x5568ca462730, 0;
v0x5568ca427b40_0 .net "a", 24 0, v0x5568ca462730_0;  1 drivers
v0x5568ca462ba0_0 .array/port v0x5568ca462ba0, 0;
v0x5568ca427c20_0 .net "b", 24 0, v0x5568ca462ba0_0;  1 drivers
v0x5568ca427d00_0 .net "res", 24 0, L_0x5568ca482970;  alias, 1 drivers
L_0x5568ca481660 .part v0x5568ca462730_0, 24, 1;
L_0x5568ca481750 .part v0x5568ca462ba0_0, 24, 1;
L_0x5568ca481a10 .part v0x5568ca462730_0, 0, 24;
L_0x5568ca481ab0 .part v0x5568ca462ba0_0, 0, 24;
L_0x5568ca481b50 .arith/sum 24, L_0x5568ca481a10, L_0x5568ca481ab0;
L_0x5568ca481d00 .part v0x5568ca462730_0, 0, 24;
L_0x5568ca481da0 .part v0x5568ca462ba0_0, 0, 24;
L_0x5568ca481ed0 .cmp/gt 24, L_0x5568ca481d00, L_0x5568ca481da0;
L_0x5568ca481fc0 .part v0x5568ca462730_0, 0, 24;
L_0x5568ca482060 .part v0x5568ca462ba0_0, 0, 24;
L_0x5568ca482160 .arith/sub 24, L_0x5568ca481fc0, L_0x5568ca482060;
L_0x5568ca482250 .part v0x5568ca462ba0_0, 0, 24;
L_0x5568ca482360 .part v0x5568ca462730_0, 0, 24;
L_0x5568ca482400 .arith/sub 24, L_0x5568ca482250, L_0x5568ca482360;
L_0x5568ca4825c0 .functor MUXZ 24, L_0x5568ca482400, L_0x5568ca482160, L_0x5568ca481ed0, C4<>;
L_0x5568ca482750 .functor MUXZ 24, L_0x5568ca4825c0, L_0x5568ca481b50, L_0x5568ca481950, C4<>;
L_0x5568ca482970 .concat8 [ 24 1 0 0], L_0x5568ca482750, L_0x5568ca483640;
L_0x5568ca482ab0 .part L_0x5568ca482970, 0, 24;
L_0x5568ca482bf0 .cmp/eq 24, L_0x5568ca482ab0, L_0x7f200fb963c8;
L_0x5568ca482d30 .part v0x5568ca462730_0, 0, 24;
L_0x5568ca482b50 .part v0x5568ca462ba0_0, 0, 24;
L_0x5568ca482e80 .cmp/gt 24, L_0x5568ca482b50, L_0x5568ca482d30;
L_0x5568ca483080 .part v0x5568ca462ba0_0, 24, 1;
L_0x5568ca483230 .part v0x5568ca462730_0, 24, 1;
L_0x5568ca4834b0 .functor MUXZ 1, L_0x5568ca483230, L_0x5568ca483080, L_0x5568ca482e80, C4<>;
L_0x5568ca483640 .functor MUXZ 1, L_0x5568ca4834b0, L_0x7f200fb96410, L_0x5568ca482bf0, C4<>;
S_0x5568ca428380 .scope generate, "gen_loop[1]" "gen_loop[1]" 4 69, 4 69 0, S_0x5568ca2faf60;
 .timescale 0 0;
P_0x5568ca428580 .param/l "o_id" 0 4 69, +C4<01>;
L_0x7f200fb96698 .functor BUFT 1, C4<00>, C4<0>, C4<0>, C4<0>;
v0x5568ca42cbe0_0 .net/2u *"_ivl_10", 1 0, L_0x7f200fb96698;  1 drivers
v0x5568ca42ccc0_0 .net *"_ivl_14", 21 0, L_0x5568ca48a270;  1 drivers
v0x5568ca42cda0_0 .net *"_ivl_20", 0 0, L_0x5568ca48a450;  1 drivers
L_0x7f200fb966e0 .functor BUFT 1, C4<00>, C4<0>, C4<0>, C4<0>;
v0x5568ca42ce60_0 .net/2u *"_ivl_21", 1 0, L_0x7f200fb966e0;  1 drivers
v0x5568ca42cf40_0 .net *"_ivl_25", 21 0, L_0x5568ca48a4f0;  1 drivers
v0x5568ca42d020_0 .net *"_ivl_9", 0 0, L_0x5568ca48a1d0;  1 drivers
L_0x5568ca48a1d0 .part L_0x5568ca487110, 24, 1;
L_0x5568ca48a270 .part L_0x5568ca487110, 2, 22;
L_0x5568ca48a310 .concat [ 22 2 1 0], L_0x5568ca48a270, L_0x7f200fb96698, L_0x5568ca48a1d0;
L_0x5568ca48a450 .part L_0x5568ca489240, 24, 1;
L_0x5568ca48a4f0 .part L_0x5568ca489240, 2, 22;
L_0x5568ca48a590 .concat [ 22 2 1 0], L_0x5568ca48a4f0, L_0x7f200fb966e0, L_0x5568ca48a450;
S_0x5568ca428640 .scope begin, "clk_process" "clk_process" 4 85, 4 85 0, S_0x5568ca428380;
 .timescale 0 0;
v0x5568ca428820_0 .var "c", 24 0;
v0x5568ca428920_0 .var "ci", 24 0;
v0x5568ca428a00_0 .var/2u "i_id", 31 0;
v0x5568ca428ac0_0 .var/2u "w", 31 0;
v0x5568ca428ba0_0 .var/2u "wi", 31 0;
S_0x5568ca428cd0 .scope module, "sum_i" "b25_add" 4 78, 5 1 0, S_0x5568ca428380;
 .timescale 0 0;
    .port_info 0 /INPUT 25 "a";
    .port_info 1 /INPUT 25 "b";
    .port_info 2 /OUTPUT 25 "res";
L_0x5568ca486a90 .functor XOR 1, L_0x5568ca4880a0, L_0x5568ca488190, C4<0>, C4<0>;
L_0x5568ca4863e0 .functor NOT 1, L_0x5568ca486a90, C4<0>, C4<0>, C4<0>;
v0x5568ca428f20_0 .net *"_ivl_11", 23 0, L_0x5568ca488370;  1 drivers
v0x5568ca429020_0 .net *"_ivl_13", 23 0, L_0x5568ca488410;  1 drivers
v0x5568ca429100_0 .net *"_ivl_14", 23 0, L_0x5568ca4884b0;  1 drivers
v0x5568ca4291c0_0 .net *"_ivl_17", 23 0, L_0x5568ca488660;  1 drivers
v0x5568ca4292a0_0 .net *"_ivl_19", 23 0, L_0x5568ca488700;  1 drivers
v0x5568ca4293d0_0 .net *"_ivl_20", 0 0, L_0x5568ca4887a0;  1 drivers
v0x5568ca429490_0 .net *"_ivl_23", 23 0, L_0x5568ca488890;  1 drivers
v0x5568ca429570_0 .net *"_ivl_25", 23 0, L_0x5568ca488930;  1 drivers
v0x5568ca429650_0 .net *"_ivl_26", 23 0, L_0x5568ca488a30;  1 drivers
v0x5568ca429730_0 .net *"_ivl_29", 23 0, L_0x5568ca488b20;  1 drivers
v0x5568ca429810_0 .net *"_ivl_3", 0 0, L_0x5568ca4880a0;  1 drivers
v0x5568ca4298f0_0 .net *"_ivl_31", 23 0, L_0x5568ca488c30;  1 drivers
v0x5568ca4299d0_0 .net *"_ivl_32", 23 0, L_0x5568ca488cd0;  1 drivers
v0x5568ca429ab0_0 .net *"_ivl_34", 23 0, L_0x5568ca488e90;  1 drivers
v0x5568ca429b90_0 .net *"_ivl_36", 23 0, L_0x5568ca489020;  1 drivers
v0x5568ca429c70_0 .net *"_ivl_42", 23 0, L_0x5568ca489380;  1 drivers
L_0x7f200fb96608 .functor BUFT 1, C4<000000000000000000000000>, C4<0>, C4<0>, C4<0>;
v0x5568ca429d50_0 .net/2u *"_ivl_43", 23 0, L_0x7f200fb96608;  1 drivers
v0x5568ca429f40_0 .net *"_ivl_45", 0 0, L_0x5568ca4894c0;  1 drivers
L_0x7f200fb96650 .functor BUFT 1, C4<0>, C4<0>, C4<0>, C4<0>;
v0x5568ca42a000_0 .net/2u *"_ivl_47", 0 0, L_0x7f200fb96650;  1 drivers
v0x5568ca42a0e0_0 .net *"_ivl_5", 0 0, L_0x5568ca488190;  1 drivers
v0x5568ca42a1c0_0 .net *"_ivl_50", 23 0, L_0x5568ca489600;  1 drivers
v0x5568ca42a2a0_0 .net *"_ivl_52", 23 0, L_0x5568ca489420;  1 drivers
v0x5568ca42a380_0 .net *"_ivl_53", 0 0, L_0x5568ca489750;  1 drivers
v0x5568ca42a440_0 .net *"_ivl_56", 0 0, L_0x5568ca489950;  1 drivers
v0x5568ca42a520_0 .net *"_ivl_58", 0 0, L_0x5568ca489b00;  1 drivers
v0x5568ca42a600_0 .net *"_ivl_59", 0 0, L_0x5568ca489d80;  1 drivers
v0x5568ca42a6e0_0 .net *"_ivl_6", 0 0, L_0x5568ca486a90;  1 drivers
v0x5568ca42a7c0_0 .net *"_ivl_61", 0 0, L_0x5568ca489f10;  1 drivers
v0x5568ca42a8a0_0 .net *"_ivl_8", 0 0, L_0x5568ca4863e0;  1 drivers
v0x5568ca462730_3 .array/port v0x5568ca462730, 3;
v0x5568ca42a980_0 .net "a", 24 0, v0x5568ca462730_3;  1 drivers
v0x5568ca462ba0_3 .array/port v0x5568ca462ba0, 3;
v0x5568ca42aa60_0 .net "b", 24 0, v0x5568ca462ba0_3;  1 drivers
v0x5568ca42ab40_0 .net "res", 24 0, L_0x5568ca489240;  alias, 1 drivers
L_0x5568ca4880a0 .part v0x5568ca462730_3, 24, 1;
L_0x5568ca488190 .part v0x5568ca462ba0_3, 24, 1;
L_0x5568ca488370 .part v0x5568ca462730_3, 0, 24;
L_0x5568ca488410 .part v0x5568ca462ba0_3, 0, 24;
L_0x5568ca4884b0 .arith/sum 24, L_0x5568ca488370, L_0x5568ca488410;
L_0x5568ca488660 .part v0x5568ca462730_3, 0, 24;
L_0x5568ca488700 .part v0x5568ca462ba0_3, 0, 24;
L_0x5568ca4887a0 .cmp/gt 24, L_0x5568ca488660, L_0x5568ca488700;
L_0x5568ca488890 .part v0x5568ca462730_3, 0, 24;
L_0x5568ca488930 .part v0x5568ca462ba0_3, 0, 24;
L_0x5568ca488a30 .arith/sub 24, L_0x5568ca488890, L_0x5568ca488930;
L_0x5568ca488b20 .part v0x5568ca462ba0_3, 0, 24;
L_0x5568ca488c30 .part v0x5568ca462730_3, 0, 24;
L_0x5568ca488cd0 .arith/sub 24, L_0x5568ca488b20, L_0x5568ca488c30;
L_0x5568ca488e90 .functor MUXZ 24, L_0x5568ca488cd0, L_0x5568ca488a30, L_0x5568ca4887a0, C4<>;
L_0x5568ca489020 .functor MUXZ 24, L_0x5568ca488e90, L_0x5568ca4884b0, L_0x5568ca4863e0, C4<>;
L_0x5568ca489240 .concat8 [ 24 1 0 0], L_0x5568ca489020, L_0x5568ca489f10;
L_0x5568ca489380 .part L_0x5568ca489240, 0, 24;
L_0x5568ca4894c0 .cmp/eq 24, L_0x5568ca489380, L_0x7f200fb96608;
L_0x5568ca489600 .part v0x5568ca462730_3, 0, 24;
L_0x5568ca489420 .part v0x5568ca462ba0_3, 0, 24;
L_0x5568ca489750 .cmp/gt 24, L_0x5568ca489420, L_0x5568ca489600;
L_0x5568ca489950 .part v0x5568ca462ba0_3, 24, 1;
L_0x5568ca489b00 .part v0x5568ca462730_3, 24, 1;
L_0x5568ca489d80 .functor MUXZ 1, L_0x5568ca489b00, L_0x5568ca489950, L_0x5568ca489750, C4<>;
L_0x5568ca489f10 .functor MUXZ 1, L_0x5568ca489d80, L_0x7f200fb96650, L_0x5568ca4894c0, C4<>;
S_0x5568ca42aca0 .scope module, "sum_r" "b25_add" 4 72, 5 1 0, S_0x5568ca428380;
 .timescale 0 0;
    .port_info 0 /INPUT 25 "a";
    .port_info 1 /INPUT 25 "b";
    .port_info 2 /OUTPUT 25 "res";
L_0x5568ca484420 .functor XOR 1, L_0x5568ca485f30, L_0x5568ca486020, C4<0>, C4<0>;
L_0x5568ca483db0 .functor NOT 1, L_0x5568ca484420, C4<0>, C4<0>, C4<0>;
v0x5568ca42ae80_0 .net *"_ivl_11", 23 0, L_0x5568ca486200;  1 drivers
v0x5568ca42af60_0 .net *"_ivl_13", 23 0, L_0x5568ca4862a0;  1 drivers
v0x5568ca42b040_0 .net *"_ivl_14", 23 0, L_0x5568ca486340;  1 drivers
v0x5568ca42b100_0 .net *"_ivl_17", 23 0, L_0x5568ca4864f0;  1 drivers
v0x5568ca42b1e0_0 .net *"_ivl_19", 23 0, L_0x5568ca4865d0;  1 drivers
v0x5568ca42b310_0 .net *"_ivl_20", 0 0, L_0x5568ca486670;  1 drivers
v0x5568ca42b3d0_0 .net *"_ivl_23", 23 0, L_0x5568ca486760;  1 drivers
v0x5568ca42b4b0_0 .net *"_ivl_25", 23 0, L_0x5568ca486800;  1 drivers
v0x5568ca42b590_0 .net *"_ivl_26", 23 0, L_0x5568ca486900;  1 drivers
v0x5568ca42b670_0 .net *"_ivl_29", 23 0, L_0x5568ca4869f0;  1 drivers
v0x5568ca42b750_0 .net *"_ivl_3", 0 0, L_0x5568ca485f30;  1 drivers
v0x5568ca42b830_0 .net *"_ivl_31", 23 0, L_0x5568ca486b00;  1 drivers
v0x5568ca42b910_0 .net *"_ivl_32", 23 0, L_0x5568ca486ba0;  1 drivers
v0x5568ca42b9f0_0 .net *"_ivl_34", 23 0, L_0x5568ca486d60;  1 drivers
v0x5568ca42bad0_0 .net *"_ivl_36", 23 0, L_0x5568ca486ef0;  1 drivers
v0x5568ca42bbb0_0 .net *"_ivl_42", 23 0, L_0x5568ca487250;  1 drivers
L_0x7f200fb96578 .functor BUFT 1, C4<000000000000000000000000>, C4<0>, C4<0>, C4<0>;
v0x5568ca42bc90_0 .net/2u *"_ivl_43", 23 0, L_0x7f200fb96578;  1 drivers
v0x5568ca42be80_0 .net *"_ivl_45", 0 0, L_0x5568ca487390;  1 drivers
L_0x7f200fb965c0 .functor BUFT 1, C4<0>, C4<0>, C4<0>, C4<0>;
v0x5568ca42bf40_0 .net/2u *"_ivl_47", 0 0, L_0x7f200fb965c0;  1 drivers
v0x5568ca42c020_0 .net *"_ivl_5", 0 0, L_0x5568ca486020;  1 drivers
v0x5568ca42c100_0 .net *"_ivl_50", 23 0, L_0x5568ca4874d0;  1 drivers
v0x5568ca42c1e0_0 .net *"_ivl_52", 23 0, L_0x5568ca4872f0;  1 drivers
v0x5568ca42c2c0_0 .net *"_ivl_53", 0 0, L_0x5568ca487620;  1 drivers
v0x5568ca42c380_0 .net *"_ivl_56", 0 0, L_0x5568ca487820;  1 drivers
v0x5568ca42c460_0 .net *"_ivl_58", 0 0, L_0x5568ca4879d0;  1 drivers
v0x5568ca42c540_0 .net *"_ivl_59", 0 0, L_0x5568ca487c50;  1 drivers
v0x5568ca42c620_0 .net *"_ivl_6", 0 0, L_0x5568ca484420;  1 drivers
v0x5568ca42c700_0 .net *"_ivl_61", 0 0, L_0x5568ca487de0;  1 drivers
v0x5568ca42c7e0_0 .net *"_ivl_8", 0 0, L_0x5568ca483db0;  1 drivers
v0x5568ca462730_2 .array/port v0x5568ca462730, 2;
v0x5568ca42c8c0_0 .net "a", 24 0, v0x5568ca462730_2;  1 drivers
v0x5568ca462ba0_2 .array/port v0x5568ca462ba0, 2;
v0x5568ca42c9a0_0 .net "b", 24 0, v0x5568ca462ba0_2;  1 drivers
v0x5568ca42ca80_0 .net "res", 24 0, L_0x5568ca487110;  alias, 1 drivers
L_0x5568ca485f30 .part v0x5568ca462730_2, 24, 1;
L_0x5568ca486020 .part v0x5568ca462ba0_2, 24, 1;
L_0x5568ca486200 .part v0x5568ca462730_2, 0, 24;
L_0x5568ca4862a0 .part v0x5568ca462ba0_2, 0, 24;
L_0x5568ca486340 .arith/sum 24, L_0x5568ca486200, L_0x5568ca4862a0;
L_0x5568ca4864f0 .part v0x5568ca462730_2, 0, 24;
L_0x5568ca4865d0 .part v0x5568ca462ba0_2, 0, 24;
L_0x5568ca486670 .cmp/gt 24, L_0x5568ca4864f0, L_0x5568ca4865d0;
L_0x5568ca486760 .part v0x5568ca462730_2, 0, 24;
L_0x5568ca486800 .part v0x5568ca462ba0_2, 0, 24;
L_0x5568ca486900 .arith/sub 24, L_0x5568ca486760, L_0x5568ca486800;
L_0x5568ca4869f0 .part v0x5568ca462ba0_2, 0, 24;
L_0x5568ca486b00 .part v0x5568ca462730_2, 0, 24;
L_0x5568ca486ba0 .arith/sub 24, L_0x5568ca4869f0, L_0x5568ca486b00;
L_0x5568ca486d60 .functor MUXZ 24, L_0x5568ca486ba0, L_0x5568ca486900, L_0x5568ca486670, C4<>;
L_0x5568ca486ef0 .functor MUXZ 24, L_0x5568ca486d60, L_0x5568ca486340, L_0x5568ca483db0, C4<>;
L_0x5568ca487110 .concat8 [ 24 1 0 0], L_0x5568ca486ef0, L_0x5568ca487de0;
L_0x5568ca487250 .part L_0x5568ca487110, 0, 24;
L_0x5568ca487390 .cmp/eq 24, L_0x5568ca487250, L_0x7f200fb96578;
L_0x5568ca4874d0 .part v0x5568ca462730_2, 0, 24;
L_0x5568ca4872f0 .part v0x5568ca462ba0_2, 0, 24;
L_0x5568ca487620 .cmp/gt 24, L_0x5568ca4872f0, L_0x5568ca4874d0;
L_0x5568ca487820 .part v0x5568ca462ba0_2, 24, 1;
L_0x5568ca4879d0 .part v0x5568ca462730_2, 24, 1;
L_0x5568ca487c50 .functor MUXZ 1, L_0x5568ca4879d0, L_0x5568ca487820, L_0x5568ca487620, C4<>;
L_0x5568ca487de0 .functor MUXZ 1, L_0x5568ca487c50, L_0x7f200fb965c0, L_0x5568ca487390, C4<>;
S_0x5568ca42d100 .scope generate, "gen_loop[2]" "gen_loop[2]" 4 69, 4 69 0, S_0x5568ca2faf60;
 .timescale 0 0;
P_0x5568ca42d300 .param/l "o_id" 0 4 69, +C4<010>;
L_0x7f200fb96848 .functor BUFT 1, C4<00>, C4<0>, C4<0>, C4<0>;
v0x5568ca4319b0_0 .net/2u *"_ivl_10", 1 0, L_0x7f200fb96848;  1 drivers
v0x5568ca431a90_0 .net *"_ivl_14", 21 0, L_0x5568ca48ea10;  1 drivers
v0x5568ca431b70_0 .net *"_ivl_20", 0 0, L_0x5568ca48ebf0;  1 drivers
L_0x7f200fb96890 .functor BUFT 1, C4<00>, C4<0>, C4<0>, C4<0>;
v0x5568ca431c30_0 .net/2u *"_ivl_21", 1 0, L_0x7f200fb96890;  1 drivers
v0x5568ca431d10_0 .net *"_ivl_25", 21 0, L_0x5568ca48ec90;  1 drivers
v0x5568ca431df0_0 .net *"_ivl_9", 0 0, L_0x5568ca48e970;  1 drivers
L_0x5568ca48e970 .part L_0x5568ca48b8b0, 24, 1;
L_0x5568ca48ea10 .part L_0x5568ca48b8b0, 2, 22;
L_0x5568ca48eab0 .concat [ 22 2 1 0], L_0x5568ca48ea10, L_0x7f200fb96848, L_0x5568ca48e970;
L_0x5568ca48ebf0 .part L_0x5568ca48d9e0, 24, 1;
L_0x5568ca48ec90 .part L_0x5568ca48d9e0, 2, 22;
L_0x5568ca48ed30 .concat [ 22 2 1 0], L_0x5568ca48ec90, L_0x7f200fb96890, L_0x5568ca48ebf0;
S_0x5568ca42d3e0 .scope begin, "clk_process" "clk_process" 4 85, 4 85 0, S_0x5568ca42d100;
 .timescale 0 0;
v0x5568ca42d5c0_0 .var "c", 24 0;
v0x5568ca42d6c0_0 .var "ci", 24 0;
v0x5568ca42d7a0_0 .var/2u "i_id", 31 0;
v0x5568ca42d860_0 .var/2u "w", 31 0;
v0x5568ca42d940_0 .var/2u "wi", 31 0;
S_0x5568ca42da70 .scope module, "sum_i" "b25_add" 4 78, 5 1 0, S_0x5568ca42d100;
 .timescale 0 0;
    .port_info 0 /INPUT 25 "a";
    .port_info 1 /INPUT 25 "b";
    .port_info 2 /OUTPUT 25 "res";
L_0x5568ca48b230 .functor XOR 1, L_0x5568ca48c840, L_0x5568ca48c930, C4<0>, C4<0>;
L_0x5568ca48ab80 .functor NOT 1, L_0x5568ca48b230, C4<0>, C4<0>, C4<0>;
v0x5568ca42dcc0_0 .net *"_ivl_11", 23 0, L_0x5568ca48cb10;  1 drivers
v0x5568ca42ddc0_0 .net *"_ivl_13", 23 0, L_0x5568ca48cbb0;  1 drivers
v0x5568ca42dea0_0 .net *"_ivl_14", 23 0, L_0x5568ca48cc50;  1 drivers
v0x5568ca42df60_0 .net *"_ivl_17", 23 0, L_0x5568ca48ce00;  1 drivers
v0x5568ca42e040_0 .net *"_ivl_19", 23 0, L_0x5568ca48cea0;  1 drivers
v0x5568ca42e170_0 .net *"_ivl_20", 0 0, L_0x5568ca48cf40;  1 drivers
v0x5568ca42e230_0 .net *"_ivl_23", 23 0, L_0x5568ca48d030;  1 drivers
v0x5568ca42e310_0 .net *"_ivl_25", 23 0, L_0x5568ca48d0d0;  1 drivers
v0x5568ca42e3f0_0 .net *"_ivl_26", 23 0, L_0x5568ca48d1d0;  1 drivers
v0x5568ca42e4d0_0 .net *"_ivl_29", 23 0, L_0x5568ca48d2c0;  1 drivers
v0x5568ca42e5b0_0 .net *"_ivl_3", 0 0, L_0x5568ca48c840;  1 drivers
v0x5568ca42e690_0 .net *"_ivl_31", 23 0, L_0x5568ca48d3d0;  1 drivers
v0x5568ca42e770_0 .net *"_ivl_32", 23 0, L_0x5568ca48d470;  1 drivers
v0x5568ca42e850_0 .net *"_ivl_34", 23 0, L_0x5568ca48d630;  1 drivers
v0x5568ca42e930_0 .net *"_ivl_36", 23 0, L_0x5568ca48d7c0;  1 drivers
v0x5568ca42ea10_0 .net *"_ivl_42", 23 0, L_0x5568ca48db20;  1 drivers
L_0x7f200fb967b8 .functor BUFT 1, C4<000000000000000000000000>, C4<0>, C4<0>, C4<0>;
v0x5568ca42eaf0_0 .net/2u *"_ivl_43", 23 0, L_0x7f200fb967b8;  1 drivers
v0x5568ca42ece0_0 .net *"_ivl_45", 0 0, L_0x5568ca48dc60;  1 drivers
L_0x7f200fb96800 .functor BUFT 1, C4<0>, C4<0>, C4<0>, C4<0>;
v0x5568ca42eda0_0 .net/2u *"_ivl_47", 0 0, L_0x7f200fb96800;  1 drivers
v0x5568ca42ee80_0 .net *"_ivl_5", 0 0, L_0x5568ca48c930;  1 drivers
v0x5568ca42ef60_0 .net *"_ivl_50", 23 0, L_0x5568ca48dda0;  1 drivers
v0x5568ca42f040_0 .net *"_ivl_52", 23 0, L_0x5568ca48dbc0;  1 drivers
v0x5568ca42f120_0 .net *"_ivl_53", 0 0, L_0x5568ca48def0;  1 drivers
v0x5568ca42f1e0_0 .net *"_ivl_56", 0 0, L_0x5568ca48e0f0;  1 drivers
v0x5568ca42f2c0_0 .net *"_ivl_58", 0 0, L_0x5568ca48e2a0;  1 drivers
v0x5568ca42f3a0_0 .net *"_ivl_59", 0 0, L_0x5568ca48e520;  1 drivers
v0x5568ca42f480_0 .net *"_ivl_6", 0 0, L_0x5568ca48b230;  1 drivers
v0x5568ca42f560_0 .net *"_ivl_61", 0 0, L_0x5568ca48e6b0;  1 drivers
v0x5568ca42f640_0 .net *"_ivl_8", 0 0, L_0x5568ca48ab80;  1 drivers
v0x5568ca462730_5 .array/port v0x5568ca462730, 5;
v0x5568ca42f720_0 .net "a", 24 0, v0x5568ca462730_5;  1 drivers
v0x5568ca462ba0_5 .array/port v0x5568ca462ba0, 5;
v0x5568ca42f800_0 .net "b", 24 0, v0x5568ca462ba0_5;  1 drivers
v0x5568ca42f8e0_0 .net "res", 24 0, L_0x5568ca48d9e0;  alias, 1 drivers
L_0x5568ca48c840 .part v0x5568ca462730_5, 24, 1;
L_0x5568ca48c930 .part v0x5568ca462ba0_5, 24, 1;
L_0x5568ca48cb10 .part v0x5568ca462730_5, 0, 24;
L_0x5568ca48cbb0 .part v0x5568ca462ba0_5, 0, 24;
L_0x5568ca48cc50 .arith/sum 24, L_0x5568ca48cb10, L_0x5568ca48cbb0;
L_0x5568ca48ce00 .part v0x5568ca462730_5, 0, 24;
L_0x5568ca48cea0 .part v0x5568ca462ba0_5, 0, 24;
L_0x5568ca48cf40 .cmp/gt 24, L_0x5568ca48ce00, L_0x5568ca48cea0;
L_0x5568ca48d030 .part v0x5568ca462730_5, 0, 24;
L_0x5568ca48d0d0 .part v0x5568ca462ba0_5, 0, 24;
L_0x5568ca48d1d0 .arith/sub 24, L_0x5568ca48d030, L_0x5568ca48d0d0;
L_0x5568ca48d2c0 .part v0x5568ca462ba0_5, 0, 24;
L_0x5568ca48d3d0 .part v0x5568ca462730_5, 0, 24;
L_0x5568ca48d470 .arith/sub 24, L_0x5568ca48d2c0, L_0x5568ca48d3d0;
L_0x5568ca48d630 .functor MUXZ 24, L_0x5568ca48d470, L_0x5568ca48d1d0, L_0x5568ca48cf40, C4<>;
L_0x5568ca48d7c0 .functor MUXZ 24, L_0x5568ca48d630, L_0x5568ca48cc50, L_0x5568ca48ab80, C4<>;
L_0x5568ca48d9e0 .concat8 [ 24 1 0 0], L_0x5568ca48d7c0, L_0x5568ca48e6b0;
L_0x5568ca48db20 .part L_0x5568ca48d9e0, 0, 24;
L_0x5568ca48dc60 .cmp/eq 24, L_0x5568ca48db20, L_0x7f200fb967b8;
L_0x5568ca48dda0 .part v0x5568ca462730_5, 0, 24;
L_0x5568ca48dbc0 .part v0x5568ca462ba0_5, 0, 24;
L_0x5568ca48def0 .cmp/gt 24, L_0x5568ca48dbc0, L_0x5568ca48dda0;
L_0x5568ca48e0f0 .part v0x5568ca462ba0_5, 24, 1;
L_0x5568ca48e2a0 .part v0x5568ca462730_5, 24, 1;
L_0x5568ca48e520 .functor MUXZ 1, L_0x5568ca48e2a0, L_0x5568ca48e0f0, L_0x5568ca48def0, C4<>;
L_0x5568ca48e6b0 .functor MUXZ 1, L_0x5568ca48e520, L_0x7f200fb96800, L_0x5568ca48dc60, C4<>;
S_0x5568ca42fa40 .scope module, "sum_r" "b25_add" 4 72, 5 1 0, S_0x5568ca42d100;
 .timescale 0 0;
    .port_info 0 /INPUT 25 "a";
    .port_info 1 /INPUT 25 "b";
    .port_info 2 /OUTPUT 25 "res";
L_0x5568ca488bc0 .functor XOR 1, L_0x5568ca48a6d0, L_0x5568ca48a7c0, C4<0>, C4<0>;
L_0x5568ca488550 .functor NOT 1, L_0x5568ca488bc0, C4<0>, C4<0>, C4<0>;
v0x5568ca42fc20_0 .net *"_ivl_11", 23 0, L_0x5568ca48a9a0;  1 drivers
v0x5568ca42fd00_0 .net *"_ivl_13", 23 0, L_0x5568ca48aa40;  1 drivers
v0x5568ca42fde0_0 .net *"_ivl_14", 23 0, L_0x5568ca48aae0;  1 drivers
v0x5568ca42fed0_0 .net *"_ivl_17", 23 0, L_0x5568ca48ac90;  1 drivers
v0x5568ca42ffb0_0 .net *"_ivl_19", 23 0, L_0x5568ca48ad70;  1 drivers
v0x5568ca4300e0_0 .net *"_ivl_20", 0 0, L_0x5568ca48ae10;  1 drivers
v0x5568ca4301a0_0 .net *"_ivl_23", 23 0, L_0x5568ca48af00;  1 drivers
v0x5568ca430280_0 .net *"_ivl_25", 23 0, L_0x5568ca48afa0;  1 drivers
v0x5568ca430360_0 .net *"_ivl_26", 23 0, L_0x5568ca48b0a0;  1 drivers
v0x5568ca430440_0 .net *"_ivl_29", 23 0, L_0x5568ca48b190;  1 drivers
v0x5568ca430520_0 .net *"_ivl_3", 0 0, L_0x5568ca48a6d0;  1 drivers
v0x5568ca430600_0 .net *"_ivl_31", 23 0, L_0x5568ca48b2a0;  1 drivers
v0x5568ca4306e0_0 .net *"_ivl_32", 23 0, L_0x5568ca48b340;  1 drivers
v0x5568ca4307c0_0 .net *"_ivl_34", 23 0, L_0x5568ca48b500;  1 drivers
v0x5568ca4308a0_0 .net *"_ivl_36", 23 0, L_0x5568ca48b690;  1 drivers
v0x5568ca430980_0 .net *"_ivl_42", 23 0, L_0x5568ca48b9f0;  1 drivers
L_0x7f200fb96728 .functor BUFT 1, C4<000000000000000000000000>, C4<0>, C4<0>, C4<0>;
v0x5568ca430a60_0 .net/2u *"_ivl_43", 23 0, L_0x7f200fb96728;  1 drivers
v0x5568ca430c50_0 .net *"_ivl_45", 0 0, L_0x5568ca48bb30;  1 drivers
L_0x7f200fb96770 .functor BUFT 1, C4<0>, C4<0>, C4<0>, C4<0>;
v0x5568ca430d10_0 .net/2u *"_ivl_47", 0 0, L_0x7f200fb96770;  1 drivers
v0x5568ca430df0_0 .net *"_ivl_5", 0 0, L_0x5568ca48a7c0;  1 drivers
v0x5568ca430ed0_0 .net *"_ivl_50", 23 0, L_0x5568ca48bc70;  1 drivers
v0x5568ca430fb0_0 .net *"_ivl_52", 23 0, L_0x5568ca48ba90;  1 drivers
v0x5568ca431090_0 .net *"_ivl_53", 0 0, L_0x5568ca48bdc0;  1 drivers
v0x5568ca431150_0 .net *"_ivl_56", 0 0, L_0x5568ca48bfc0;  1 drivers
v0x5568ca431230_0 .net *"_ivl_58", 0 0, L_0x5568ca48c170;  1 drivers
v0x5568ca431310_0 .net *"_ivl_59", 0 0, L_0x5568ca48c3f0;  1 drivers
v0x5568ca4313f0_0 .net *"_ivl_6", 0 0, L_0x5568ca488bc0;  1 drivers
v0x5568ca4314d0_0 .net *"_ivl_61", 0 0, L_0x5568ca48c580;  1 drivers
v0x5568ca4315b0_0 .net *"_ivl_8", 0 0, L_0x5568ca488550;  1 drivers
v0x5568ca462730_4 .array/port v0x5568ca462730, 4;
v0x5568ca431690_0 .net "a", 24 0, v0x5568ca462730_4;  1 drivers
v0x5568ca462ba0_4 .array/port v0x5568ca462ba0, 4;
v0x5568ca431770_0 .net "b", 24 0, v0x5568ca462ba0_4;  1 drivers
v0x5568ca431850_0 .net "res", 24 0, L_0x5568ca48b8b0;  alias, 1 drivers
L_0x5568ca48a6d0 .part v0x5568ca462730_4, 24, 1;
L_0x5568ca48a7c0 .part v0x5568ca462ba0_4, 24, 1;
L_0x5568ca48a9a0 .part v0x5568ca462730_4, 0, 24;
L_0x5568ca48aa40 .part v0x5568ca462ba0_4, 0, 24;
L_0x5568ca48aae0 .arith/sum 24, L_0x5568ca48a9a0, L_0x5568ca48aa40;
L_0x5568ca48ac90 .part v0x5568ca462730_4, 0, 24;
L_0x5568ca48ad70 .part v0x5568ca462ba0_4, 0, 24;
L_0x5568ca48ae10 .cmp/gt 24, L_0x5568ca48ac90, L_0x5568ca48ad70;
L_0x5568ca48af00 .part v0x5568ca462730_4, 0, 24;
L_0x5568ca48afa0 .part v0x5568ca462ba0_4, 0, 24;
L_0x5568ca48b0a0 .arith/sub 24, L_0x5568ca48af00, L_0x5568ca48afa0;
L_0x5568ca48b190 .part v0x5568ca462ba0_4, 0, 24;
L_0x5568ca48b2a0 .part v0x5568ca462730_4, 0, 24;
L_0x5568ca48b340 .arith/sub 24, L_0x5568ca48b190, L_0x5568ca48b2a0;
L_0x5568ca48b500 .functor MUXZ 24, L_0x5568ca48b340, L_0x5568ca48b0a0, L_0x5568ca48ae10, C4<>;
L_0x5568ca48b690 .functor MUXZ 24, L_0x5568ca48b500, L_0x5568ca48aae0, L_0x5568ca488550, C4<>;
L_0x5568ca48b8b0 .concat8 [ 24 1 0 0], L_0x5568ca48b690, L_0x5568ca48c580;
L_0x5568ca48b9f0 .part L_0x5568ca48b8b0, 0, 24;
L_0x5568ca48bb30 .cmp/eq 24, L_0x5568ca48b9f0, L_0x7f200fb96728;
L_0x5568ca48bc70 .part v0x5568ca462730_4, 0, 24;
L_0x5568ca48ba90 .part v0x5568ca462ba0_4, 0, 24;
L_0x5568ca48bdc0 .cmp/gt 24, L_0x5568ca48ba90, L_0x5568ca48bc70;
L_0x5568ca48bfc0 .part v0x5568ca462ba0_4, 24, 1;
L_0x5568ca48c170 .part v0x5568ca462730_4, 24, 1;
L_0x5568ca48c3f0 .functor MUXZ 1, L_0x5568ca48c170, L_0x5568ca48bfc0, L_0x5568ca48bdc0, C4<>;
L_0x5568ca48c580 .functor MUXZ 1, L_0x5568ca48c3f0, L_0x7f200fb96770, L_0x5568ca48bb30, C4<>;
S_0x5568ca431ed0 .scope generate, "gen_loop[3]" "gen_loop[3]" 4 69, 4 69 0, S_0x5568ca2faf60;
 .timescale 0 0;
P_0x5568ca432120 .param/l "o_id" 0 4 69, +C4<011>;
L_0x7f200fb969f8 .functor BUFT 1, C4<00>, C4<0>, C4<0>, C4<0>;
v0x5568ca4367a0_0 .net/2u *"_ivl_10", 1 0, L_0x7f200fb969f8;  1 drivers
v0x5568ca436880_0 .net *"_ivl_14", 21 0, L_0x5568ca492e10;  1 drivers
v0x5568ca436960_0 .net *"_ivl_20", 0 0, L_0x5568ca492ff0;  1 drivers
L_0x7f200fb96a40 .functor BUFT 1, C4<00>, C4<0>, C4<0>, C4<0>;
v0x5568ca436a20_0 .net/2u *"_ivl_21", 1 0, L_0x7f200fb96a40;  1 drivers
v0x5568ca436b00_0 .net *"_ivl_25", 21 0, L_0x5568ca493090;  1 drivers
v0x5568ca436be0_0 .net *"_ivl_9", 0 0, L_0x5568ca492d70;  1 drivers
L_0x5568ca492d70 .part L_0x5568ca490050, 24, 1;
L_0x5568ca492e10 .part L_0x5568ca490050, 2, 22;
L_0x5568ca492eb0 .concat [ 22 2 1 0], L_0x5568ca492e10, L_0x7f200fb969f8, L_0x5568ca492d70;
L_0x5568ca492ff0 .part L_0x5568ca491fc0, 24, 1;
L_0x5568ca493090 .part L_0x5568ca491fc0, 2, 22;
L_0x5568ca493130 .concat [ 22 2 1 0], L_0x5568ca493090, L_0x7f200fb96a40, L_0x5568ca492ff0;
S_0x5568ca432200 .scope begin, "clk_process" "clk_process" 4 85, 4 85 0, S_0x5568ca431ed0;
 .timescale 0 0;
v0x5568ca4323e0_0 .var "c", 24 0;
v0x5568ca4324e0_0 .var "ci", 24 0;
v0x5568ca4325c0_0 .var/2u "i_id", 31 0;
v0x5568ca432680_0 .var/2u "w", 31 0;
v0x5568ca432760_0 .var/2u "wi", 31 0;
S_0x5568ca432890 .scope module, "sum_i" "b25_add" 4 78, 5 1 0, S_0x5568ca431ed0;
 .timescale 0 0;
    .port_info 0 /INPUT 25 "a";
    .port_info 1 /INPUT 25 "b";
    .port_info 2 /OUTPUT 25 "res";
L_0x5568ca48f9d0 .functor XOR 1, L_0x5568ca490ea0, L_0x5568ca490f90, C4<0>, C4<0>;
L_0x5568ca48f320 .functor NOT 1, L_0x5568ca48f9d0, C4<0>, C4<0>, C4<0>;
v0x5568ca432ae0_0 .net *"_ivl_11", 23 0, L_0x5568ca491170;  1 drivers
v0x5568ca432be0_0 .net *"_ivl_13", 23 0, L_0x5568ca491210;  1 drivers
v0x5568ca432cc0_0 .net *"_ivl_14", 23 0, L_0x5568ca4912b0;  1 drivers
v0x5568ca432d80_0 .net *"_ivl_17", 23 0, L_0x5568ca491460;  1 drivers
v0x5568ca432e60_0 .net *"_ivl_19", 23 0, L_0x5568ca491500;  1 drivers
v0x5568ca432f90_0 .net *"_ivl_20", 0 0, L_0x5568ca4915a0;  1 drivers
v0x5568ca433050_0 .net *"_ivl_23", 23 0, L_0x5568ca491690;  1 drivers
v0x5568ca433130_0 .net *"_ivl_25", 23 0, L_0x5568ca491730;  1 drivers
v0x5568ca433210_0 .net *"_ivl_26", 23 0, L_0x5568ca491830;  1 drivers
v0x5568ca4332f0_0 .net *"_ivl_29", 23 0, L_0x5568ca491920;  1 drivers
v0x5568ca4333d0_0 .net *"_ivl_3", 0 0, L_0x5568ca490ea0;  1 drivers
v0x5568ca4334b0_0 .net *"_ivl_31", 23 0, L_0x5568ca491a30;  1 drivers
v0x5568ca433590_0 .net *"_ivl_32", 23 0, L_0x5568ca491ad0;  1 drivers
v0x5568ca433670_0 .net *"_ivl_34", 23 0, L_0x5568ca491c10;  1 drivers
v0x5568ca433750_0 .net *"_ivl_36", 23 0, L_0x5568ca491da0;  1 drivers
v0x5568ca433830_0 .net *"_ivl_42", 23 0, L_0x5568ca492100;  1 drivers
L_0x7f200fb96968 .functor BUFT 1, C4<000000000000000000000000>, C4<0>, C4<0>, C4<0>;
v0x5568ca433910_0 .net/2u *"_ivl_43", 23 0, L_0x7f200fb96968;  1 drivers
v0x5568ca433b00_0 .net *"_ivl_45", 0 0, L_0x5568ca492240;  1 drivers
L_0x7f200fb969b0 .functor BUFT 1, C4<0>, C4<0>, C4<0>, C4<0>;
v0x5568ca433bc0_0 .net/2u *"_ivl_47", 0 0, L_0x7f200fb969b0;  1 drivers
v0x5568ca433ca0_0 .net *"_ivl_5", 0 0, L_0x5568ca490f90;  1 drivers
v0x5568ca433d80_0 .net *"_ivl_50", 23 0, L_0x5568ca492380;  1 drivers
v0x5568ca433e60_0 .net *"_ivl_52", 23 0, L_0x5568ca4921a0;  1 drivers
v0x5568ca433f40_0 .net *"_ivl_53", 0 0, L_0x5568ca4924d0;  1 drivers
v0x5568ca434000_0 .net *"_ivl_56", 0 0, L_0x5568ca492420;  1 drivers
v0x5568ca4340e0_0 .net *"_ivl_58", 0 0, L_0x5568ca4927e0;  1 drivers
v0x5568ca4341c0_0 .net *"_ivl_59", 0 0, L_0x5568ca492610;  1 drivers
v0x5568ca4342a0_0 .net *"_ivl_6", 0 0, L_0x5568ca48f9d0;  1 drivers
v0x5568ca434380_0 .net *"_ivl_61", 0 0, L_0x5568ca492b50;  1 drivers
v0x5568ca434460_0 .net *"_ivl_8", 0 0, L_0x5568ca48f320;  1 drivers
v0x5568ca462730_7 .array/port v0x5568ca462730, 7;
v0x5568ca434540_0 .net "a", 24 0, v0x5568ca462730_7;  1 drivers
v0x5568ca462ba0_7 .array/port v0x5568ca462ba0, 7;
v0x5568ca434620_0 .net "b", 24 0, v0x5568ca462ba0_7;  1 drivers
v0x5568ca434700_0 .net "res", 24 0, L_0x5568ca491fc0;  alias, 1 drivers
L_0x5568ca490ea0 .part v0x5568ca462730_7, 24, 1;
L_0x5568ca490f90 .part v0x5568ca462ba0_7, 24, 1;
L_0x5568ca491170 .part v0x5568ca462730_7, 0, 24;
L_0x5568ca491210 .part v0x5568ca462ba0_7, 0, 24;
L_0x5568ca4912b0 .arith/sum 24, L_0x5568ca491170, L_0x5568ca491210;
L_0x5568ca491460 .part v0x5568ca462730_7, 0, 24;
L_0x5568ca491500 .part v0x5568ca462ba0_7, 0, 24;
L_0x5568ca4915a0 .cmp/gt 24, L_0x5568ca491460, L_0x5568ca491500;
L_0x5568ca491690 .part v0x5568ca462730_7, 0, 24;
L_0x5568ca491730 .part v0x5568ca462ba0_7, 0, 24;
L_0x5568ca491830 .arith/sub 24, L_0x5568ca491690, L_0x5568ca491730;
L_0x5568ca491920 .part v0x5568ca462ba0_7, 0, 24;
L_0x5568ca491a30 .part v0x5568ca462730_7, 0, 24;
L_0x5568ca491ad0 .arith/sub 24, L_0x5568ca491920, L_0x5568ca491a30;
L_0x5568ca491c10 .functor MUXZ 24, L_0x5568ca491ad0, L_0x5568ca491830, L_0x5568ca4915a0, C4<>;
L_0x5568ca491da0 .functor MUXZ 24, L_0x5568ca491c10, L_0x5568ca4912b0, L_0x5568ca48f320, C4<>;
L_0x5568ca491fc0 .concat8 [ 24 1 0 0], L_0x5568ca491da0, L_0x5568ca492b50;
L_0x5568ca492100 .part L_0x5568ca491fc0, 0, 24;
L_0x5568ca492240 .cmp/eq 24, L_0x5568ca492100, L_0x7f200fb96968;
L_0x5568ca492380 .part v0x5568ca462730_7, 0, 24;
L_0x5568ca4921a0 .part v0x5568ca462ba0_7, 0, 24;
L_0x5568ca4924d0 .cmp/gt 24, L_0x5568ca4921a0, L_0x5568ca492380;
L_0x5568ca492420 .part v0x5568ca462ba0_7, 24, 1;
L_0x5568ca4927e0 .part v0x5568ca462730_7, 24, 1;
L_0x5568ca492610 .functor MUXZ 1, L_0x5568ca4927e0, L_0x5568ca492420, L_0x5568ca4924d0, C4<>;
L_0x5568ca492b50 .functor MUXZ 1, L_0x5568ca492610, L_0x7f200fb969b0, L_0x5568ca492240, C4<>;
S_0x5568ca434860 .scope module, "sum_r" "b25_add" 4 72, 5 1 0, S_0x5568ca431ed0;
 .timescale 0 0;
    .port_info 0 /INPUT 25 "a";
    .port_info 1 /INPUT 25 "b";
    .port_info 2 /OUTPUT 25 "res";
L_0x5568ca48d360 .functor XOR 1, L_0x5568ca48ee70, L_0x5568ca48ef60, C4<0>, C4<0>;
L_0x5568ca48ccf0 .functor NOT 1, L_0x5568ca48d360, C4<0>, C4<0>, C4<0>;
v0x5568ca434a40_0 .net *"_ivl_11", 23 0, L_0x5568ca48f140;  1 drivers
v0x5568ca434b20_0 .net *"_ivl_13", 23 0, L_0x5568ca48f1e0;  1 drivers
v0x5568ca434c00_0 .net *"_ivl_14", 23 0, L_0x5568ca48f280;  1 drivers
v0x5568ca434cc0_0 .net *"_ivl_17", 23 0, L_0x5568ca48f430;  1 drivers
v0x5568ca434da0_0 .net *"_ivl_19", 23 0, L_0x5568ca48f510;  1 drivers
v0x5568ca434ed0_0 .net *"_ivl_20", 0 0, L_0x5568ca48f5b0;  1 drivers
v0x5568ca434f90_0 .net *"_ivl_23", 23 0, L_0x5568ca48f6a0;  1 drivers
v0x5568ca435070_0 .net *"_ivl_25", 23 0, L_0x5568ca48f740;  1 drivers
v0x5568ca435150_0 .net *"_ivl_26", 23 0, L_0x5568ca48f840;  1 drivers
v0x5568ca435230_0 .net *"_ivl_29", 23 0, L_0x5568ca48f930;  1 drivers
v0x5568ca435310_0 .net *"_ivl_3", 0 0, L_0x5568ca48ee70;  1 drivers
v0x5568ca4353f0_0 .net *"_ivl_31", 23 0, L_0x5568ca48fa40;  1 drivers
v0x5568ca4354d0_0 .net *"_ivl_32", 23 0, L_0x5568ca48fae0;  1 drivers
v0x5568ca4355b0_0 .net *"_ivl_34", 23 0, L_0x5568ca48fca0;  1 drivers
v0x5568ca435690_0 .net *"_ivl_36", 23 0, L_0x5568ca48fe30;  1 drivers
v0x5568ca435770_0 .net *"_ivl_42", 23 0, L_0x5568ca490190;  1 drivers
L_0x7f200fb968d8 .functor BUFT 1, C4<000000000000000000000000>, C4<0>, C4<0>, C4<0>;
v0x5568ca435850_0 .net/2u *"_ivl_43", 23 0, L_0x7f200fb968d8;  1 drivers
v0x5568ca435a40_0 .net *"_ivl_45", 0 0, L_0x5568ca4902d0;  1 drivers
L_0x7f200fb96920 .functor BUFT 1, C4<0>, C4<0>, C4<0>, C4<0>;
v0x5568ca435b00_0 .net/2u *"_ivl_47", 0 0, L_0x7f200fb96920;  1 drivers
v0x5568ca435be0_0 .net *"_ivl_5", 0 0, L_0x5568ca48ef60;  1 drivers
v0x5568ca435cc0_0 .net *"_ivl_50", 23 0, L_0x5568ca490410;  1 drivers
v0x5568ca435da0_0 .net *"_ivl_52", 23 0, L_0x5568ca490230;  1 drivers
v0x5568ca435e80_0 .net *"_ivl_53", 0 0, L_0x5568ca490560;  1 drivers
v0x5568ca435f40_0 .net *"_ivl_56", 0 0, L_0x5568ca4904b0;  1 drivers
v0x5568ca436020_0 .net *"_ivl_58", 0 0, L_0x5568ca490870;  1 drivers
v0x5568ca436100_0 .net *"_ivl_59", 0 0, L_0x5568ca4906a0;  1 drivers
v0x5568ca4361e0_0 .net *"_ivl_6", 0 0, L_0x5568ca48d360;  1 drivers
v0x5568ca4362c0_0 .net *"_ivl_61", 0 0, L_0x5568ca490be0;  1 drivers
v0x5568ca4363a0_0 .net *"_ivl_8", 0 0, L_0x5568ca48ccf0;  1 drivers
v0x5568ca462730_6 .array/port v0x5568ca462730, 6;
v0x5568ca436480_0 .net "a", 24 0, v0x5568ca462730_6;  1 drivers
v0x5568ca462ba0_6 .array/port v0x5568ca462ba0, 6;
v0x5568ca436560_0 .net "b", 24 0, v0x5568ca462ba0_6;  1 drivers
v0x5568ca436640_0 .net "res", 24 0, L_0x5568ca490050;  alias, 1 drivers
L_0x5568ca48ee70 .part v0x5568ca462730_6, 24, 1;
L_0x5568ca48ef60 .part v0x5568ca462ba0_6, 24, 1;
L_0x5568ca48f140 .part v0x5568ca462730_6, 0, 24;
L_0x5568ca48f1e0 .part v0x5568ca462ba0_6, 0, 24;
L_0x5568ca48f280 .arith/sum 24, L_0x5568ca48f140, L_0x5568ca48f1e0;
L_0x5568ca48f430 .part v0x5568ca462730_6, 0, 24;
L_0x5568ca48f510 .part v0x5568ca462ba0_6, 0, 24;
L_0x5568ca48f5b0 .cmp/gt 24, L_0x5568ca48f430, L_0x5568ca48f510;
L_0x5568ca48f6a0 .part v0x5568ca462730_6, 0, 24;
L_0x5568ca48f740 .part v0x5568ca462ba0_6, 0, 24;
L_0x5568ca48f840 .arith/sub 24, L_0x5568ca48f6a0, L_0x5568ca48f740;
L_0x5568ca48f930 .part v0x5568ca462ba0_6, 0, 24;
L_0x5568ca48fa40 .part v0x5568ca462730_6, 0, 24;
L_0x5568ca48fae0 .arith/sub 24, L_0x5568ca48f930, L_0x5568ca48fa40;
L_0x5568ca48fca0 .functor MUXZ 24, L_0x5568ca48fae0, L_0x5568ca48f840, L_0x5568ca48f5b0, C4<>;
L_0x5568ca48fe30 .functor MUXZ 24, L_0x5568ca48fca0, L_0x5568ca48f280, L_0x5568ca48ccf0, C4<>;
L_0x5568ca490050 .concat8 [ 24 1 0 0], L_0x5568ca48fe30, L_0x5568ca490be0;
L_0x5568ca490190 .part L_0x5568ca490050, 0, 24;
L_0x5568ca4902d0 .cmp/eq 24, L_0x5568ca490190, L_0x7f200fb968d8;
L_0x5568ca490410 .part v0x5568ca462730_6, 0, 24;
L_0x5568ca490230 .part v0x5568ca462ba0_6, 0, 24;
L_0x5568ca490560 .cmp/gt 24, L_0x5568ca490230, L_0x5568ca490410;
L_0x5568ca4904b0 .part v0x5568ca462ba0_6, 24, 1;
L_0x5568ca490870 .part v0x5568ca462730_6, 24, 1;
L_0x5568ca4906a0 .functor MUXZ 1, L_0x5568ca490870, L_0x5568ca4904b0, L_0x5568ca490560, C4<>;
L_0x5568ca490be0 .functor MUXZ 1, L_0x5568ca4906a0, L_0x7f200fb96920, L_0x5568ca4902d0, C4<>;
S_0x5568ca436cc0 .scope generate, "gen_loop[4]" "gen_loop[4]" 4 69, 4 69 0, S_0x5568ca2faf60;
 .timescale 0 0;
P_0x5568ca436ec0 .param/l "o_id" 0 4 69, +C4<0100>;
L_0x7f200fb96ba8 .functor BUFT 1, C4<00>, C4<0>, C4<0>, C4<0>;
v0x5568ca43b570_0 .net/2u *"_ivl_10", 1 0, L_0x7f200fb96ba8;  1 drivers
v0x5568ca43b650_0 .net *"_ivl_14", 21 0, L_0x5568ca497030;  1 drivers
v0x5568ca43b730_0 .net *"_ivl_20", 0 0, L_0x5568ca497210;  1 drivers
L_0x7f200fb96bf0 .functor BUFT 1, C4<00>, C4<0>, C4<0>, C4<0>;
v0x5568ca43b7f0_0 .net/2u *"_ivl_21", 1 0, L_0x7f200fb96bf0;  1 drivers
v0x5568ca43b8d0_0 .net *"_ivl_25", 21 0, L_0x5568ca4972b0;  1 drivers
v0x5568ca43b9b0_0 .net *"_ivl_9", 0 0, L_0x5568ca496f90;  1 drivers
L_0x5568ca496f90 .part L_0x5568ca494370, 24, 1;
L_0x5568ca497030 .part L_0x5568ca494370, 2, 22;
L_0x5568ca4970d0 .concat [ 22 2 1 0], L_0x5568ca497030, L_0x7f200fb96ba8, L_0x5568ca496f90;
L_0x5568ca497210 .part L_0x5568ca4961e0, 24, 1;
L_0x5568ca4972b0 .part L_0x5568ca4961e0, 2, 22;
L_0x5568ca497350 .concat [ 22 2 1 0], L_0x5568ca4972b0, L_0x7f200fb96bf0, L_0x5568ca497210;
S_0x5568ca436fa0 .scope begin, "clk_process" "clk_process" 4 85, 4 85 0, S_0x5568ca436cc0;
 .timescale 0 0;
v0x5568ca437180_0 .var "c", 24 0;
v0x5568ca437280_0 .var "ci", 24 0;
v0x5568ca437360_0 .var/2u "i_id", 31 0;
v0x5568ca437420_0 .var/2u "w", 31 0;
v0x5568ca437500_0 .var/2u "wi", 31 0;
S_0x5568ca437630 .scope module, "sum_i" "b25_add" 4 78, 5 1 0, S_0x5568ca436cc0;
 .timescale 0 0;
    .port_info 0 /INPUT 25 "a";
    .port_info 1 /INPUT 25 "b";
    .port_info 2 /OUTPUT 25 "res";
L_0x5568ca493d70 .functor XOR 1, L_0x5568ca495120, L_0x5568ca495210, C4<0>, C4<0>;
L_0x5568ca493720 .functor NOT 1, L_0x5568ca493d70, C4<0>, C4<0>, C4<0>;
v0x5568ca437880_0 .net *"_ivl_11", 23 0, L_0x5568ca4953f0;  1 drivers
v0x5568ca437980_0 .net *"_ivl_13", 23 0, L_0x5568ca495490;  1 drivers
v0x5568ca437a60_0 .net *"_ivl_14", 23 0, L_0x5568ca495530;  1 drivers
v0x5568ca437b20_0 .net *"_ivl_17", 23 0, L_0x5568ca4956e0;  1 drivers
v0x5568ca437c00_0 .net *"_ivl_19", 23 0, L_0x5568ca495780;  1 drivers
v0x5568ca437d30_0 .net *"_ivl_20", 0 0, L_0x5568ca495820;  1 drivers
v0x5568ca437df0_0 .net *"_ivl_23", 23 0, L_0x5568ca495910;  1 drivers
v0x5568ca437ed0_0 .net *"_ivl_25", 23 0, L_0x5568ca4959b0;  1 drivers
v0x5568ca437fb0_0 .net *"_ivl_26", 23 0, L_0x5568ca495a50;  1 drivers
v0x5568ca438090_0 .net *"_ivl_29", 23 0, L_0x5568ca495b40;  1 drivers
v0x5568ca438170_0 .net *"_ivl_3", 0 0, L_0x5568ca495120;  1 drivers
v0x5568ca438250_0 .net *"_ivl_31", 23 0, L_0x5568ca495c50;  1 drivers
v0x5568ca438330_0 .net *"_ivl_32", 23 0, L_0x5568ca495cf0;  1 drivers
v0x5568ca438410_0 .net *"_ivl_34", 23 0, L_0x5568ca495e30;  1 drivers
v0x5568ca4384f0_0 .net *"_ivl_36", 23 0, L_0x5568ca495fc0;  1 drivers
v0x5568ca4385d0_0 .net *"_ivl_42", 23 0, L_0x5568ca496320;  1 drivers
L_0x7f200fb96b18 .functor BUFT 1, C4<000000000000000000000000>, C4<0>, C4<0>, C4<0>;
v0x5568ca4386b0_0 .net/2u *"_ivl_43", 23 0, L_0x7f200fb96b18;  1 drivers
v0x5568ca4388a0_0 .net *"_ivl_45", 0 0, L_0x5568ca496460;  1 drivers
L_0x7f200fb96b60 .functor BUFT 1, C4<0>, C4<0>, C4<0>, C4<0>;
v0x5568ca438960_0 .net/2u *"_ivl_47", 0 0, L_0x7f200fb96b60;  1 drivers
v0x5568ca438a40_0 .net *"_ivl_5", 0 0, L_0x5568ca495210;  1 drivers
v0x5568ca438b20_0 .net *"_ivl_50", 23 0, L_0x5568ca4965a0;  1 drivers
v0x5568ca438c00_0 .net *"_ivl_52", 23 0, L_0x5568ca4963c0;  1 drivers
v0x5568ca438ce0_0 .net *"_ivl_53", 0 0, L_0x5568ca4966f0;  1 drivers
v0x5568ca438da0_0 .net *"_ivl_56", 0 0, L_0x5568ca496640;  1 drivers
v0x5568ca438e80_0 .net *"_ivl_58", 0 0, L_0x5568ca496a00;  1 drivers
v0x5568ca438f60_0 .net *"_ivl_59", 0 0, L_0x5568ca496830;  1 drivers
v0x5568ca439040_0 .net *"_ivl_6", 0 0, L_0x5568ca493d70;  1 drivers
v0x5568ca439120_0 .net *"_ivl_61", 0 0, L_0x5568ca496d70;  1 drivers
v0x5568ca439200_0 .net *"_ivl_8", 0 0, L_0x5568ca493720;  1 drivers
v0x5568ca462730_9 .array/port v0x5568ca462730, 9;
v0x5568ca4392e0_0 .net "a", 24 0, v0x5568ca462730_9;  1 drivers
v0x5568ca462ba0_9 .array/port v0x5568ca462ba0, 9;
v0x5568ca4393c0_0 .net "b", 24 0, v0x5568ca462ba0_9;  1 drivers
v0x5568ca4394a0_0 .net "res", 24 0, L_0x5568ca4961e0;  alias, 1 drivers
L_0x5568ca495120 .part v0x5568ca462730_9, 24, 1;
L_0x5568ca495210 .part v0x5568ca462ba0_9, 24, 1;
L_0x5568ca4953f0 .part v0x5568ca462730_9, 0, 24;
L_0x5568ca495490 .part v0x5568ca462ba0_9, 0, 24;
L_0x5568ca495530 .arith/sum 24, L_0x5568ca4953f0, L_0x5568ca495490;
L_0x5568ca4956e0 .part v0x5568ca462730_9, 0, 24;
L_0x5568ca495780 .part v0x5568ca462ba0_9, 0, 24;
L_0x5568ca495820 .cmp/gt 24, L_0x5568ca4956e0, L_0x5568ca495780;
L_0x5568ca495910 .part v0x5568ca462730_9, 0, 24;
L_0x5568ca4959b0 .part v0x5568ca462ba0_9, 0, 24;
L_0x5568ca495a50 .arith/sub 24, L_0x5568ca495910, L_0x5568ca4959b0;
L_0x5568ca495b40 .part v0x5568ca462ba0_9, 0, 24;
L_0x5568ca495c50 .part v0x5568ca462730_9, 0, 24;
L_0x5568ca495cf0 .arith/sub 24, L_0x5568ca495b40, L_0x5568ca495c50;
L_0x5568ca495e30 .functor MUXZ 24, L_0x5568ca495cf0, L_0x5568ca495a50, L_0x5568ca495820, C4<>;
L_0x5568ca495fc0 .functor MUXZ 24, L_0x5568ca495e30, L_0x5568ca495530, L_0x5568ca493720, C4<>;
L_0x5568ca4961e0 .concat8 [ 24 1 0 0], L_0x5568ca495fc0, L_0x5568ca496d70;
L_0x5568ca496320 .part L_0x5568ca4961e0, 0, 24;
L_0x5568ca496460 .cmp/eq 24, L_0x5568ca496320, L_0x7f200fb96b18;
L_0x5568ca4965a0 .part v0x5568ca462730_9, 0, 24;
L_0x5568ca4963c0 .part v0x5568ca462ba0_9, 0, 24;
L_0x5568ca4966f0 .cmp/gt 24, L_0x5568ca4963c0, L_0x5568ca4965a0;
L_0x5568ca496640 .part v0x5568ca462ba0_9, 24, 1;
L_0x5568ca496a00 .part v0x5568ca462730_9, 24, 1;
L_0x5568ca496830 .functor MUXZ 1, L_0x5568ca496a00, L_0x5568ca496640, L_0x5568ca4966f0, C4<>;
L_0x5568ca496d70 .functor MUXZ 1, L_0x5568ca496830, L_0x7f200fb96b60, L_0x5568ca496460, C4<>;
S_0x5568ca439600 .scope module, "sum_r" "b25_add" 4 72, 5 1 0, S_0x5568ca436cc0;
 .timescale 0 0;
    .port_info 0 /INPUT 25 "a";
    .port_info 1 /INPUT 25 "b";
    .port_info 2 /OUTPUT 25 "res";
L_0x5568ca4919c0 .functor XOR 1, L_0x5568ca493270, L_0x5568ca493360, C4<0>, C4<0>;
L_0x5568ca491350 .functor NOT 1, L_0x5568ca4919c0, C4<0>, C4<0>, C4<0>;
v0x5568ca4397e0_0 .net *"_ivl_11", 23 0, L_0x5568ca493540;  1 drivers
v0x5568ca4398c0_0 .net *"_ivl_13", 23 0, L_0x5568ca4935e0;  1 drivers
v0x5568ca4399a0_0 .net *"_ivl_14", 23 0, L_0x5568ca493680;  1 drivers
v0x5568ca439a90_0 .net *"_ivl_17", 23 0, L_0x5568ca493830;  1 drivers
v0x5568ca439b70_0 .net *"_ivl_19", 23 0, L_0x5568ca493910;  1 drivers
v0x5568ca439ca0_0 .net *"_ivl_20", 0 0, L_0x5568ca4939b0;  1 drivers
v0x5568ca439d60_0 .net *"_ivl_23", 23 0, L_0x5568ca493aa0;  1 drivers
v0x5568ca439e40_0 .net *"_ivl_25", 23 0, L_0x5568ca493b40;  1 drivers
v0x5568ca439f20_0 .net *"_ivl_26", 23 0, L_0x5568ca493be0;  1 drivers
v0x5568ca43a000_0 .net *"_ivl_29", 23 0, L_0x5568ca493cd0;  1 drivers
v0x5568ca43a0e0_0 .net *"_ivl_3", 0 0, L_0x5568ca493270;  1 drivers
v0x5568ca43a1c0_0 .net *"_ivl_31", 23 0, L_0x5568ca493de0;  1 drivers
v0x5568ca43a2a0_0 .net *"_ivl_32", 23 0, L_0x5568ca493e80;  1 drivers
v0x5568ca43a380_0 .net *"_ivl_34", 23 0, L_0x5568ca493fc0;  1 drivers
v0x5568ca43a460_0 .net *"_ivl_36", 23 0, L_0x5568ca494150;  1 drivers
v0x5568ca43a540_0 .net *"_ivl_42", 23 0, L_0x5568ca4944b0;  1 drivers
L_0x7f200fb96a88 .functor BUFT 1, C4<000000000000000000000000>, C4<0>, C4<0>, C4<0>;
v0x5568ca43a620_0 .net/2u *"_ivl_43", 23 0, L_0x7f200fb96a88;  1 drivers
v0x5568ca43a810_0 .net *"_ivl_45", 0 0, L_0x5568ca4945f0;  1 drivers
L_0x7f200fb96ad0 .functor BUFT 1, C4<0>, C4<0>, C4<0>, C4<0>;
v0x5568ca43a8d0_0 .net/2u *"_ivl_47", 0 0, L_0x7f200fb96ad0;  1 drivers
v0x5568ca43a9b0_0 .net *"_ivl_5", 0 0, L_0x5568ca493360;  1 drivers
v0x5568ca43aa90_0 .net *"_ivl_50", 23 0, L_0x5568ca494730;  1 drivers
v0x5568ca43ab70_0 .net *"_ivl_52", 23 0, L_0x5568ca494550;  1 drivers
v0x5568ca43ac50_0 .net *"_ivl_53", 0 0, L_0x5568ca494880;  1 drivers
v0x5568ca43ad10_0 .net *"_ivl_56", 0 0, L_0x5568ca4947d0;  1 drivers
v0x5568ca43adf0_0 .net *"_ivl_58", 0 0, L_0x5568ca494b90;  1 drivers
v0x5568ca43aed0_0 .net *"_ivl_59", 0 0, L_0x5568ca4949c0;  1 drivers
v0x5568ca43afb0_0 .net *"_ivl_6", 0 0, L_0x5568ca4919c0;  1 drivers
v0x5568ca43b090_0 .net *"_ivl_61", 0 0, L_0x5568ca494f00;  1 drivers
v0x5568ca43b170_0 .net *"_ivl_8", 0 0, L_0x5568ca491350;  1 drivers
v0x5568ca462730_8 .array/port v0x5568ca462730, 8;
v0x5568ca43b250_0 .net "a", 24 0, v0x5568ca462730_8;  1 drivers
v0x5568ca462ba0_8 .array/port v0x5568ca462ba0, 8;
v0x5568ca43b330_0 .net "b", 24 0, v0x5568ca462ba0_8;  1 drivers
v0x5568ca43b410_0 .net "res", 24 0, L_0x5568ca494370;  alias, 1 drivers
L_0x5568ca493270 .part v0x5568ca462730_8, 24, 1;
L_0x5568ca493360 .part v0x5568ca462ba0_8, 24, 1;
L_0x5568ca493540 .part v0x5568ca462730_8, 0, 24;
L_0x5568ca4935e0 .part v0x5568ca462ba0_8, 0, 24;
L_0x5568ca493680 .arith/sum 24, L_0x5568ca493540, L_0x5568ca4935e0;
L_0x5568ca493830 .part v0x5568ca462730_8, 0, 24;
L_0x5568ca493910 .part v0x5568ca462ba0_8, 0, 24;
L_0x5568ca4939b0 .cmp/gt 24, L_0x5568ca493830, L_0x5568ca493910;
L_0x5568ca493aa0 .part v0x5568ca462730_8, 0, 24;
L_0x5568ca493b40 .part v0x5568ca462ba0_8, 0, 24;
L_0x5568ca493be0 .arith/sub 24, L_0x5568ca493aa0, L_0x5568ca493b40;
L_0x5568ca493cd0 .part v0x5568ca462ba0_8, 0, 24;
L_0x5568ca493de0 .part v0x5568ca462730_8, 0, 24;
L_0x5568ca493e80 .arith/sub 24, L_0x5568ca493cd0, L_0x5568ca493de0;
L_0x5568ca493fc0 .functor MUXZ 24, L_0x5568ca493e80, L_0x5568ca493be0, L_0x5568ca4939b0, C4<>;
L_0x5568ca494150 .functor MUXZ 24, L_0x5568ca493fc0, L_0x5568ca493680, L_0x5568ca491350, C4<>;
L_0x5568ca494370 .concat8 [ 24 1 0 0], L_0x5568ca494150, L_0x5568ca494f00;
L_0x5568ca4944b0 .part L_0x5568ca494370, 0, 24;
L_0x5568ca4945f0 .cmp/eq 24, L_0x5568ca4944b0, L_0x7f200fb96a88;
L_0x5568ca494730 .part v0x5568ca462730_8, 0, 24;
L_0x5568ca494550 .part v0x5568ca462ba0_8, 0, 24;
L_0x5568ca494880 .cmp/gt 24, L_0x5568ca494550, L_0x5568ca494730;
L_0x5568ca4947d0 .part v0x5568ca462ba0_8, 24, 1;
L_0x5568ca494b90 .part v0x5568ca462730_8, 24, 1;
L_0x5568ca4949c0 .functor MUXZ 1, L_0x5568ca494b90, L_0x5568ca4947d0, L_0x5568ca494880, C4<>;
L_0x5568ca494f00 .functor MUXZ 1, L_0x5568ca4949c0, L_0x7f200fb96ad0, L_0x5568ca4945f0, C4<>;
S_0x5568ca43ba90 .scope generate, "gen_loop[5]" "gen_loop[5]" 4 69, 4 69 0, S_0x5568ca2faf60;
 .timescale 0 0;
P_0x5568ca43bc90 .param/l "o_id" 0 4 69, +C4<0101>;
L_0x7f200fb96d58 .functor BUFT 1, C4<00>, C4<0>, C4<0>, C4<0>;
v0x5568ca440340_0 .net/2u *"_ivl_10", 1 0, L_0x7f200fb96d58;  1 drivers
v0x5568ca440420_0 .net *"_ivl_14", 21 0, L_0x5568ca49b020;  1 drivers
v0x5568ca440500_0 .net *"_ivl_20", 0 0, L_0x5568ca49b200;  1 drivers
L_0x7f200fb96da0 .functor BUFT 1, C4<00>, C4<0>, C4<0>, C4<0>;
v0x5568ca4405c0_0 .net/2u *"_ivl_21", 1 0, L_0x7f200fb96da0;  1 drivers
v0x5568ca4406a0_0 .net *"_ivl_25", 21 0, L_0x5568ca49b2a0;  1 drivers
v0x5568ca440780_0 .net *"_ivl_9", 0 0, L_0x5568ca49af80;  1 drivers
L_0x5568ca49af80 .part L_0x5568ca498590, 24, 1;
L_0x5568ca49b020 .part L_0x5568ca498590, 2, 22;
L_0x5568ca49b0c0 .concat [ 22 2 1 0], L_0x5568ca49b020, L_0x7f200fb96d58, L_0x5568ca49af80;
L_0x5568ca49b200 .part L_0x5568ca49a1d0, 24, 1;
L_0x5568ca49b2a0 .part L_0x5568ca49a1d0, 2, 22;
L_0x5568ca49b340 .concat [ 22 2 1 0], L_0x5568ca49b2a0, L_0x7f200fb96da0, L_0x5568ca49b200;
S_0x5568ca43bd70 .scope begin, "clk_process" "clk_process" 4 85, 4 85 0, S_0x5568ca43ba90;
 .timescale 0 0;
v0x5568ca43bf50_0 .var "c", 24 0;
v0x5568ca43c050_0 .var "ci", 24 0;
v0x5568ca43c130_0 .var/2u "i_id", 31 0;
v0x5568ca43c1f0_0 .var/2u "w", 31 0;
v0x5568ca43c2d0_0 .var/2u "wi", 31 0;
S_0x5568ca43c400 .scope module, "sum_i" "b25_add" 4 78, 5 1 0, S_0x5568ca43ba90;
 .timescale 0 0;
    .port_info 0 /INPUT 25 "a";
    .port_info 1 /INPUT 25 "b";
    .port_info 2 /OUTPUT 25 "res";
L_0x5568ca497f90 .functor XOR 1, L_0x5568ca499340, L_0x5568ca499430, C4<0>, C4<0>;
L_0x5568ca497940 .functor NOT 1, L_0x5568ca497f90, C4<0>, C4<0>, C4<0>;
v0x5568ca43c650_0 .net *"_ivl_11", 23 0, L_0x5568ca499610;  1 drivers
v0x5568ca43c750_0 .net *"_ivl_13", 23 0, L_0x5568ca4996b0;  1 drivers
v0x5568ca43c830_0 .net *"_ivl_14", 23 0, L_0x5568ca499750;  1 drivers
v0x5568ca43c8f0_0 .net *"_ivl_17", 23 0, L_0x5568ca499900;  1 drivers
v0x5568ca43c9d0_0 .net *"_ivl_19", 23 0, L_0x5568ca4999a0;  1 drivers
v0x5568ca43cb00_0 .net *"_ivl_20", 0 0, L_0x5568ca499a40;  1 drivers
v0x5568ca43cbc0_0 .net *"_ivl_23", 23 0, L_0x5568ca499b30;  1 drivers
v0x5568ca43cca0_0 .net *"_ivl_25", 23 0, L_0x5568ca499bd0;  1 drivers
v0x5568ca43cd80_0 .net *"_ivl_26", 23 0, L_0x5568ca499c70;  1 drivers
v0x5568ca43ce60_0 .net *"_ivl_29", 23 0, L_0x5568ca499d60;  1 drivers
v0x5568ca43cf40_0 .net *"_ivl_3", 0 0, L_0x5568ca499340;  1 drivers
v0x5568ca43d020_0 .net *"_ivl_31", 23 0, L_0x5568ca499e70;  1 drivers
v0x5568ca43d100_0 .net *"_ivl_32", 23 0, L_0x5568ca499f10;  1 drivers
v0x5568ca43d1e0_0 .net *"_ivl_34", 23 0, L_0x5568ca462870;  1 drivers
v0x5568ca43d2c0_0 .net *"_ivl_36", 23 0, L_0x5568ca499fb0;  1 drivers
v0x5568ca43d3a0_0 .net *"_ivl_42", 23 0, L_0x5568ca49a310;  1 drivers
L_0x7f200fb96cc8 .functor BUFT 1, C4<000000000000000000000000>, C4<0>, C4<0>, C4<0>;
v0x5568ca43d480_0 .net/2u *"_ivl_43", 23 0, L_0x7f200fb96cc8;  1 drivers
v0x5568ca43d670_0 .net *"_ivl_45", 0 0, L_0x5568ca49a450;  1 drivers
L_0x7f200fb96d10 .functor BUFT 1, C4<0>, C4<0>, C4<0>, C4<0>;
v0x5568ca43d730_0 .net/2u *"_ivl_47", 0 0, L_0x7f200fb96d10;  1 drivers
v0x5568ca43d810_0 .net *"_ivl_5", 0 0, L_0x5568ca499430;  1 drivers
v0x5568ca43d8f0_0 .net *"_ivl_50", 23 0, L_0x5568ca49a590;  1 drivers
v0x5568ca43d9d0_0 .net *"_ivl_52", 23 0, L_0x5568ca49a3b0;  1 drivers
v0x5568ca43dab0_0 .net *"_ivl_53", 0 0, L_0x5568ca49a6e0;  1 drivers
v0x5568ca43db70_0 .net *"_ivl_56", 0 0, L_0x5568ca49a630;  1 drivers
v0x5568ca43dc50_0 .net *"_ivl_58", 0 0, L_0x5568ca49a9f0;  1 drivers
v0x5568ca43dd30_0 .net *"_ivl_59", 0 0, L_0x5568ca49a820;  1 drivers
v0x5568ca43de10_0 .net *"_ivl_6", 0 0, L_0x5568ca497f90;  1 drivers
v0x5568ca43def0_0 .net *"_ivl_61", 0 0, L_0x5568ca49ad60;  1 drivers
v0x5568ca43dfd0_0 .net *"_ivl_8", 0 0, L_0x5568ca497940;  1 drivers
v0x5568ca462730_11 .array/port v0x5568ca462730, 11;
v0x5568ca43e0b0_0 .net "a", 24 0, v0x5568ca462730_11;  1 drivers
v0x5568ca462ba0_11 .array/port v0x5568ca462ba0, 11;
v0x5568ca43e190_0 .net "b", 24 0, v0x5568ca462ba0_11;  1 drivers
v0x5568ca43e270_0 .net "res", 24 0, L_0x5568ca49a1d0;  alias, 1 drivers
L_0x5568ca499340 .part v0x5568ca462730_11, 24, 1;
L_0x5568ca499430 .part v0x5568ca462ba0_11, 24, 1;
L_0x5568ca499610 .part v0x5568ca462730_11, 0, 24;
L_0x5568ca4996b0 .part v0x5568ca462ba0_11, 0, 24;
L_0x5568ca499750 .arith/sum 24, L_0x5568ca499610, L_0x5568ca4996b0;
L_0x5568ca499900 .part v0x5568ca462730_11, 0, 24;
L_0x5568ca4999a0 .part v0x5568ca462ba0_11, 0, 24;
L_0x5568ca499a40 .cmp/gt 24, L_0x5568ca499900, L_0x5568ca4999a0;
L_0x5568ca499b30 .part v0x5568ca462730_11, 0, 24;
L_0x5568ca499bd0 .part v0x5568ca462ba0_11, 0, 24;
L_0x5568ca499c70 .arith/sub 24, L_0x5568ca499b30, L_0x5568ca499bd0;
L_0x5568ca499d60 .part v0x5568ca462ba0_11, 0, 24;
L_0x5568ca499e70 .part v0x5568ca462730_11, 0, 24;
L_0x5568ca499f10 .arith/sub 24, L_0x5568ca499d60, L_0x5568ca499e70;
L_0x5568ca462870 .functor MUXZ 24, L_0x5568ca499f10, L_0x5568ca499c70, L_0x5568ca499a40, C4<>;
L_0x5568ca499fb0 .functor MUXZ 24, L_0x5568ca462870, L_0x5568ca499750, L_0x5568ca497940, C4<>;
L_0x5568ca49a1d0 .concat8 [ 24 1 0 0], L_0x5568ca499fb0, L_0x5568ca49ad60;
L_0x5568ca49a310 .part L_0x5568ca49a1d0, 0, 24;
L_0x5568ca49a450 .cmp/eq 24, L_0x5568ca49a310, L_0x7f200fb96cc8;
L_0x5568ca49a590 .part v0x5568ca462730_11, 0, 24;
L_0x5568ca49a3b0 .part v0x5568ca462ba0_11, 0, 24;
L_0x5568ca49a6e0 .cmp/gt 24, L_0x5568ca49a3b0, L_0x5568ca49a590;
L_0x5568ca49a630 .part v0x5568ca462ba0_11, 24, 1;
L_0x5568ca49a9f0 .part v0x5568ca462730_11, 24, 1;
L_0x5568ca49a820 .functor MUXZ 1, L_0x5568ca49a9f0, L_0x5568ca49a630, L_0x5568ca49a6e0, C4<>;
L_0x5568ca49ad60 .functor MUXZ 1, L_0x5568ca49a820, L_0x7f200fb96d10, L_0x5568ca49a450, C4<>;
S_0x5568ca43e3d0 .scope module, "sum_r" "b25_add" 4 72, 5 1 0, S_0x5568ca43ba90;
 .timescale 0 0;
    .port_info 0 /INPUT 25 "a";
    .port_info 1 /INPUT 25 "b";
    .port_info 2 /OUTPUT 25 "res";
L_0x5568ca495be0 .functor XOR 1, L_0x5568ca497490, L_0x5568ca497580, C4<0>, C4<0>;
L_0x5568ca4955d0 .functor NOT 1, L_0x5568ca495be0, C4<0>, C4<0>, C4<0>;
v0x5568ca43e5b0_0 .net *"_ivl_11", 23 0, L_0x5568ca497760;  1 drivers
v0x5568ca43e690_0 .net *"_ivl_13", 23 0, L_0x5568ca497800;  1 drivers
v0x5568ca43e770_0 .net *"_ivl_14", 23 0, L_0x5568ca4978a0;  1 drivers
v0x5568ca43e860_0 .net *"_ivl_17", 23 0, L_0x5568ca497a50;  1 drivers
v0x5568ca43e940_0 .net *"_ivl_19", 23 0, L_0x5568ca497b30;  1 drivers
v0x5568ca43ea70_0 .net *"_ivl_20", 0 0, L_0x5568ca497bd0;  1 drivers
v0x5568ca43eb30_0 .net *"_ivl_23", 23 0, L_0x5568ca497cc0;  1 drivers
v0x5568ca43ec10_0 .net *"_ivl_25", 23 0, L_0x5568ca497d60;  1 drivers
v0x5568ca43ecf0_0 .net *"_ivl_26", 23 0, L_0x5568ca497e00;  1 drivers
v0x5568ca43edd0_0 .net *"_ivl_29", 23 0, L_0x5568ca497ef0;  1 drivers
v0x5568ca43eeb0_0 .net *"_ivl_3", 0 0, L_0x5568ca497490;  1 drivers
v0x5568ca43ef90_0 .net *"_ivl_31", 23 0, L_0x5568ca498000;  1 drivers
v0x5568ca43f070_0 .net *"_ivl_32", 23 0, L_0x5568ca4980a0;  1 drivers
v0x5568ca43f150_0 .net *"_ivl_34", 23 0, L_0x5568ca4981e0;  1 drivers
v0x5568ca43f230_0 .net *"_ivl_36", 23 0, L_0x5568ca498370;  1 drivers
v0x5568ca43f310_0 .net *"_ivl_42", 23 0, L_0x5568ca4986d0;  1 drivers
L_0x7f200fb96c38 .functor BUFT 1, C4<000000000000000000000000>, C4<0>, C4<0>, C4<0>;
v0x5568ca43f3f0_0 .net/2u *"_ivl_43", 23 0, L_0x7f200fb96c38;  1 drivers
v0x5568ca43f5e0_0 .net *"_ivl_45", 0 0, L_0x5568ca498810;  1 drivers
L_0x7f200fb96c80 .functor BUFT 1, C4<0>, C4<0>, C4<0>, C4<0>;
v0x5568ca43f6a0_0 .net/2u *"_ivl_47", 0 0, L_0x7f200fb96c80;  1 drivers
v0x5568ca43f780_0 .net *"_ivl_5", 0 0, L_0x5568ca497580;  1 drivers
v0x5568ca43f860_0 .net *"_ivl_50", 23 0, L_0x5568ca498950;  1 drivers
v0x5568ca43f940_0 .net *"_ivl_52", 23 0, L_0x5568ca498770;  1 drivers
v0x5568ca43fa20_0 .net *"_ivl_53", 0 0, L_0x5568ca498aa0;  1 drivers
v0x5568ca43fae0_0 .net *"_ivl_56", 0 0, L_0x5568ca4989f0;  1 drivers
v0x5568ca43fbc0_0 .net *"_ivl_58", 0 0, L_0x5568ca498db0;  1 drivers
v0x5568ca43fca0_0 .net *"_ivl_59", 0 0, L_0x5568ca498be0;  1 drivers
v0x5568ca43fd80_0 .net *"_ivl_6", 0 0, L_0x5568ca495be0;  1 drivers
v0x5568ca43fe60_0 .net *"_ivl_61", 0 0, L_0x5568ca499120;  1 drivers
v0x5568ca43ff40_0 .net *"_ivl_8", 0 0, L_0x5568ca4955d0;  1 drivers
v0x5568ca462730_10 .array/port v0x5568ca462730, 10;
v0x5568ca440020_0 .net "a", 24 0, v0x5568ca462730_10;  1 drivers
v0x5568ca462ba0_10 .array/port v0x5568ca462ba0, 10;
v0x5568ca440100_0 .net "b", 24 0, v0x5568ca462ba0_10;  1 drivers
v0x5568ca4401e0_0 .net "res", 24 0, L_0x5568ca498590;  alias, 1 drivers
L_0x5568ca497490 .part v0x5568ca462730_10, 24, 1;
L_0x5568ca497580 .part v0x5568ca462ba0_10, 24, 1;
L_0x5568ca497760 .part v0x5568ca462730_10, 0, 24;
L_0x5568ca497800 .part v0x5568ca462ba0_10, 0, 24;
L_0x5568ca4978a0 .arith/sum 24, L_0x5568ca497760, L_0x5568ca497800;
L_0x5568ca497a50 .part v0x5568ca462730_10, 0, 24;
L_0x5568ca497b30 .part v0x5568ca462ba0_10, 0, 24;
L_0x5568ca497bd0 .cmp/gt 24, L_0x5568ca497a50, L_0x5568ca497b30;
L_0x5568ca497cc0 .part v0x5568ca462730_10, 0, 24;
L_0x5568ca497d60 .part v0x5568ca462ba0_10, 0, 24;
L_0x5568ca497e00 .arith/sub 24, L_0x5568ca497cc0, L_0x5568ca497d60;
L_0x5568ca497ef0 .part v0x5568ca462ba0_10, 0, 24;
L_0x5568ca498000 .part v0x5568ca462730_10, 0, 24;
L_0x5568ca4980a0 .arith/sub 24, L_0x5568ca497ef0, L_0x5568ca498000;
L_0x5568ca4981e0 .functor MUXZ 24, L_0x5568ca4980a0, L_0x5568ca497e00, L_0x5568ca497bd0, C4<>;
L_0x5568ca498370 .functor MUXZ 24, L_0x5568ca4981e0, L_0x5568ca4978a0, L_0x5568ca4955d0, C4<>;
L_0x5568ca498590 .concat8 [ 24 1 0 0], L_0x5568ca498370, L_0x5568ca499120;
L_0x5568ca4986d0 .part L_0x5568ca498590, 0, 24;
L_0x5568ca498810 .cmp/eq 24, L_0x5568ca4986d0, L_0x7f200fb96c38;
L_0x5568ca498950 .part v0x5568ca462730_10, 0, 24;
L_0x5568ca498770 .part v0x5568ca462ba0_10, 0, 24;
L_0x5568ca498aa0 .cmp/gt 24, L_0x5568ca498770, L_0x5568ca498950;
L_0x5568ca4989f0 .part v0x5568ca462ba0_10, 24, 1;
L_0x5568ca498db0 .part v0x5568ca462730_10, 24, 1;
L_0x5568ca498be0 .functor MUXZ 1, L_0x5568ca498db0, L_0x5568ca4989f0, L_0x5568ca498aa0, C4<>;
L_0x5568ca499120 .functor MUXZ 1, L_0x5568ca498be0, L_0x7f200fb96c80, L_0x5568ca498810, C4<>;
S_0x5568ca440860 .scope generate, "gen_loop[6]" "gen_loop[6]" 4 69, 4 69 0, S_0x5568ca2faf60;
 .timescale 0 0;
P_0x5568ca440a60 .param/l "o_id" 0 4 69, +C4<0110>;
L_0x7f200fb96f08 .functor BUFT 1, C4<00>, C4<0>, C4<0>, C4<0>;
v0x5568ca445110_0 .net/2u *"_ivl_10", 1 0, L_0x7f200fb96f08;  1 drivers
v0x5568ca4451f0_0 .net *"_ivl_14", 21 0, L_0x5568ca49f260;  1 drivers
v0x5568ca4452d0_0 .net *"_ivl_20", 0 0, L_0x5568ca49f440;  1 drivers
L_0x7f200fb96f50 .functor BUFT 1, C4<00>, C4<0>, C4<0>, C4<0>;
v0x5568ca445390_0 .net/2u *"_ivl_21", 1 0, L_0x7f200fb96f50;  1 drivers
v0x5568ca445470_0 .net *"_ivl_25", 21 0, L_0x5568ca49f4e0;  1 drivers
v0x5568ca445550_0 .net *"_ivl_9", 0 0, L_0x5568ca49f1c0;  1 drivers
L_0x5568ca49f1c0 .part L_0x5568ca49c5a0, 24, 1;
L_0x5568ca49f260 .part L_0x5568ca49c5a0, 2, 22;
L_0x5568ca49f300 .concat [ 22 2 1 0], L_0x5568ca49f260, L_0x7f200fb96f08, L_0x5568ca49f1c0;
L_0x5568ca49f440 .part L_0x5568ca49e410, 24, 1;
L_0x5568ca49f4e0 .part L_0x5568ca49e410, 2, 22;
L_0x5568ca49f580 .concat [ 22 2 1 0], L_0x5568ca49f4e0, L_0x7f200fb96f50, L_0x5568ca49f440;
S_0x5568ca440b40 .scope begin, "clk_process" "clk_process" 4 85, 4 85 0, S_0x5568ca440860;
 .timescale 0 0;
v0x5568ca440d20_0 .var "c", 24 0;
v0x5568ca440e20_0 .var "ci", 24 0;
v0x5568ca440f00_0 .var/2u "i_id", 31 0;
v0x5568ca440fc0_0 .var/2u "w", 31 0;
v0x5568ca4410a0_0 .var/2u "wi", 31 0;
S_0x5568ca4411d0 .scope module, "sum_i" "b25_add" 4 78, 5 1 0, S_0x5568ca440860;
 .timescale 0 0;
    .port_info 0 /INPUT 25 "a";
    .port_info 1 /INPUT 25 "b";
    .port_info 2 /OUTPUT 25 "res";
L_0x5568ca49bfa0 .functor XOR 1, L_0x5568ca49d350, L_0x5568ca49d440, C4<0>, C4<0>;
L_0x5568ca49b930 .functor NOT 1, L_0x5568ca49bfa0, C4<0>, C4<0>, C4<0>;
v0x5568ca441420_0 .net *"_ivl_11", 23 0, L_0x5568ca49d620;  1 drivers
v0x5568ca441520_0 .net *"_ivl_13", 23 0, L_0x5568ca49d6c0;  1 drivers
v0x5568ca441600_0 .net *"_ivl_14", 23 0, L_0x5568ca49d760;  1 drivers
v0x5568ca4416c0_0 .net *"_ivl_17", 23 0, L_0x5568ca49d910;  1 drivers
v0x5568ca4417a0_0 .net *"_ivl_19", 23 0, L_0x5568ca49d9b0;  1 drivers
v0x5568ca4418d0_0 .net *"_ivl_20", 0 0, L_0x5568ca49da50;  1 drivers
v0x5568ca441990_0 .net *"_ivl_23", 23 0, L_0x5568ca49db40;  1 drivers
v0x5568ca441a70_0 .net *"_ivl_25", 23 0, L_0x5568ca49dbe0;  1 drivers
v0x5568ca441b50_0 .net *"_ivl_26", 23 0, L_0x5568ca49dc80;  1 drivers
v0x5568ca441c30_0 .net *"_ivl_29", 23 0, L_0x5568ca49dd70;  1 drivers
v0x5568ca441d10_0 .net *"_ivl_3", 0 0, L_0x5568ca49d350;  1 drivers
v0x5568ca441df0_0 .net *"_ivl_31", 23 0, L_0x5568ca49de80;  1 drivers
v0x5568ca441ed0_0 .net *"_ivl_32", 23 0, L_0x5568ca49df20;  1 drivers
v0x5568ca441fb0_0 .net *"_ivl_34", 23 0, L_0x5568ca49e060;  1 drivers
v0x5568ca442090_0 .net *"_ivl_36", 23 0, L_0x5568ca49e1f0;  1 drivers
v0x5568ca442170_0 .net *"_ivl_42", 23 0, L_0x5568ca49e550;  1 drivers
L_0x7f200fb96e78 .functor BUFT 1, C4<000000000000000000000000>, C4<0>, C4<0>, C4<0>;
v0x5568ca442250_0 .net/2u *"_ivl_43", 23 0, L_0x7f200fb96e78;  1 drivers
v0x5568ca442440_0 .net *"_ivl_45", 0 0, L_0x5568ca49e690;  1 drivers
L_0x7f200fb96ec0 .functor BUFT 1, C4<0>, C4<0>, C4<0>, C4<0>;
v0x5568ca442500_0 .net/2u *"_ivl_47", 0 0, L_0x7f200fb96ec0;  1 drivers
v0x5568ca4425e0_0 .net *"_ivl_5", 0 0, L_0x5568ca49d440;  1 drivers
v0x5568ca4426c0_0 .net *"_ivl_50", 23 0, L_0x5568ca49e7d0;  1 drivers
v0x5568ca4427a0_0 .net *"_ivl_52", 23 0, L_0x5568ca49e5f0;  1 drivers
v0x5568ca442880_0 .net *"_ivl_53", 0 0, L_0x5568ca49e920;  1 drivers
v0x5568ca442940_0 .net *"_ivl_56", 0 0, L_0x5568ca49e870;  1 drivers
v0x5568ca442a20_0 .net *"_ivl_58", 0 0, L_0x5568ca49ec30;  1 drivers
v0x5568ca442b00_0 .net *"_ivl_59", 0 0, L_0x5568ca49ea60;  1 drivers
v0x5568ca442be0_0 .net *"_ivl_6", 0 0, L_0x5568ca49bfa0;  1 drivers
v0x5568ca442cc0_0 .net *"_ivl_61", 0 0, L_0x5568ca49efa0;  1 drivers
v0x5568ca442da0_0 .net *"_ivl_8", 0 0, L_0x5568ca49b930;  1 drivers
v0x5568ca462730_13 .array/port v0x5568ca462730, 13;
v0x5568ca442e80_0 .net "a", 24 0, v0x5568ca462730_13;  1 drivers
v0x5568ca462ba0_13 .array/port v0x5568ca462ba0, 13;
v0x5568ca442f60_0 .net "b", 24 0, v0x5568ca462ba0_13;  1 drivers
v0x5568ca443040_0 .net "res", 24 0, L_0x5568ca49e410;  alias, 1 drivers
L_0x5568ca49d350 .part v0x5568ca462730_13, 24, 1;
L_0x5568ca49d440 .part v0x5568ca462ba0_13, 24, 1;
L_0x5568ca49d620 .part v0x5568ca462730_13, 0, 24;
L_0x5568ca49d6c0 .part v0x5568ca462ba0_13, 0, 24;
L_0x5568ca49d760 .arith/sum 24, L_0x5568ca49d620, L_0x5568ca49d6c0;
L_0x5568ca49d910 .part v0x5568ca462730_13, 0, 24;
L_0x5568ca49d9b0 .part v0x5568ca462ba0_13, 0, 24;
L_0x5568ca49da50 .cmp/gt 24, L_0x5568ca49d910, L_0x5568ca49d9b0;
L_0x5568ca49db40 .part v0x5568ca462730_13, 0, 24;
L_0x5568ca49dbe0 .part v0x5568ca462ba0_13, 0, 24;
L_0x5568ca49dc80 .arith/sub 24, L_0x5568ca49db40, L_0x5568ca49dbe0;
L_0x5568ca49dd70 .part v0x5568ca462ba0_13, 0, 24;
L_0x5568ca49de80 .part v0x5568ca462730_13, 0, 24;
L_0x5568ca49df20 .arith/sub 24, L_0x5568ca49dd70, L_0x5568ca49de80;
L_0x5568ca49e060 .functor MUXZ 24, L_0x5568ca49df20, L_0x5568ca49dc80, L_0x5568ca49da50, C4<>;
L_0x5568ca49e1f0 .functor MUXZ 24, L_0x5568ca49e060, L_0x5568ca49d760, L_0x5568ca49b930, C4<>;
L_0x5568ca49e410 .concat8 [ 24 1 0 0], L_0x5568ca49e1f0, L_0x5568ca49efa0;
L_0x5568ca49e550 .part L_0x5568ca49e410, 0, 24;
L_0x5568ca49e690 .cmp/eq 24, L_0x5568ca49e550, L_0x7f200fb96e78;
L_0x5568ca49e7d0 .part v0x5568ca462730_13, 0, 24;
L_0x5568ca49e5f0 .part v0x5568ca462ba0_13, 0, 24;
L_0x5568ca49e920 .cmp/gt 24, L_0x5568ca49e5f0, L_0x5568ca49e7d0;
L_0x5568ca49e870 .part v0x5568ca462ba0_13, 24, 1;
L_0x5568ca49ec30 .part v0x5568ca462730_13, 24, 1;
L_0x5568ca49ea60 .functor MUXZ 1, L_0x5568ca49ec30, L_0x5568ca49e870, L_0x5568ca49e920, C4<>;
L_0x5568ca49efa0 .functor MUXZ 1, L_0x5568ca49ea60, L_0x7f200fb96ec0, L_0x5568ca49e690, C4<>;
S_0x5568ca4431a0 .scope module, "sum_r" "b25_add" 4 72, 5 1 0, S_0x5568ca440860;
 .timescale 0 0;
    .port_info 0 /INPUT 25 "a";
    .port_info 1 /INPUT 25 "b";
    .port_info 2 /OUTPUT 25 "res";
L_0x5568ca499e00 .functor XOR 1, L_0x5568ca49b480, L_0x5568ca49b570, C4<0>, C4<0>;
L_0x5568ca4997f0 .functor NOT 1, L_0x5568ca499e00, C4<0>, C4<0>, C4<0>;
v0x5568ca443380_0 .net *"_ivl_11", 23 0, L_0x5568ca49b750;  1 drivers
v0x5568ca443460_0 .net *"_ivl_13", 23 0, L_0x5568ca49b7f0;  1 drivers
v0x5568ca443540_0 .net *"_ivl_14", 23 0, L_0x5568ca49b890;  1 drivers
v0x5568ca443630_0 .net *"_ivl_17", 23 0, L_0x5568ca49ba40;  1 drivers
v0x5568ca443710_0 .net *"_ivl_19", 23 0, L_0x5568ca49bae0;  1 drivers
v0x5568ca443840_0 .net *"_ivl_20", 0 0, L_0x5568ca49bb80;  1 drivers
v0x5568ca443900_0 .net *"_ivl_23", 23 0, L_0x5568ca49bc70;  1 drivers
v0x5568ca4439e0_0 .net *"_ivl_25", 23 0, L_0x5568ca49bd10;  1 drivers
v0x5568ca443ac0_0 .net *"_ivl_26", 23 0, L_0x5568ca49be10;  1 drivers
v0x5568ca443ba0_0 .net *"_ivl_29", 23 0, L_0x5568ca49bf00;  1 drivers
v0x5568ca443c80_0 .net *"_ivl_3", 0 0, L_0x5568ca49b480;  1 drivers
v0x5568ca443d60_0 .net *"_ivl_31", 23 0, L_0x5568ca49c010;  1 drivers
v0x5568ca443e40_0 .net *"_ivl_32", 23 0, L_0x5568ca49c0b0;  1 drivers
v0x5568ca443f20_0 .net *"_ivl_34", 23 0, L_0x5568ca49c1f0;  1 drivers
v0x5568ca444000_0 .net *"_ivl_36", 23 0, L_0x5568ca49c380;  1 drivers
v0x5568ca4440e0_0 .net *"_ivl_42", 23 0, L_0x5568ca49c6e0;  1 drivers
L_0x7f200fb96de8 .functor BUFT 1, C4<000000000000000000000000>, C4<0>, C4<0>, C4<0>;
v0x5568ca4441c0_0 .net/2u *"_ivl_43", 23 0, L_0x7f200fb96de8;  1 drivers
v0x5568ca4443b0_0 .net *"_ivl_45", 0 0, L_0x5568ca49c820;  1 drivers
L_0x7f200fb96e30 .functor BUFT 1, C4<0>, C4<0>, C4<0>, C4<0>;
v0x5568ca444470_0 .net/2u *"_ivl_47", 0 0, L_0x7f200fb96e30;  1 drivers
v0x5568ca444550_0 .net *"_ivl_5", 0 0, L_0x5568ca49b570;  1 drivers
v0x5568ca444630_0 .net *"_ivl_50", 23 0, L_0x5568ca49c960;  1 drivers
v0x5568ca444710_0 .net *"_ivl_52", 23 0, L_0x5568ca49c780;  1 drivers
v0x5568ca4447f0_0 .net *"_ivl_53", 0 0, L_0x5568ca49cab0;  1 drivers
v0x5568ca4448b0_0 .net *"_ivl_56", 0 0, L_0x5568ca49ca00;  1 drivers
v0x5568ca444990_0 .net *"_ivl_58", 0 0, L_0x5568ca49cdc0;  1 drivers
v0x5568ca444a70_0 .net *"_ivl_59", 0 0, L_0x5568ca49cbf0;  1 drivers
v0x5568ca444b50_0 .net *"_ivl_6", 0 0, L_0x5568ca499e00;  1 drivers
v0x5568ca444c30_0 .net *"_ivl_61", 0 0, L_0x5568ca49d130;  1 drivers
v0x5568ca444d10_0 .net *"_ivl_8", 0 0, L_0x5568ca4997f0;  1 drivers
v0x5568ca462730_12 .array/port v0x5568ca462730, 12;
v0x5568ca444df0_0 .net "a", 24 0, v0x5568ca462730_12;  1 drivers
v0x5568ca462ba0_12 .array/port v0x5568ca462ba0, 12;
v0x5568ca444ed0_0 .net "b", 24 0, v0x5568ca462ba0_12;  1 drivers
v0x5568ca444fb0_0 .net "res", 24 0, L_0x5568ca49c5a0;  alias, 1 drivers
L_0x5568ca49b480 .part v0x5568ca462730_12, 24, 1;
L_0x5568ca49b570 .part v0x5568ca462ba0_12, 24, 1;
L_0x5568ca49b750 .part v0x5568ca462730_12, 0, 24;
L_0x5568ca49b7f0 .part v0x5568ca462ba0_12, 0, 24;
L_0x5568ca49b890 .arith/sum 24, L_0x5568ca49b750, L_0x5568ca49b7f0;
L_0x5568ca49ba40 .part v0x5568ca462730_12, 0, 24;
L_0x5568ca49bae0 .part v0x5568ca462ba0_12, 0, 24;
L_0x5568ca49bb80 .cmp/gt 24, L_0x5568ca49ba40, L_0x5568ca49bae0;
L_0x5568ca49bc70 .part v0x5568ca462730_12, 0, 24;
L_0x5568ca49bd10 .part v0x5568ca462ba0_12, 0, 24;
L_0x5568ca49be10 .arith/sub 24, L_0x5568ca49bc70, L_0x5568ca49bd10;
L_0x5568ca49bf00 .part v0x5568ca462ba0_12, 0, 24;
L_0x5568ca49c010 .part v0x5568ca462730_12, 0, 24;
L_0x5568ca49c0b0 .arith/sub 24, L_0x5568ca49bf00, L_0x5568ca49c010;
L_0x5568ca49c1f0 .functor MUXZ 24, L_0x5568ca49c0b0, L_0x5568ca49be10, L_0x5568ca49bb80, C4<>;
L_0x5568ca49c380 .functor MUXZ 24, L_0x5568ca49c1f0, L_0x5568ca49b890, L_0x5568ca4997f0, C4<>;
L_0x5568ca49c5a0 .concat8 [ 24 1 0 0], L_0x5568ca49c380, L_0x5568ca49d130;
L_0x5568ca49c6e0 .part L_0x5568ca49c5a0, 0, 24;
L_0x5568ca49c820 .cmp/eq 24, L_0x5568ca49c6e0, L_0x7f200fb96de8;
L_0x5568ca49c960 .part v0x5568ca462730_12, 0, 24;
L_0x5568ca49c780 .part v0x5568ca462ba0_12, 0, 24;
L_0x5568ca49cab0 .cmp/gt 24, L_0x5568ca49c780, L_0x5568ca49c960;
L_0x5568ca49ca00 .part v0x5568ca462ba0_12, 24, 1;
L_0x5568ca49cdc0 .part v0x5568ca462730_12, 24, 1;
L_0x5568ca49cbf0 .functor MUXZ 1, L_0x5568ca49cdc0, L_0x5568ca49ca00, L_0x5568ca49cab0, C4<>;
L_0x5568ca49d130 .functor MUXZ 1, L_0x5568ca49cbf0, L_0x7f200fb96e30, L_0x5568ca49c820, C4<>;
S_0x5568ca445630 .scope generate, "gen_loop[7]" "gen_loop[7]" 4 69, 4 69 0, S_0x5568ca2faf60;
 .timescale 0 0;
P_0x5568ca4320d0 .param/l "o_id" 0 4 69, +C4<0111>;
L_0x7f200fb970b8 .functor BUFT 1, C4<00>, C4<0>, C4<0>, C4<0>;
v0x5568ca449f20_0 .net/2u *"_ivl_10", 1 0, L_0x7f200fb970b8;  1 drivers
v0x5568ca44a000_0 .net *"_ivl_14", 21 0, L_0x5568ca4a3480;  1 drivers
v0x5568ca44a0e0_0 .net *"_ivl_20", 0 0, L_0x5568ca4a3660;  1 drivers
L_0x7f200fb97100 .functor BUFT 1, C4<00>, C4<0>, C4<0>, C4<0>;
v0x5568ca44a1a0_0 .net/2u *"_ivl_21", 1 0, L_0x7f200fb97100;  1 drivers
v0x5568ca44a280_0 .net *"_ivl_25", 21 0, L_0x5568ca4a3700;  1 drivers
v0x5568ca44a360_0 .net *"_ivl_9", 0 0, L_0x5568ca4a33e0;  1 drivers
L_0x5568ca4a33e0 .part L_0x5568ca4a07c0, 24, 1;
L_0x5568ca4a3480 .part L_0x5568ca4a07c0, 2, 22;
L_0x5568ca4a3520 .concat [ 22 2 1 0], L_0x5568ca4a3480, L_0x7f200fb970b8, L_0x5568ca4a33e0;
L_0x5568ca4a3660 .part L_0x5568ca4a2630, 24, 1;
L_0x5568ca4a3700 .part L_0x5568ca4a2630, 2, 22;
L_0x5568ca4a37a0 .concat [ 22 2 1 0], L_0x5568ca4a3700, L_0x7f200fb97100, L_0x5568ca4a3660;
S_0x5568ca4458c0 .scope begin, "clk_process" "clk_process" 4 85, 4 85 0, S_0x5568ca445630;
 .timescale 0 0;
v0x5568ca445aa0_0 .var "c", 24 0;
v0x5568ca445ba0_0 .var "ci", 24 0;
v0x5568ca445c80_0 .var/2u "i_id", 31 0;
v0x5568ca445d40_0 .var/2u "w", 31 0;
v0x5568ca445e20_0 .var/2u "wi", 31 0;
S_0x5568ca445f50 .scope module, "sum_i" "b25_add" 4 78, 5 1 0, S_0x5568ca445630;
 .timescale 0 0;
    .port_info 0 /INPUT 25 "a";
    .port_info 1 /INPUT 25 "b";
    .port_info 2 /OUTPUT 25 "res";
L_0x5568ca4a01c0 .functor XOR 1, L_0x5568ca4a1570, L_0x5568ca4a1660, C4<0>, C4<0>;
L_0x5568ca49fb70 .functor NOT 1, L_0x5568ca4a01c0, C4<0>, C4<0>, C4<0>;
v0x5568ca4461a0_0 .net *"_ivl_11", 23 0, L_0x5568ca4a1840;  1 drivers
v0x5568ca4462a0_0 .net *"_ivl_13", 23 0, L_0x5568ca4a18e0;  1 drivers
v0x5568ca446380_0 .net *"_ivl_14", 23 0, L_0x5568ca4a1980;  1 drivers
v0x5568ca446440_0 .net *"_ivl_17", 23 0, L_0x5568ca4a1b30;  1 drivers
v0x5568ca446520_0 .net *"_ivl_19", 23 0, L_0x5568ca4a1bd0;  1 drivers
v0x5568ca446650_0 .net *"_ivl_20", 0 0, L_0x5568ca4a1c70;  1 drivers
v0x5568ca446710_0 .net *"_ivl_23", 23 0, L_0x5568ca4a1d60;  1 drivers
v0x5568ca4467f0_0 .net *"_ivl_25", 23 0, L_0x5568ca4a1e00;  1 drivers
v0x5568ca4468d0_0 .net *"_ivl_26", 23 0, L_0x5568ca4a1ea0;  1 drivers
v0x5568ca446a40_0 .net *"_ivl_29", 23 0, L_0x5568ca4a1f90;  1 drivers
v0x5568ca446b20_0 .net *"_ivl_3", 0 0, L_0x5568ca4a1570;  1 drivers
v0x5568ca446c00_0 .net *"_ivl_31", 23 0, L_0x5568ca4a20a0;  1 drivers
v0x5568ca446ce0_0 .net *"_ivl_32", 23 0, L_0x5568ca4a2140;  1 drivers
v0x5568ca446dc0_0 .net *"_ivl_34", 23 0, L_0x5568ca4a2280;  1 drivers
v0x5568ca446ea0_0 .net *"_ivl_36", 23 0, L_0x5568ca4a2410;  1 drivers
v0x5568ca446f80_0 .net *"_ivl_42", 23 0, L_0x5568ca4a2770;  1 drivers
L_0x7f200fb97028 .functor BUFT 1, C4<000000000000000000000000>, C4<0>, C4<0>, C4<0>;
v0x5568ca447060_0 .net/2u *"_ivl_43", 23 0, L_0x7f200fb97028;  1 drivers
v0x5568ca447250_0 .net *"_ivl_45", 0 0, L_0x5568ca4a28b0;  1 drivers
L_0x7f200fb97070 .functor BUFT 1, C4<0>, C4<0>, C4<0>, C4<0>;
v0x5568ca447310_0 .net/2u *"_ivl_47", 0 0, L_0x7f200fb97070;  1 drivers
v0x5568ca4473f0_0 .net *"_ivl_5", 0 0, L_0x5568ca4a1660;  1 drivers
v0x5568ca4474d0_0 .net *"_ivl_50", 23 0, L_0x5568ca4a29f0;  1 drivers
v0x5568ca4475b0_0 .net *"_ivl_52", 23 0, L_0x5568ca4a2810;  1 drivers
v0x5568ca447690_0 .net *"_ivl_53", 0 0, L_0x5568ca4a2b40;  1 drivers
v0x5568ca447750_0 .net *"_ivl_56", 0 0, L_0x5568ca4a2a90;  1 drivers
v0x5568ca447830_0 .net *"_ivl_58", 0 0, L_0x5568ca4a2e50;  1 drivers
v0x5568ca447910_0 .net *"_ivl_59", 0 0, L_0x5568ca4a2c80;  1 drivers
v0x5568ca4479f0_0 .net *"_ivl_6", 0 0, L_0x5568ca4a01c0;  1 drivers
v0x5568ca447ad0_0 .net *"_ivl_61", 0 0, L_0x5568ca4a31c0;  1 drivers
v0x5568ca447bb0_0 .net *"_ivl_8", 0 0, L_0x5568ca49fb70;  1 drivers
v0x5568ca462730_15 .array/port v0x5568ca462730, 15;
v0x5568ca447c90_0 .net "a", 24 0, v0x5568ca462730_15;  1 drivers
v0x5568ca462ba0_15 .array/port v0x5568ca462ba0, 15;
v0x5568ca447d70_0 .net "b", 24 0, v0x5568ca462ba0_15;  1 drivers
v0x5568ca447e50_0 .net "res", 24 0, L_0x5568ca4a2630;  alias, 1 drivers
L_0x5568ca4a1570 .part v0x5568ca462730_15, 24, 1;
L_0x5568ca4a1660 .part v0x5568ca462ba0_15, 24, 1;
L_0x5568ca4a1840 .part v0x5568ca462730_15, 0, 24;
L_0x5568ca4a18e0 .part v0x5568ca462ba0_15, 0, 24;
L_0x5568ca4a1980 .arith/sum 24, L_0x5568ca4a1840, L_0x5568ca4a18e0;
L_0x5568ca4a1b30 .part v0x5568ca462730_15, 0, 24;
L_0x5568ca4a1bd0 .part v0x5568ca462ba0_15, 0, 24;
L_0x5568ca4a1c70 .cmp/gt 24, L_0x5568ca4a1b30, L_0x5568ca4a1bd0;
L_0x5568ca4a1d60 .part v0x5568ca462730_15, 0, 24;
L_0x5568ca4a1e00 .part v0x5568ca462ba0_15, 0, 24;
L_0x5568ca4a1ea0 .arith/sub 24, L_0x5568ca4a1d60, L_0x5568ca4a1e00;
L_0x5568ca4a1f90 .part v0x5568ca462ba0_15, 0, 24;
L_0x5568ca4a20a0 .part v0x5568ca462730_15, 0, 24;
L_0x5568ca4a2140 .arith/sub 24, L_0x5568ca4a1f90, L_0x5568ca4a20a0;
L_0x5568ca4a2280 .functor MUXZ 24, L_0x5568ca4a2140, L_0x5568ca4a1ea0, L_0x5568ca4a1c70, C4<>;
L_0x5568ca4a2410 .functor MUXZ 24, L_0x5568ca4a2280, L_0x5568ca4a1980, L_0x5568ca49fb70, C4<>;
L_0x5568ca4a2630 .concat8 [ 24 1 0 0], L_0x5568ca4a2410, L_0x5568ca4a31c0;
L_0x5568ca4a2770 .part L_0x5568ca4a2630, 0, 24;
L_0x5568ca4a28b0 .cmp/eq 24, L_0x5568ca4a2770, L_0x7f200fb97028;
L_0x5568ca4a29f0 .part v0x5568ca462730_15, 0, 24;
L_0x5568ca4a2810 .part v0x5568ca462ba0_15, 0, 24;
L_0x5568ca4a2b40 .cmp/gt 24, L_0x5568ca4a2810, L_0x5568ca4a29f0;
L_0x5568ca4a2a90 .part v0x5568ca462ba0_15, 24, 1;
L_0x5568ca4a2e50 .part v0x5568ca462730_15, 24, 1;
L_0x5568ca4a2c80 .functor MUXZ 1, L_0x5568ca4a2e50, L_0x5568ca4a2a90, L_0x5568ca4a2b40, C4<>;
L_0x5568ca4a31c0 .functor MUXZ 1, L_0x5568ca4a2c80, L_0x7f200fb97070, L_0x5568ca4a28b0, C4<>;
S_0x5568ca447fb0 .scope module, "sum_r" "b25_add" 4 72, 5 1 0, S_0x5568ca445630;
 .timescale 0 0;
    .port_info 0 /INPUT 25 "a";
    .port_info 1 /INPUT 25 "b";
    .port_info 2 /OUTPUT 25 "res";
L_0x5568ca49de10 .functor XOR 1, L_0x5568ca49f6c0, L_0x5568ca49f7b0, C4<0>, C4<0>;
L_0x5568ca49d800 .functor NOT 1, L_0x5568ca49de10, C4<0>, C4<0>, C4<0>;
v0x5568ca448190_0 .net *"_ivl_11", 23 0, L_0x5568ca49f990;  1 drivers
v0x5568ca448270_0 .net *"_ivl_13", 23 0, L_0x5568ca49fa30;  1 drivers
v0x5568ca448350_0 .net *"_ivl_14", 23 0, L_0x5568ca49fad0;  1 drivers
v0x5568ca448440_0 .net *"_ivl_17", 23 0, L_0x5568ca49fc80;  1 drivers
v0x5568ca448520_0 .net *"_ivl_19", 23 0, L_0x5568ca49fd60;  1 drivers
v0x5568ca448650_0 .net *"_ivl_20", 0 0, L_0x5568ca49fe00;  1 drivers
v0x5568ca448710_0 .net *"_ivl_23", 23 0, L_0x5568ca49fef0;  1 drivers
v0x5568ca4487f0_0 .net *"_ivl_25", 23 0, L_0x5568ca49ff90;  1 drivers
v0x5568ca4488d0_0 .net *"_ivl_26", 23 0, L_0x5568ca4a0030;  1 drivers
v0x5568ca4489b0_0 .net *"_ivl_29", 23 0, L_0x5568ca4a0120;  1 drivers
v0x5568ca448a90_0 .net *"_ivl_3", 0 0, L_0x5568ca49f6c0;  1 drivers
v0x5568ca448b70_0 .net *"_ivl_31", 23 0, L_0x5568ca4a0230;  1 drivers
v0x5568ca448c50_0 .net *"_ivl_32", 23 0, L_0x5568ca4a02d0;  1 drivers
v0x5568ca448d30_0 .net *"_ivl_34", 23 0, L_0x5568ca4a0410;  1 drivers
v0x5568ca448e10_0 .net *"_ivl_36", 23 0, L_0x5568ca4a05a0;  1 drivers
v0x5568ca448ef0_0 .net *"_ivl_42", 23 0, L_0x5568ca4a0900;  1 drivers
L_0x7f200fb96f98 .functor BUFT 1, C4<000000000000000000000000>, C4<0>, C4<0>, C4<0>;
v0x5568ca448fd0_0 .net/2u *"_ivl_43", 23 0, L_0x7f200fb96f98;  1 drivers
v0x5568ca4491c0_0 .net *"_ivl_45", 0 0, L_0x5568ca4a0a40;  1 drivers
L_0x7f200fb96fe0 .functor BUFT 1, C4<0>, C4<0>, C4<0>, C4<0>;
v0x5568ca449280_0 .net/2u *"_ivl_47", 0 0, L_0x7f200fb96fe0;  1 drivers
v0x5568ca449360_0 .net *"_ivl_5", 0 0, L_0x5568ca49f7b0;  1 drivers
v0x5568ca449440_0 .net *"_ivl_50", 23 0, L_0x5568ca4a0b80;  1 drivers
v0x5568ca449520_0 .net *"_ivl_52", 23 0, L_0x5568ca4a09a0;  1 drivers
v0x5568ca449600_0 .net *"_ivl_53", 0 0, L_0x5568ca4a0cd0;  1 drivers
v0x5568ca4496c0_0 .net *"_ivl_56", 0 0, L_0x5568ca4a0c20;  1 drivers
v0x5568ca4497a0_0 .net *"_ivl_58", 0 0, L_0x5568ca4a0fe0;  1 drivers
v0x5568ca449880_0 .net *"_ivl_59", 0 0, L_0x5568ca4a0e10;  1 drivers
v0x5568ca449960_0 .net *"_ivl_6", 0 0, L_0x5568ca49de10;  1 drivers
v0x5568ca449a40_0 .net *"_ivl_61", 0 0, L_0x5568ca4a1350;  1 drivers
v0x5568ca449b20_0 .net *"_ivl_8", 0 0, L_0x5568ca49d800;  1 drivers
v0x5568ca462730_14 .array/port v0x5568ca462730, 14;
v0x5568ca449c00_0 .net "a", 24 0, v0x5568ca462730_14;  1 drivers
v0x5568ca462ba0_14 .array/port v0x5568ca462ba0, 14;
v0x5568ca449ce0_0 .net "b", 24 0, v0x5568ca462ba0_14;  1 drivers
v0x5568ca449dc0_0 .net "res", 24 0, L_0x5568ca4a07c0;  alias, 1 drivers
L_0x5568ca49f6c0 .part v0x5568ca462730_14, 24, 1;
L_0x5568ca49f7b0 .part v0x5568ca462ba0_14, 24, 1;
L_0x5568ca49f990 .part v0x5568ca462730_14, 0, 24;
L_0x5568ca49fa30 .part v0x5568ca462ba0_14, 0, 24;
L_0x5568ca49fad0 .arith/sum 24, L_0x5568ca49f990, L_0x5568ca49fa30;
L_0x5568ca49fc80 .part v0x5568ca462730_14, 0, 24;
L_0x5568ca49fd60 .part v0x5568ca462ba0_14, 0, 24;
L_0x5568ca49fe00 .cmp/gt 24, L_0x5568ca49fc80, L_0x5568ca49fd60;
L_0x5568ca49fef0 .part v0x5568ca462730_14, 0, 24;
L_0x5568ca49ff90 .part v0x5568ca462ba0_14, 0, 24;
L_0x5568ca4a0030 .arith/sub 24, L_0x5568ca49fef0, L_0x5568ca49ff90;
L_0x5568ca4a0120 .part v0x5568ca462ba0_14, 0, 24;
L_0x5568ca4a0230 .part v0x5568ca462730_14, 0, 24;
L_0x5568ca4a02d0 .arith/sub 24, L_0x5568ca4a0120, L_0x5568ca4a0230;
L_0x5568ca4a0410 .functor MUXZ 24, L_0x5568ca4a02d0, L_0x5568ca4a0030, L_0x5568ca49fe00, C4<>;
L_0x5568ca4a05a0 .functor MUXZ 24, L_0x5568ca4a0410, L_0x5568ca49fad0, L_0x5568ca49d800, C4<>;
L_0x5568ca4a07c0 .concat8 [ 24 1 0 0], L_0x5568ca4a05a0, L_0x5568ca4a1350;
L_0x5568ca4a0900 .part L_0x5568ca4a07c0, 0, 24;
L_0x5568ca4a0a40 .cmp/eq 24, L_0x5568ca4a0900, L_0x7f200fb96f98;
L_0x5568ca4a0b80 .part v0x5568ca462730_14, 0, 24;
L_0x5568ca4a09a0 .part v0x5568ca462ba0_14, 0, 24;
L_0x5568ca4a0cd0 .cmp/gt 24, L_0x5568ca4a09a0, L_0x5568ca4a0b80;
L_0x5568ca4a0c20 .part v0x5568ca462ba0_14, 24, 1;
L_0x5568ca4a0fe0 .part v0x5568ca462730_14, 24, 1;
L_0x5568ca4a0e10 .functor MUXZ 1, L_0x5568ca4a0fe0, L_0x5568ca4a0c20, L_0x5568ca4a0cd0, C4<>;
L_0x5568ca4a1350 .functor MUXZ 1, L_0x5568ca4a0e10, L_0x7f200fb96fe0, L_0x5568ca4a0a40, C4<>;
S_0x5568ca44a440 .scope generate, "gen_loop[8]" "gen_loop[8]" 4 69, 4 69 0, S_0x5568ca2faf60;
 .timescale 0 0;
P_0x5568ca44a640 .param/l "o_id" 0 4 69, +C4<01000>;
L_0x7f200fb97268 .functor BUFT 1, C4<00>, C4<0>, C4<0>, C4<0>;
v0x5568ca44ecf0_0 .net/2u *"_ivl_10", 1 0, L_0x7f200fb97268;  1 drivers
v0x5568ca44edd0_0 .net *"_ivl_14", 21 0, L_0x5568ca4a76a0;  1 drivers
v0x5568ca44eeb0_0 .net *"_ivl_20", 0 0, L_0x5568ca4a7880;  1 drivers
L_0x7f200fb972b0 .functor BUFT 1, C4<00>, C4<0>, C4<0>, C4<0>;
v0x5568ca44ef70_0 .net/2u *"_ivl_21", 1 0, L_0x7f200fb972b0;  1 drivers
v0x5568ca44f050_0 .net *"_ivl_25", 21 0, L_0x5568ca4a7920;  1 drivers
v0x5568ca44f130_0 .net *"_ivl_9", 0 0, L_0x5568ca4a7600;  1 drivers
L_0x5568ca4a7600 .part L_0x5568ca4a49e0, 24, 1;
L_0x5568ca4a76a0 .part L_0x5568ca4a49e0, 2, 22;
L_0x5568ca4a7740 .concat [ 22 2 1 0], L_0x5568ca4a76a0, L_0x7f200fb97268, L_0x5568ca4a7600;
L_0x5568ca4a7880 .part L_0x5568ca4a6850, 24, 1;
L_0x5568ca4a7920 .part L_0x5568ca4a6850, 2, 22;
L_0x5568ca4a79c0 .concat [ 22 2 1 0], L_0x5568ca4a7920, L_0x7f200fb972b0, L_0x5568ca4a7880;
S_0x5568ca44a720 .scope begin, "clk_process" "clk_process" 4 85, 4 85 0, S_0x5568ca44a440;
 .timescale 0 0;
v0x5568ca44a900_0 .var "c", 24 0;
v0x5568ca44aa00_0 .var "ci", 24 0;
v0x5568ca44aae0_0 .var/2u "i_id", 31 0;
v0x5568ca44aba0_0 .var/2u "w", 31 0;
v0x5568ca44ac80_0 .var/2u "wi", 31 0;
S_0x5568ca44adb0 .scope module, "sum_i" "b25_add" 4 78, 5 1 0, S_0x5568ca44a440;
 .timescale 0 0;
    .port_info 0 /INPUT 25 "a";
    .port_info 1 /INPUT 25 "b";
    .port_info 2 /OUTPUT 25 "res";
L_0x5568ca4a43e0 .functor XOR 1, L_0x5568ca4a5790, L_0x5568ca4a5880, C4<0>, C4<0>;
L_0x5568ca4a3d90 .functor NOT 1, L_0x5568ca4a43e0, C4<0>, C4<0>, C4<0>;
v0x5568ca44b000_0 .net *"_ivl_11", 23 0, L_0x5568ca4a5a60;  1 drivers
v0x5568ca44b100_0 .net *"_ivl_13", 23 0, L_0x5568ca4a5b00;  1 drivers
v0x5568ca44b1e0_0 .net *"_ivl_14", 23 0, L_0x5568ca4a5ba0;  1 drivers
v0x5568ca44b2a0_0 .net *"_ivl_17", 23 0, L_0x5568ca4a5d50;  1 drivers
v0x5568ca44b380_0 .net *"_ivl_19", 23 0, L_0x5568ca4a5df0;  1 drivers
v0x5568ca44b4b0_0 .net *"_ivl_20", 0 0, L_0x5568ca4a5e90;  1 drivers
v0x5568ca44b570_0 .net *"_ivl_23", 23 0, L_0x5568ca4a5f80;  1 drivers
v0x5568ca44b650_0 .net *"_ivl_25", 23 0, L_0x5568ca4a6020;  1 drivers
v0x5568ca44b730_0 .net *"_ivl_26", 23 0, L_0x5568ca4a60c0;  1 drivers
v0x5568ca44b810_0 .net *"_ivl_29", 23 0, L_0x5568ca4a61b0;  1 drivers
v0x5568ca44b8f0_0 .net *"_ivl_3", 0 0, L_0x5568ca4a5790;  1 drivers
v0x5568ca44b9d0_0 .net *"_ivl_31", 23 0, L_0x5568ca4a62c0;  1 drivers
v0x5568ca44bab0_0 .net *"_ivl_32", 23 0, L_0x5568ca4a6360;  1 drivers
v0x5568ca44bb90_0 .net *"_ivl_34", 23 0, L_0x5568ca4a64a0;  1 drivers
v0x5568ca44bc70_0 .net *"_ivl_36", 23 0, L_0x5568ca4a6630;  1 drivers
v0x5568ca44bd50_0 .net *"_ivl_42", 23 0, L_0x5568ca4a6990;  1 drivers
L_0x7f200fb971d8 .functor BUFT 1, C4<000000000000000000000000>, C4<0>, C4<0>, C4<0>;
v0x5568ca44be30_0 .net/2u *"_ivl_43", 23 0, L_0x7f200fb971d8;  1 drivers
v0x5568ca44c020_0 .net *"_ivl_45", 0 0, L_0x5568ca4a6ad0;  1 drivers
L_0x7f200fb97220 .functor BUFT 1, C4<0>, C4<0>, C4<0>, C4<0>;
v0x5568ca44c0e0_0 .net/2u *"_ivl_47", 0 0, L_0x7f200fb97220;  1 drivers
v0x5568ca44c1c0_0 .net *"_ivl_5", 0 0, L_0x5568ca4a5880;  1 drivers
v0x5568ca44c2a0_0 .net *"_ivl_50", 23 0, L_0x5568ca4a6c10;  1 drivers
v0x5568ca44c380_0 .net *"_ivl_52", 23 0, L_0x5568ca4a6a30;  1 drivers
v0x5568ca44c460_0 .net *"_ivl_53", 0 0, L_0x5568ca4a6d60;  1 drivers
v0x5568ca44c520_0 .net *"_ivl_56", 0 0, L_0x5568ca4a6cb0;  1 drivers
v0x5568ca44c600_0 .net *"_ivl_58", 0 0, L_0x5568ca4a7070;  1 drivers
v0x5568ca44c6e0_0 .net *"_ivl_59", 0 0, L_0x5568ca4a6ea0;  1 drivers
v0x5568ca44c7c0_0 .net *"_ivl_6", 0 0, L_0x5568ca4a43e0;  1 drivers
v0x5568ca44c8a0_0 .net *"_ivl_61", 0 0, L_0x5568ca4a73e0;  1 drivers
v0x5568ca44c980_0 .net *"_ivl_8", 0 0, L_0x5568ca4a3d90;  1 drivers
v0x5568ca462730_17 .array/port v0x5568ca462730, 17;
v0x5568ca44ca60_0 .net "a", 24 0, v0x5568ca462730_17;  1 drivers
v0x5568ca462ba0_17 .array/port v0x5568ca462ba0, 17;
v0x5568ca44cb40_0 .net "b", 24 0, v0x5568ca462ba0_17;  1 drivers
v0x5568ca44cc20_0 .net "res", 24 0, L_0x5568ca4a6850;  alias, 1 drivers
L_0x5568ca4a5790 .part v0x5568ca462730_17, 24, 1;
L_0x5568ca4a5880 .part v0x5568ca462ba0_17, 24, 1;
L_0x5568ca4a5a60 .part v0x5568ca462730_17, 0, 24;
L_0x5568ca4a5b00 .part v0x5568ca462ba0_17, 0, 24;
L_0x5568ca4a5ba0 .arith/sum 24, L_0x5568ca4a5a60, L_0x5568ca4a5b00;
L_0x5568ca4a5d50 .part v0x5568ca462730_17, 0, 24;
L_0x5568ca4a5df0 .part v0x5568ca462ba0_17, 0, 24;
L_0x5568ca4a5e90 .cmp/gt 24, L_0x5568ca4a5d50, L_0x5568ca4a5df0;
L_0x5568ca4a5f80 .part v0x5568ca462730_17, 0, 24;
L_0x5568ca4a6020 .part v0x5568ca462ba0_17, 0, 24;
L_0x5568ca4a60c0 .arith/sub 24, L_0x5568ca4a5f80, L_0x5568ca4a6020;
L_0x5568ca4a61b0 .part v0x5568ca462ba0_17, 0, 24;
L_0x5568ca4a62c0 .part v0x5568ca462730_17, 0, 24;
L_0x5568ca4a6360 .arith/sub 24, L_0x5568ca4a61b0, L_0x5568ca4a62c0;
L_0x5568ca4a64a0 .functor MUXZ 24, L_0x5568ca4a6360, L_0x5568ca4a60c0, L_0x5568ca4a5e90, C4<>;
L_0x5568ca4a6630 .functor MUXZ 24, L_0x5568ca4a64a0, L_0x5568ca4a5ba0, L_0x5568ca4a3d90, C4<>;
L_0x5568ca4a6850 .concat8 [ 24 1 0 0], L_0x5568ca4a6630, L_0x5568ca4a73e0;
L_0x5568ca4a6990 .part L_0x5568ca4a6850, 0, 24;
L_0x5568ca4a6ad0 .cmp/eq 24, L_0x5568ca4a6990, L_0x7f200fb971d8;
L_0x5568ca4a6c10 .part v0x5568ca462730_17, 0, 24;
L_0x5568ca4a6a30 .part v0x5568ca462ba0_17, 0, 24;
L_0x5568ca4a6d60 .cmp/gt 24, L_0x5568ca4a6a30, L_0x5568ca4a6c10;
L_0x5568ca4a6cb0 .part v0x5568ca462ba0_17, 24, 1;
L_0x5568ca4a7070 .part v0x5568ca462730_17, 24, 1;
L_0x5568ca4a6ea0 .functor MUXZ 1, L_0x5568ca4a7070, L_0x5568ca4a6cb0, L_0x5568ca4a6d60, C4<>;
L_0x5568ca4a73e0 .functor MUXZ 1, L_0x5568ca4a6ea0, L_0x7f200fb97220, L_0x5568ca4a6ad0, C4<>;
S_0x5568ca44cd80 .scope module, "sum_r" "b25_add" 4 72, 5 1 0, S_0x5568ca44a440;
 .timescale 0 0;
    .port_info 0 /INPUT 25 "a";
    .port_info 1 /INPUT 25 "b";
    .port_info 2 /OUTPUT 25 "res";
L_0x5568ca4a2030 .functor XOR 1, L_0x5568ca4a38e0, L_0x5568ca4a39d0, C4<0>, C4<0>;
L_0x5568ca4a1a20 .functor NOT 1, L_0x5568ca4a2030, C4<0>, C4<0>, C4<0>;
v0x5568ca44cf60_0 .net *"_ivl_11", 23 0, L_0x5568ca4a3bb0;  1 drivers
v0x5568ca44d040_0 .net *"_ivl_13", 23 0, L_0x5568ca4a3c50;  1 drivers
v0x5568ca44d120_0 .net *"_ivl_14", 23 0, L_0x5568ca4a3cf0;  1 drivers
v0x5568ca44d210_0 .net *"_ivl_17", 23 0, L_0x5568ca4a3ea0;  1 drivers
v0x5568ca44d2f0_0 .net *"_ivl_19", 23 0, L_0x5568ca4a3f80;  1 drivers
v0x5568ca44d420_0 .net *"_ivl_20", 0 0, L_0x5568ca4a4020;  1 drivers
v0x5568ca44d4e0_0 .net *"_ivl_23", 23 0, L_0x5568ca4a4110;  1 drivers
v0x5568ca44d5c0_0 .net *"_ivl_25", 23 0, L_0x5568ca4a41b0;  1 drivers
v0x5568ca44d6a0_0 .net *"_ivl_26", 23 0, L_0x5568ca4a4250;  1 drivers
v0x5568ca44d780_0 .net *"_ivl_29", 23 0, L_0x5568ca4a4340;  1 drivers
v0x5568ca44d860_0 .net *"_ivl_3", 0 0, L_0x5568ca4a38e0;  1 drivers
v0x5568ca44d940_0 .net *"_ivl_31", 23 0, L_0x5568ca4a4450;  1 drivers
v0x5568ca44da20_0 .net *"_ivl_32", 23 0, L_0x5568ca4a44f0;  1 drivers
v0x5568ca44db00_0 .net *"_ivl_34", 23 0, L_0x5568ca4a4630;  1 drivers
v0x5568ca44dbe0_0 .net *"_ivl_36", 23 0, L_0x5568ca4a47c0;  1 drivers
v0x5568ca44dcc0_0 .net *"_ivl_42", 23 0, L_0x5568ca4a4b20;  1 drivers
L_0x7f200fb97148 .functor BUFT 1, C4<000000000000000000000000>, C4<0>, C4<0>, C4<0>;
v0x5568ca44dda0_0 .net/2u *"_ivl_43", 23 0, L_0x7f200fb97148;  1 drivers
v0x5568ca44df90_0 .net *"_ivl_45", 0 0, L_0x5568ca4a4c60;  1 drivers
L_0x7f200fb97190 .functor BUFT 1, C4<0>, C4<0>, C4<0>, C4<0>;
v0x5568ca44e050_0 .net/2u *"_ivl_47", 0 0, L_0x7f200fb97190;  1 drivers
v0x5568ca44e130_0 .net *"_ivl_5", 0 0, L_0x5568ca4a39d0;  1 drivers
v0x5568ca44e210_0 .net *"_ivl_50", 23 0, L_0x5568ca4a4da0;  1 drivers
v0x5568ca44e2f0_0 .net *"_ivl_52", 23 0, L_0x5568ca4a4bc0;  1 drivers
v0x5568ca44e3d0_0 .net *"_ivl_53", 0 0, L_0x5568ca4a4ef0;  1 drivers
v0x5568ca44e490_0 .net *"_ivl_56", 0 0, L_0x5568ca4a4e40;  1 drivers
v0x5568ca44e570_0 .net *"_ivl_58", 0 0, L_0x5568ca4a5200;  1 drivers
v0x5568ca44e650_0 .net *"_ivl_59", 0 0, L_0x5568ca4a5030;  1 drivers
v0x5568ca44e730_0 .net *"_ivl_6", 0 0, L_0x5568ca4a2030;  1 drivers
v0x5568ca44e810_0 .net *"_ivl_61", 0 0, L_0x5568ca4a5570;  1 drivers
v0x5568ca44e8f0_0 .net *"_ivl_8", 0 0, L_0x5568ca4a1a20;  1 drivers
v0x5568ca462730_16 .array/port v0x5568ca462730, 16;
v0x5568ca44e9d0_0 .net "a", 24 0, v0x5568ca462730_16;  1 drivers
v0x5568ca462ba0_16 .array/port v0x5568ca462ba0, 16;
v0x5568ca44eab0_0 .net "b", 24 0, v0x5568ca462ba0_16;  1 drivers
v0x5568ca44eb90_0 .net "res", 24 0, L_0x5568ca4a49e0;  alias, 1 drivers
L_0x5568ca4a38e0 .part v0x5568ca462730_16, 24, 1;
L_0x5568ca4a39d0 .part v0x5568ca462ba0_16, 24, 1;
L_0x5568ca4a3bb0 .part v0x5568ca462730_16, 0, 24;
L_0x5568ca4a3c50 .part v0x5568ca462ba0_16, 0, 24;
L_0x5568ca4a3cf0 .arith/sum 24, L_0x5568ca4a3bb0, L_0x5568ca4a3c50;
L_0x5568ca4a3ea0 .part v0x5568ca462730_16, 0, 24;
L_0x5568ca4a3f80 .part v0x5568ca462ba0_16, 0, 24;
L_0x5568ca4a4020 .cmp/gt 24, L_0x5568ca4a3ea0, L_0x5568ca4a3f80;
L_0x5568ca4a4110 .part v0x5568ca462730_16, 0, 24;
L_0x5568ca4a41b0 .part v0x5568ca462ba0_16, 0, 24;
L_0x5568ca4a4250 .arith/sub 24, L_0x5568ca4a4110, L_0x5568ca4a41b0;
L_0x5568ca4a4340 .part v0x5568ca462ba0_16, 0, 24;
L_0x5568ca4a4450 .part v0x5568ca462730_16, 0, 24;
L_0x5568ca4a44f0 .arith/sub 24, L_0x5568ca4a4340, L_0x5568ca4a4450;
L_0x5568ca4a4630 .functor MUXZ 24, L_0x5568ca4a44f0, L_0x5568ca4a4250, L_0x5568ca4a4020, C4<>;
L_0x5568ca4a47c0 .functor MUXZ 24, L_0x5568ca4a4630, L_0x5568ca4a3cf0, L_0x5568ca4a1a20, C4<>;
L_0x5568ca4a49e0 .concat8 [ 24 1 0 0], L_0x5568ca4a47c0, L_0x5568ca4a5570;
L_0x5568ca4a4b20 .part L_0x5568ca4a49e0, 0, 24;
L_0x5568ca4a4c60 .cmp/eq 24, L_0x5568ca4a4b20, L_0x7f200fb97148;
L_0x5568ca4a4da0 .part v0x5568ca462730_16, 0, 24;
L_0x5568ca4a4bc0 .part v0x5568ca462ba0_16, 0, 24;
L_0x5568ca4a4ef0 .cmp/gt 24, L_0x5568ca4a4bc0, L_0x5568ca4a4da0;
L_0x5568ca4a4e40 .part v0x5568ca462ba0_16, 24, 1;
L_0x5568ca4a5200 .part v0x5568ca462730_16, 24, 1;
L_0x5568ca4a5030 .functor MUXZ 1, L_0x5568ca4a5200, L_0x5568ca4a4e40, L_0x5568ca4a4ef0, C4<>;
L_0x5568ca4a5570 .functor MUXZ 1, L_0x5568ca4a5030, L_0x7f200fb97190, L_0x5568ca4a4c60, C4<>;
S_0x5568ca44f210 .scope generate, "genblk1[0]" "genblk1[0]" 4 32, 4 32 0, S_0x5568ca2faf60;
 .timescale 0 0;
P_0x5568ca44f410 .param/l "id" 0 4 32, +C4<00>;
L_0x5568ca3d60d0 .functor BUFZ 25, v0x5568ca4645a0_0, C4<0000000000000000000000000>, C4<0000000000000000000000000>, C4<0000000000000000000000000>;
S_0x5568ca44f4f0 .scope generate, "genblk1[1]" "genblk1[1]" 4 32, 4 32 0, S_0x5568ca2faf60;
 .timescale 0 0;
P_0x5568ca44f6d0 .param/l "id" 0 4 32, +C4<01>;
L_0x5568ca3bd960 .functor BUFZ 25, v0x5568ca4645a0_1, C4<0000000000000000000000000>, C4<0000000000000000000000000>, C4<0000000000000000000000000>;
S_0x5568ca44f7b0 .scope generate, "genblk2" "genblk2" 4 37, 4 37 0, S_0x5568ca44f4f0;
 .timescale 0 0;
S_0x5568ca44f990 .scope module, "mul_22" "b25_cmul" 4 39, 6 1 0, S_0x5568ca44f7b0;
 .timescale 0 0;
    .port_info 0 /INPUT 25 "a";
    .port_info 1 /INPUT 25 "con";
    .port_info 2 /OUTPUT 25 "res";
L_0x5568ca3a51f0 .functor XOR 1, L_0x5568ca475b00, L_0x5568ca475ba0, C4<0>, C4<0>;
v0x5568ca44fc00_0 .net *"_ivl_1", 23 0, L_0x5568ca4653b0;  1 drivers
L_0x7f200fb95060 .functor BUFT 1, C4<0000000000000000>, C4<0>, C4<0>, C4<0>;
v0x5568ca44fd00_0 .net *"_ivl_11", 15 0, L_0x7f200fb95060;  1 drivers
L_0x7f200fb950a8 .functor BUFT 1, C4<0000000000000000000000000000000000000000>, C4<0>, C4<0>, C4<0>;
v0x5568ca44fde0_0 .net/2u *"_ivl_16", 39 0, L_0x7f200fb950a8;  1 drivers
v0x5568ca44fea0_0 .net *"_ivl_18", 0 0, L_0x5568ca475950;  1 drivers
v0x5568ca44ff60_0 .net *"_ivl_2", 39 0, L_0x5568ca465480;  1 drivers
L_0x7f200fb950f0 .functor BUFT 1, C4<0>, C4<0>, C4<0>, C4<0>;
v0x5568ca450090_0 .net/2u *"_ivl_20", 0 0, L_0x7f200fb950f0;  1 drivers
v0x5568ca450170_0 .net *"_ivl_23", 0 0, L_0x5568ca475b00;  1 drivers
v0x5568ca450250_0 .net *"_ivl_25", 0 0, L_0x5568ca475ba0;  1 drivers
v0x5568ca450330_0 .net *"_ivl_26", 0 0, L_0x5568ca3a51f0;  1 drivers
v0x5568ca450410_0 .net *"_ivl_28", 0 0, L_0x5568ca475d80;  1 drivers
v0x5568ca4504f0_0 .net *"_ivl_34", 23 0, L_0x5568ca4760b0;  1 drivers
L_0x7f200fb95018 .functor BUFT 1, C4<0000000000000000>, C4<0>, C4<0>, C4<0>;
v0x5568ca4505d0_0 .net *"_ivl_5", 15 0, L_0x7f200fb95018;  1 drivers
v0x5568ca4506b0_0 .net *"_ivl_7", 23 0, L_0x5568ca475560;  1 drivers
v0x5568ca450790_0 .net *"_ivl_8", 39 0, L_0x5568ca475630;  1 drivers
v0x5568ca450870_0 .net "a", 24 0, v0x5568ca4645a0_1;  alias, 1 drivers
L_0x7f200fb95138 .functor BUFT 1, C4<0000000001110110010000100>, C4<0>, C4<0>, C4<0>;
v0x5568ca450950_0 .net "con", 24 0, L_0x7f200fb95138;  1 drivers
v0x5568ca450a30_0 .net "res", 24 0, L_0x5568ca475f10;  alias, 1 drivers
v0x5568ca450c20_0 .net "um", 39 0, L_0x5568ca4757d0;  1 drivers
L_0x5568ca4653b0 .part v0x5568ca4645a0_1, 0, 24;
L_0x5568ca465480 .concat [ 24 16 0 0], L_0x5568ca4653b0, L_0x7f200fb95018;
L_0x5568ca475560 .part L_0x7f200fb95138, 0, 24;
L_0x5568ca475630 .concat [ 24 16 0 0], L_0x5568ca475560, L_0x7f200fb95060;
L_0x5568ca4757d0 .arith/mult 40, L_0x5568ca465480, L_0x5568ca475630;
L_0x5568ca475950 .cmp/eq 40, L_0x5568ca4757d0, L_0x7f200fb950a8;
L_0x5568ca475b00 .part v0x5568ca4645a0_1, 24, 1;
L_0x5568ca475ba0 .part L_0x7f200fb95138, 24, 1;
L_0x5568ca475d80 .functor MUXZ 1, L_0x5568ca3a51f0, L_0x7f200fb950f0, L_0x5568ca475950, C4<>;
L_0x5568ca475f10 .concat8 [ 24 1 0 0], L_0x5568ca4760b0, L_0x5568ca475d80;
L_0x5568ca4760b0 .part L_0x5568ca4757d0, 16, 24;
S_0x5568ca450d80 .scope module, "mul_45" "b25_cmul" 4 45, 6 1 0, S_0x5568ca44f7b0;
 .timescale 0 0;
    .port_info 0 /INPUT 25 "a";
    .port_info 1 /INPUT 25 "con";
    .port_info 2 /OUTPUT 25 "res";
L_0x5568ca38ca80 .functor XOR 1, L_0x5568ca4768e0, L_0x5568ca476a90, C4<0>, C4<0>;
v0x5568ca450f60_0 .net *"_ivl_1", 23 0, L_0x5568ca4761a0;  1 drivers
L_0x7f200fb951c8 .functor BUFT 1, C4<0000000000000000>, C4<0>, C4<0>, C4<0>;
v0x5568ca451060_0 .net *"_ivl_11", 15 0, L_0x7f200fb951c8;  1 drivers
L_0x7f200fb95210 .functor BUFT 1, C4<0000000000000000000000000000000000000000>, C4<0>, C4<0>, C4<0>;
v0x5568ca451140_0 .net/2u *"_ivl_16", 39 0, L_0x7f200fb95210;  1 drivers
v0x5568ca451200_0 .net *"_ivl_18", 0 0, L_0x5568ca4766d0;  1 drivers
v0x5568ca4512c0_0 .net *"_ivl_2", 39 0, L_0x5568ca476240;  1 drivers
L_0x7f200fb95258 .functor BUFT 1, C4<0>, C4<0>, C4<0>, C4<0>;
v0x5568ca4513f0_0 .net/2u *"_ivl_20", 0 0, L_0x7f200fb95258;  1 drivers
v0x5568ca4514d0_0 .net *"_ivl_23", 0 0, L_0x5568ca4768e0;  1 drivers
v0x5568ca4515b0_0 .net *"_ivl_25", 0 0, L_0x5568ca476a90;  1 drivers
v0x5568ca451690_0 .net *"_ivl_26", 0 0, L_0x5568ca38ca80;  1 drivers
v0x5568ca451770_0 .net *"_ivl_28", 0 0, L_0x5568ca476c20;  1 drivers
v0x5568ca451850_0 .net *"_ivl_34", 23 0, L_0x5568ca476f50;  1 drivers
L_0x7f200fb95180 .functor BUFT 1, C4<0000000000000000>, C4<0>, C4<0>, C4<0>;
v0x5568ca451930_0 .net *"_ivl_5", 15 0, L_0x7f200fb95180;  1 drivers
v0x5568ca451a10_0 .net *"_ivl_7", 23 0, L_0x5568ca476380;  1 drivers
v0x5568ca451af0_0 .net *"_ivl_8", 39 0, L_0x5568ca476420;  1 drivers
v0x5568ca451bd0_0 .net "a", 24 0, v0x5568ca4645a0_1;  alias, 1 drivers
L_0x7f200fb952a0 .functor BUFT 1, C4<0000000001011010100000101>, C4<0>, C4<0>, C4<0>;
v0x5568ca451c90_0 .net "con", 24 0, L_0x7f200fb952a0;  1 drivers
v0x5568ca451d50_0 .net "res", 24 0, L_0x5568ca476db0;  alias, 1 drivers
v0x5568ca451f40_0 .net "um", 39 0, L_0x5568ca476590;  1 drivers
L_0x5568ca4761a0 .part v0x5568ca4645a0_1, 0, 24;
L_0x5568ca476240 .concat [ 24 16 0 0], L_0x5568ca4761a0, L_0x7f200fb95180;
L_0x5568ca476380 .part L_0x7f200fb952a0, 0, 24;
L_0x5568ca476420 .concat [ 24 16 0 0], L_0x5568ca476380, L_0x7f200fb951c8;
L_0x5568ca476590 .arith/mult 40, L_0x5568ca476240, L_0x5568ca476420;
L_0x5568ca4766d0 .cmp/eq 40, L_0x5568ca476590, L_0x7f200fb95210;
L_0x5568ca4768e0 .part v0x5568ca4645a0_1, 24, 1;
L_0x5568ca476a90 .part L_0x7f200fb952a0, 24, 1;
L_0x5568ca476c20 .functor MUXZ 1, L_0x5568ca38ca80, L_0x7f200fb95258, L_0x5568ca4766d0, C4<>;
L_0x5568ca476db0 .concat8 [ 24 1 0 0], L_0x5568ca476f50, L_0x5568ca476c20;
L_0x5568ca476f50 .part L_0x5568ca476590, 16, 24;
S_0x5568ca4520a0 .scope module, "mul_67" "b25_cmul" 4 51, 6 1 0, S_0x5568ca44f7b0;
 .timescale 0 0;
    .port_info 0 /INPUT 25 "a";
    .port_info 1 /INPUT 25 "con";
    .port_info 2 /OUTPUT 25 "res";
L_0x5568ca374310 .functor XOR 1, L_0x5568ca477670, L_0x5568ca477710, C4<0>, C4<0>;
v0x5568ca4522b0_0 .net *"_ivl_1", 23 0, L_0x5568ca476ff0;  1 drivers
L_0x7f200fb95330 .functor BUFT 1, C4<0000000000000000>, C4<0>, C4<0>, C4<0>;
v0x5568ca452390_0 .net *"_ivl_11", 15 0, L_0x7f200fb95330;  1 drivers
L_0x7f200fb95378 .functor BUFT 1, C4<0000000000000000000000000000000000000000>, C4<0>, C4<0>, C4<0>;
v0x5568ca452470_0 .net/2u *"_ivl_16", 39 0, L_0x7f200fb95378;  1 drivers
v0x5568ca452560_0 .net *"_ivl_18", 0 0, L_0x5568ca4774f0;  1 drivers
v0x5568ca452620_0 .net *"_ivl_2", 39 0, L_0x5568ca477090;  1 drivers
L_0x7f200fb953c0 .functor BUFT 1, C4<0>, C4<0>, C4<0>, C4<0>;
v0x5568ca452750_0 .net/2u *"_ivl_20", 0 0, L_0x7f200fb953c0;  1 drivers
v0x5568ca452830_0 .net *"_ivl_23", 0 0, L_0x5568ca477670;  1 drivers
v0x5568ca452910_0 .net *"_ivl_25", 0 0, L_0x5568ca477710;  1 drivers
v0x5568ca4529f0_0 .net *"_ivl_26", 0 0, L_0x5568ca374310;  1 drivers
v0x5568ca452ad0_0 .net *"_ivl_28", 0 0, L_0x5568ca4778f0;  1 drivers
v0x5568ca452bb0_0 .net *"_ivl_34", 23 0, L_0x5568ca477c20;  1 drivers
L_0x7f200fb952e8 .functor BUFT 1, C4<0000000000000000>, C4<0>, C4<0>, C4<0>;
v0x5568ca452c90_0 .net *"_ivl_5", 15 0, L_0x7f200fb952e8;  1 drivers
v0x5568ca452d70_0 .net *"_ivl_7", 23 0, L_0x5568ca4771d0;  1 drivers
v0x5568ca452e50_0 .net *"_ivl_8", 39 0, L_0x5568ca477270;  1 drivers
v0x5568ca452f30_0 .net "a", 24 0, v0x5568ca4645a0_1;  alias, 1 drivers
L_0x7f200fb95408 .functor BUFT 1, C4<0000000000110000111111000>, C4<0>, C4<0>, C4<0>;
v0x5568ca452ff0_0 .net "con", 24 0, L_0x7f200fb95408;  1 drivers
v0x5568ca4530d0_0 .net "res", 24 0, L_0x5568ca477a80;  alias, 1 drivers
v0x5568ca4532c0_0 .net "um", 39 0, L_0x5568ca4773b0;  1 drivers
L_0x5568ca476ff0 .part v0x5568ca4645a0_1, 0, 24;
L_0x5568ca477090 .concat [ 24 16 0 0], L_0x5568ca476ff0, L_0x7f200fb952e8;
L_0x5568ca4771d0 .part L_0x7f200fb95408, 0, 24;
L_0x5568ca477270 .concat [ 24 16 0 0], L_0x5568ca4771d0, L_0x7f200fb95330;
L_0x5568ca4773b0 .arith/mult 40, L_0x5568ca477090, L_0x5568ca477270;
L_0x5568ca4774f0 .cmp/eq 40, L_0x5568ca4773b0, L_0x7f200fb95378;
L_0x5568ca477670 .part v0x5568ca4645a0_1, 24, 1;
L_0x5568ca477710 .part L_0x7f200fb95408, 24, 1;
L_0x5568ca4778f0 .functor MUXZ 1, L_0x5568ca374310, L_0x7f200fb953c0, L_0x5568ca4774f0, C4<>;
L_0x5568ca477a80 .concat8 [ 24 1 0 0], L_0x5568ca477c20, L_0x5568ca4778f0;
L_0x5568ca477c20 .part L_0x5568ca4773b0, 16, 24;
S_0x5568ca453420 .scope generate, "genblk1[2]" "genblk1[2]" 4 32, 4 32 0, S_0x5568ca2faf60;
 .timescale 0 0;
P_0x5568ca453600 .param/l "id" 0 4 32, +C4<010>;
L_0x5568ca35bba0 .functor BUFZ 25, v0x5568ca4645a0_2, C4<0000000000000000000000000>, C4<0000000000000000000000000>, C4<0000000000000000000000000>;
S_0x5568ca4536e0 .scope generate, "genblk3" "genblk3" 4 58, 4 58 0, S_0x5568ca453420;
 .timescale 0 0;
S_0x5568ca4538c0 .scope module, "mul_45" "b25_cmul" 4 59, 6 1 0, S_0x5568ca4536e0;
 .timescale 0 0;
    .port_info 0 /INPUT 25 "a";
    .port_info 1 /INPUT 25 "con";
    .port_info 2 /OUTPUT 25 "res";
L_0x5568ca410880 .functor XOR 1, L_0x5568ca4784a0, L_0x5568ca478540, C4<0>, C4<0>;
v0x5568ca453b30_0 .net *"_ivl_1", 23 0, L_0x5568ca477d10;  1 drivers
L_0x7f200fb95498 .functor BUFT 1, C4<0000000000000000>, C4<0>, C4<0>, C4<0>;
v0x5568ca453c30_0 .net *"_ivl_11", 15 0, L_0x7f200fb95498;  1 drivers
L_0x7f200fb954e0 .functor BUFT 1, C4<0000000000000000000000000000000000000000>, C4<0>, C4<0>, C4<0>;
v0x5568ca453d10_0 .net/2u *"_ivl_16", 39 0, L_0x7f200fb954e0;  1 drivers
v0x5568ca453dd0_0 .net *"_ivl_18", 0 0, L_0x5568ca478320;  1 drivers
v0x5568ca453e90_0 .net *"_ivl_2", 39 0, L_0x5568ca477db0;  1 drivers
L_0x7f200fb95528 .functor BUFT 1, C4<0>, C4<0>, C4<0>, C4<0>;
v0x5568ca453fc0_0 .net/2u *"_ivl_20", 0 0, L_0x7f200fb95528;  1 drivers
v0x5568ca4540a0_0 .net *"_ivl_23", 0 0, L_0x5568ca4784a0;  1 drivers
v0x5568ca454180_0 .net *"_ivl_25", 0 0, L_0x5568ca478540;  1 drivers
v0x5568ca454260_0 .net *"_ivl_26", 0 0, L_0x5568ca410880;  1 drivers
v0x5568ca454340_0 .net *"_ivl_28", 0 0, L_0x5568ca4786d0;  1 drivers
v0x5568ca454420_0 .net *"_ivl_34", 23 0, L_0x5568ca478a00;  1 drivers
L_0x7f200fb95450 .functor BUFT 1, C4<0000000000000000>, C4<0>, C4<0>, C4<0>;
v0x5568ca454500_0 .net *"_ivl_5", 15 0, L_0x7f200fb95450;  1 drivers
v0x5568ca4545e0_0 .net *"_ivl_7", 23 0, L_0x5568ca477ef0;  1 drivers
v0x5568ca4546c0_0 .net *"_ivl_8", 39 0, L_0x5568ca477f90;  1 drivers
v0x5568ca4547a0_0 .net "a", 24 0, v0x5568ca4645a0_2;  alias, 1 drivers
L_0x7f200fb95570 .functor BUFT 1, C4<0000000001011010100000101>, C4<0>, C4<0>, C4<0>;
v0x5568ca454880_0 .net "con", 24 0, L_0x7f200fb95570;  1 drivers
v0x5568ca454960_0 .net "res", 24 0, L_0x5568ca478860;  alias, 1 drivers
v0x5568ca454b50_0 .net "um", 39 0, L_0x5568ca4781e0;  1 drivers
L_0x5568ca477d10 .part v0x5568ca4645a0_2, 0, 24;
L_0x5568ca477db0 .concat [ 24 16 0 0], L_0x5568ca477d10, L_0x7f200fb95450;
L_0x5568ca477ef0 .part L_0x7f200fb95570, 0, 24;
L_0x5568ca477f90 .concat [ 24 16 0 0], L_0x5568ca477ef0, L_0x7f200fb95498;
L_0x5568ca4781e0 .arith/mult 40, L_0x5568ca477db0, L_0x5568ca477f90;
L_0x5568ca478320 .cmp/eq 40, L_0x5568ca4781e0, L_0x7f200fb954e0;
L_0x5568ca4784a0 .part v0x5568ca4645a0_2, 24, 1;
L_0x5568ca478540 .part L_0x7f200fb95570, 24, 1;
L_0x5568ca4786d0 .functor MUXZ 1, L_0x5568ca410880, L_0x7f200fb95528, L_0x5568ca478320, C4<>;
L_0x5568ca478860 .concat8 [ 24 1 0 0], L_0x5568ca478a00, L_0x5568ca4786d0;
L_0x5568ca478a00 .part L_0x5568ca4781e0, 16, 24;
S_0x5568ca454cb0 .scope generate, "genblk1[3]" "genblk1[3]" 4 32, 4 32 0, S_0x5568ca2faf60;
 .timescale 0 0;
P_0x5568ca454e40 .param/l "id" 0 4 32, +C4<011>;
L_0x5568ca478aa0 .functor BUFZ 25, v0x5568ca4645a0_3, C4<0000000000000000000000000>, C4<0000000000000000000000000>, C4<0000000000000000000000000>;
S_0x5568ca454f20 .scope generate, "genblk2" "genblk2" 4 37, 4 37 0, S_0x5568ca454cb0;
 .timescale 0 0;
S_0x5568ca455100 .scope module, "mul_22" "b25_cmul" 4 39, 6 1 0, S_0x5568ca454f20;
 .timescale 0 0;
    .port_info 0 /INPUT 25 "a";
    .port_info 1 /INPUT 25 "con";
    .port_info 2 /OUTPUT 25 "res";
L_0x5568ca4792e0 .functor XOR 1, L_0x5568ca479100, L_0x5568ca4791a0, C4<0>, C4<0>;
v0x5568ca455370_0 .net *"_ivl_1", 23 0, L_0x5568ca478b10;  1 drivers
L_0x7f200fb95600 .functor BUFT 1, C4<0000000000000000>, C4<0>, C4<0>, C4<0>;
v0x5568ca455470_0 .net *"_ivl_11", 15 0, L_0x7f200fb95600;  1 drivers
L_0x7f200fb95648 .functor BUFT 1, C4<0000000000000000000000000000000000000000>, C4<0>, C4<0>, C4<0>;
v0x5568ca455550_0 .net/2u *"_ivl_16", 39 0, L_0x7f200fb95648;  1 drivers
v0x5568ca455610_0 .net *"_ivl_18", 0 0, L_0x5568ca478fc0;  1 drivers
v0x5568ca4556d0_0 .net *"_ivl_2", 39 0, L_0x5568ca478bb0;  1 drivers
L_0x7f200fb95690 .functor BUFT 1, C4<0>, C4<0>, C4<0>, C4<0>;
v0x5568ca455800_0 .net/2u *"_ivl_20", 0 0, L_0x7f200fb95690;  1 drivers
v0x5568ca4558e0_0 .net *"_ivl_23", 0 0, L_0x5568ca479100;  1 drivers
v0x5568ca4559c0_0 .net *"_ivl_25", 0 0, L_0x5568ca4791a0;  1 drivers
v0x5568ca455aa0_0 .net *"_ivl_26", 0 0, L_0x5568ca4792e0;  1 drivers
v0x5568ca455b80_0 .net *"_ivl_28", 0 0, L_0x5568ca4793f0;  1 drivers
v0x5568ca455c60_0 .net *"_ivl_34", 23 0, L_0x5568ca479720;  1 drivers
L_0x7f200fb955b8 .functor BUFT 1, C4<0000000000000000>, C4<0>, C4<0>, C4<0>;
v0x5568ca455d40_0 .net *"_ivl_5", 15 0, L_0x7f200fb955b8;  1 drivers
v0x5568ca455e20_0 .net *"_ivl_7", 23 0, L_0x5568ca478ca0;  1 drivers
v0x5568ca455f00_0 .net *"_ivl_8", 39 0, L_0x5568ca478d40;  1 drivers
v0x5568ca455fe0_0 .net "a", 24 0, v0x5568ca4645a0_3;  alias, 1 drivers
L_0x7f200fb956d8 .functor BUFT 1, C4<0000000001110110010000100>, C4<0>, C4<0>, C4<0>;
v0x5568ca4560c0_0 .net "con", 24 0, L_0x7f200fb956d8;  1 drivers
v0x5568ca4561a0_0 .net "res", 24 0, L_0x5568ca479580;  alias, 1 drivers
v0x5568ca456390_0 .net "um", 39 0, L_0x5568ca478e80;  1 drivers
L_0x5568ca478b10 .part v0x5568ca4645a0_3, 0, 24;
L_0x5568ca478bb0 .concat [ 24 16 0 0], L_0x5568ca478b10, L_0x7f200fb955b8;
L_0x5568ca478ca0 .part L_0x7f200fb956d8, 0, 24;
L_0x5568ca478d40 .concat [ 24 16 0 0], L_0x5568ca478ca0, L_0x7f200fb95600;
L_0x5568ca478e80 .arith/mult 40, L_0x5568ca478bb0, L_0x5568ca478d40;
L_0x5568ca478fc0 .cmp/eq 40, L_0x5568ca478e80, L_0x7f200fb95648;
L_0x5568ca479100 .part v0x5568ca4645a0_3, 24, 1;
L_0x5568ca4791a0 .part L_0x7f200fb956d8, 24, 1;
L_0x5568ca4793f0 .functor MUXZ 1, L_0x5568ca4792e0, L_0x7f200fb95690, L_0x5568ca478fc0, C4<>;
L_0x5568ca479580 .concat8 [ 24 1 0 0], L_0x5568ca479720, L_0x5568ca4793f0;
L_0x5568ca479720 .part L_0x5568ca478e80, 16, 24;
S_0x5568ca4564f0 .scope module, "mul_45" "b25_cmul" 4 45, 6 1 0, S_0x5568ca454f20;
 .timescale 0 0;
    .port_info 0 /INPUT 25 "a";
    .port_info 1 /INPUT 25 "con";
    .port_info 2 /OUTPUT 25 "res";
L_0x5568ca47a0f0 .functor XOR 1, L_0x5568ca479e00, L_0x5568ca479fb0, C4<0>, C4<0>;
v0x5568ca4566d0_0 .net *"_ivl_1", 23 0, L_0x5568ca4797c0;  1 drivers
L_0x7f200fb95768 .functor BUFT 1, C4<0000000000000000>, C4<0>, C4<0>, C4<0>;
v0x5568ca4567d0_0 .net *"_ivl_11", 15 0, L_0x7f200fb95768;  1 drivers
L_0x7f200fb957b0 .functor BUFT 1, C4<0000000000000000000000000000000000000000>, C4<0>, C4<0>, C4<0>;
v0x5568ca4568b0_0 .net/2u *"_ivl_16", 39 0, L_0x7f200fb957b0;  1 drivers
v0x5568ca456970_0 .net *"_ivl_18", 0 0, L_0x5568ca479cc0;  1 drivers
v0x5568ca456a30_0 .net *"_ivl_2", 39 0, L_0x5568ca479860;  1 drivers
L_0x7f200fb957f8 .functor BUFT 1, C4<0>, C4<0>, C4<0>, C4<0>;
v0x5568ca456b60_0 .net/2u *"_ivl_20", 0 0, L_0x7f200fb957f8;  1 drivers
v0x5568ca456c40_0 .net *"_ivl_23", 0 0, L_0x5568ca479e00;  1 drivers
v0x5568ca456d20_0 .net *"_ivl_25", 0 0, L_0x5568ca479fb0;  1 drivers
v0x5568ca456e00_0 .net *"_ivl_26", 0 0, L_0x5568ca47a0f0;  1 drivers
v0x5568ca456ee0_0 .net *"_ivl_28", 0 0, L_0x5568ca47a200;  1 drivers
v0x5568ca456fc0_0 .net *"_ivl_34", 23 0, L_0x5568ca47a530;  1 drivers
L_0x7f200fb95720 .functor BUFT 1, C4<0000000000000000>, C4<0>, C4<0>, C4<0>;
v0x5568ca4570a0_0 .net *"_ivl_5", 15 0, L_0x7f200fb95720;  1 drivers
v0x5568ca457180_0 .net *"_ivl_7", 23 0, L_0x5568ca4799a0;  1 drivers
v0x5568ca457260_0 .net *"_ivl_8", 39 0, L_0x5568ca479a40;  1 drivers
v0x5568ca457340_0 .net "a", 24 0, v0x5568ca4645a0_3;  alias, 1 drivers
L_0x7f200fb95840 .functor BUFT 1, C4<0000000001011010100000101>, C4<0>, C4<0>, C4<0>;
v0x5568ca457400_0 .net "con", 24 0, L_0x7f200fb95840;  1 drivers
v0x5568ca4574c0_0 .net "res", 24 0, L_0x5568ca47a390;  alias, 1 drivers
v0x5568ca4576b0_0 .net "um", 39 0, L_0x5568ca479b80;  1 drivers
L_0x5568ca4797c0 .part v0x5568ca4645a0_3, 0, 24;
L_0x5568ca479860 .concat [ 24 16 0 0], L_0x5568ca4797c0, L_0x7f200fb95720;
L_0x5568ca4799a0 .part L_0x7f200fb95840, 0, 24;
L_0x5568ca479a40 .concat [ 24 16 0 0], L_0x5568ca4799a0, L_0x7f200fb95768;
L_0x5568ca479b80 .arith/mult 40, L_0x5568ca479860, L_0x5568ca479a40;
L_0x5568ca479cc0 .cmp/eq 40, L_0x5568ca479b80, L_0x7f200fb957b0;
L_0x5568ca479e00 .part v0x5568ca4645a0_3, 24, 1;
L_0x5568ca479fb0 .part L_0x7f200fb95840, 24, 1;
L_0x5568ca47a200 .functor MUXZ 1, L_0x5568ca47a0f0, L_0x7f200fb957f8, L_0x5568ca479cc0, C4<>;
L_0x5568ca47a390 .concat8 [ 24 1 0 0], L_0x5568ca47a530, L_0x5568ca47a200;
L_0x5568ca47a530 .part L_0x5568ca479b80, 16, 24;
S_0x5568ca457810 .scope module, "mul_67" "b25_cmul" 4 51, 6 1 0, S_0x5568ca454f20;
 .timescale 0 0;
    .port_info 0 /INPUT 25 "a";
    .port_info 1 /INPUT 25 "con";
    .port_info 2 /OUTPUT 25 "res";
L_0x5568ca47b000 .functor XOR 1, L_0x5568ca47ae20, L_0x5568ca47aec0, C4<0>, C4<0>;
v0x5568ca4579f0_0 .net *"_ivl_1", 23 0, L_0x5568ca47a5d0;  1 drivers
L_0x7f200fb958d0 .functor BUFT 1, C4<0000000000000000>, C4<0>, C4<0>, C4<0>;
v0x5568ca457ad0_0 .net *"_ivl_11", 15 0, L_0x7f200fb958d0;  1 drivers
L_0x7f200fb95918 .functor BUFT 1, C4<0000000000000000000000000000000000000000>, C4<0>, C4<0>, C4<0>;
v0x5568ca457bb0_0 .net/2u *"_ivl_16", 39 0, L_0x7f200fb95918;  1 drivers
v0x5568ca457ca0_0 .net *"_ivl_18", 0 0, L_0x5568ca47ace0;  1 drivers
v0x5568ca457d60_0 .net *"_ivl_2", 39 0, L_0x5568ca47a670;  1 drivers
L_0x7f200fb95960 .functor BUFT 1, C4<0>, C4<0>, C4<0>, C4<0>;
v0x5568ca457e90_0 .net/2u *"_ivl_20", 0 0, L_0x7f200fb95960;  1 drivers
v0x5568ca457f70_0 .net *"_ivl_23", 0 0, L_0x5568ca47ae20;  1 drivers
v0x5568ca458050_0 .net *"_ivl_25", 0 0, L_0x5568ca47aec0;  1 drivers
v0x5568ca458130_0 .net *"_ivl_26", 0 0, L_0x5568ca47b000;  1 drivers
v0x5568ca458210_0 .net *"_ivl_28", 0 0, L_0x5568ca47b110;  1 drivers
v0x5568ca4582f0_0 .net *"_ivl_34", 23 0, L_0x5568ca47b440;  1 drivers
L_0x7f200fb95888 .functor BUFT 1, C4<0000000000000000>, C4<0>, C4<0>, C4<0>;
v0x5568ca4583d0_0 .net *"_ivl_5", 15 0, L_0x7f200fb95888;  1 drivers
v0x5568ca4584b0_0 .net *"_ivl_7", 23 0, L_0x5568ca47a7b0;  1 drivers
v0x5568ca458590_0 .net *"_ivl_8", 39 0, L_0x5568ca47a850;  1 drivers
v0x5568ca458670_0 .net "a", 24 0, v0x5568ca4645a0_3;  alias, 1 drivers
L_0x7f200fb959a8 .functor BUFT 1, C4<0000000000110000111111000>, C4<0>, C4<0>, C4<0>;
v0x5568ca458730_0 .net "con", 24 0, L_0x7f200fb959a8;  1 drivers
v0x5568ca458810_0 .net "res", 24 0, L_0x5568ca47b2a0;  alias, 1 drivers
v0x5568ca458a00_0 .net "um", 39 0, L_0x5568ca47a990;  1 drivers
L_0x5568ca47a5d0 .part v0x5568ca4645a0_3, 0, 24;
L_0x5568ca47a670 .concat [ 24 16 0 0], L_0x5568ca47a5d0, L_0x7f200fb95888;
L_0x5568ca47a7b0 .part L_0x7f200fb959a8, 0, 24;
L_0x5568ca47a850 .concat [ 24 16 0 0], L_0x5568ca47a7b0, L_0x7f200fb958d0;
L_0x5568ca47a990 .arith/mult 40, L_0x5568ca47a670, L_0x5568ca47a850;
L_0x5568ca47ace0 .cmp/eq 40, L_0x5568ca47a990, L_0x7f200fb95918;
L_0x5568ca47ae20 .part v0x5568ca4645a0_3, 24, 1;
L_0x5568ca47aec0 .part L_0x7f200fb959a8, 24, 1;
L_0x5568ca47b110 .functor MUXZ 1, L_0x5568ca47b000, L_0x7f200fb95960, L_0x5568ca47ace0, C4<>;
L_0x5568ca47b2a0 .concat8 [ 24 1 0 0], L_0x5568ca47b440, L_0x5568ca47b110;
L_0x5568ca47b440 .part L_0x5568ca47a990, 16, 24;
S_0x5568ca458b60 .scope generate, "genblk1[4]" "genblk1[4]" 4 32, 4 32 0, S_0x5568ca2faf60;
 .timescale 0 0;
P_0x5568ca458d40 .param/l "id" 0 4 32, +C4<0100>;
L_0x5568ca47b4e0 .functor BUFZ 25, v0x5568ca4645a0_4, C4<0000000000000000000000000>, C4<0000000000000000000000000>, C4<0000000000000000000000000>;
S_0x5568ca458e20 .scope generate, "genblk1[5]" "genblk1[5]" 4 32, 4 32 0, S_0x5568ca2faf60;
 .timescale 0 0;
P_0x5568ca459000 .param/l "id" 0 4 32, +C4<0101>;
L_0x5568ca47b550 .functor BUFZ 25, v0x5568ca4645a0_5, C4<0000000000000000000000000>, C4<0000000000000000000000000>, C4<0000000000000000000000000>;
S_0x5568ca4590e0 .scope generate, "genblk2" "genblk2" 4 37, 4 37 0, S_0x5568ca458e20;
 .timescale 0 0;
S_0x5568ca4592c0 .scope module, "mul_22" "b25_cmul" 4 39, 6 1 0, S_0x5568ca4590e0;
 .timescale 0 0;
    .port_info 0 /INPUT 25 "a";
    .port_info 1 /INPUT 25 "con";
    .port_info 2 /OUTPUT 25 "res";
L_0x5568ca47bd90 .functor XOR 1, L_0x5568ca47bbb0, L_0x5568ca47bc50, C4<0>, C4<0>;
v0x5568ca459530_0 .net *"_ivl_1", 23 0, L_0x5568ca47b5c0;  1 drivers
L_0x7f200fb95a38 .functor BUFT 1, C4<0000000000000000>, C4<0>, C4<0>, C4<0>;
v0x5568ca459630_0 .net *"_ivl_11", 15 0, L_0x7f200fb95a38;  1 drivers
L_0x7f200fb95a80 .functor BUFT 1, C4<0000000000000000000000000000000000000000>, C4<0>, C4<0>, C4<0>;
v0x5568ca459710_0 .net/2u *"_ivl_16", 39 0, L_0x7f200fb95a80;  1 drivers
v0x5568ca4597d0_0 .net *"_ivl_18", 0 0, L_0x5568ca47ba70;  1 drivers
v0x5568ca459890_0 .net *"_ivl_2", 39 0, L_0x5568ca47b660;  1 drivers
L_0x7f200fb95ac8 .functor BUFT 1, C4<0>, C4<0>, C4<0>, C4<0>;
v0x5568ca4599c0_0 .net/2u *"_ivl_20", 0 0, L_0x7f200fb95ac8;  1 drivers
v0x5568ca459aa0_0 .net *"_ivl_23", 0 0, L_0x5568ca47bbb0;  1 drivers
v0x5568ca459b80_0 .net *"_ivl_25", 0 0, L_0x5568ca47bc50;  1 drivers
v0x5568ca459c60_0 .net *"_ivl_26", 0 0, L_0x5568ca47bd90;  1 drivers
v0x5568ca459d40_0 .net *"_ivl_28", 0 0, L_0x5568ca47bea0;  1 drivers
v0x5568ca459e20_0 .net *"_ivl_34", 23 0, L_0x5568ca47c1d0;  1 drivers
L_0x7f200fb959f0 .functor BUFT 1, C4<0000000000000000>, C4<0>, C4<0>, C4<0>;
v0x5568ca459f00_0 .net *"_ivl_5", 15 0, L_0x7f200fb959f0;  1 drivers
v0x5568ca459fe0_0 .net *"_ivl_7", 23 0, L_0x5568ca47b750;  1 drivers
v0x5568ca45a0c0_0 .net *"_ivl_8", 39 0, L_0x5568ca47b7f0;  1 drivers
v0x5568ca45a1a0_0 .net "a", 24 0, v0x5568ca4645a0_5;  alias, 1 drivers
L_0x7f200fb95b10 .functor BUFT 1, C4<0000000001110110010000100>, C4<0>, C4<0>, C4<0>;
v0x5568ca45a280_0 .net "con", 24 0, L_0x7f200fb95b10;  1 drivers
v0x5568ca45a360_0 .net "res", 24 0, L_0x5568ca47c030;  alias, 1 drivers
v0x5568ca45a550_0 .net "um", 39 0, L_0x5568ca47b930;  1 drivers
L_0x5568ca47b5c0 .part v0x5568ca4645a0_5, 0, 24;
L_0x5568ca47b660 .concat [ 24 16 0 0], L_0x5568ca47b5c0, L_0x7f200fb959f0;
L_0x5568ca47b750 .part L_0x7f200fb95b10, 0, 24;
L_0x5568ca47b7f0 .concat [ 24 16 0 0], L_0x5568ca47b750, L_0x7f200fb95a38;
L_0x5568ca47b930 .arith/mult 40, L_0x5568ca47b660, L_0x5568ca47b7f0;
L_0x5568ca47ba70 .cmp/eq 40, L_0x5568ca47b930, L_0x7f200fb95a80;
L_0x5568ca47bbb0 .part v0x5568ca4645a0_5, 24, 1;
L_0x5568ca47bc50 .part L_0x7f200fb95b10, 24, 1;
L_0x5568ca47bea0 .functor MUXZ 1, L_0x5568ca47bd90, L_0x7f200fb95ac8, L_0x5568ca47ba70, C4<>;
L_0x5568ca47c030 .concat8 [ 24 1 0 0], L_0x5568ca47c1d0, L_0x5568ca47bea0;
L_0x5568ca47c1d0 .part L_0x5568ca47b930, 16, 24;
S_0x5568ca45a6b0 .scope module, "mul_45" "b25_cmul" 4 45, 6 1 0, S_0x5568ca4590e0;
 .timescale 0 0;
    .port_info 0 /INPUT 25 "a";
    .port_info 1 /INPUT 25 "con";
    .port_info 2 /OUTPUT 25 "res";
L_0x5568ca47ca90 .functor XOR 1, L_0x5568ca47c8b0, L_0x5568ca47c950, C4<0>, C4<0>;
v0x5568ca45a890_0 .net *"_ivl_1", 23 0, L_0x5568ca47c270;  1 drivers
L_0x7f200fb95ba0 .functor BUFT 1, C4<0000000000000000>, C4<0>, C4<0>, C4<0>;
v0x5568ca45a990_0 .net *"_ivl_11", 15 0, L_0x7f200fb95ba0;  1 drivers
L_0x7f200fb95be8 .functor BUFT 1, C4<0000000000000000000000000000000000000000>, C4<0>, C4<0>, C4<0>;
v0x5568ca45aa70_0 .net/2u *"_ivl_16", 39 0, L_0x7f200fb95be8;  1 drivers
v0x5568ca45ab30_0 .net *"_ivl_18", 0 0, L_0x5568ca47c770;  1 drivers
v0x5568ca45abf0_0 .net *"_ivl_2", 39 0, L_0x5568ca47c310;  1 drivers
L_0x7f200fb95c30 .functor BUFT 1, C4<0>, C4<0>, C4<0>, C4<0>;
v0x5568ca45ad20_0 .net/2u *"_ivl_20", 0 0, L_0x7f200fb95c30;  1 drivers
v0x5568ca45ae00_0 .net *"_ivl_23", 0 0, L_0x5568ca47c8b0;  1 drivers
v0x5568ca45aee0_0 .net *"_ivl_25", 0 0, L_0x5568ca47c950;  1 drivers
v0x5568ca45afc0_0 .net *"_ivl_26", 0 0, L_0x5568ca47ca90;  1 drivers
v0x5568ca45b0a0_0 .net *"_ivl_28", 0 0, L_0x5568ca47cba0;  1 drivers
v0x5568ca45b180_0 .net *"_ivl_34", 23 0, L_0x5568ca47ced0;  1 drivers
L_0x7f200fb95b58 .functor BUFT 1, C4<0000000000000000>, C4<0>, C4<0>, C4<0>;
v0x5568ca45b260_0 .net *"_ivl_5", 15 0, L_0x7f200fb95b58;  1 drivers
v0x5568ca45b340_0 .net *"_ivl_7", 23 0, L_0x5568ca47c450;  1 drivers
v0x5568ca45b420_0 .net *"_ivl_8", 39 0, L_0x5568ca47c4f0;  1 drivers
v0x5568ca45b500_0 .net "a", 24 0, v0x5568ca4645a0_5;  alias, 1 drivers
L_0x7f200fb95c78 .functor BUFT 1, C4<0000000001011010100000101>, C4<0>, C4<0>, C4<0>;
v0x5568ca45b5c0_0 .net "con", 24 0, L_0x7f200fb95c78;  1 drivers
v0x5568ca45b680_0 .net "res", 24 0, L_0x5568ca47cd30;  alias, 1 drivers
v0x5568ca45b870_0 .net "um", 39 0, L_0x5568ca47c630;  1 drivers
L_0x5568ca47c270 .part v0x5568ca4645a0_5, 0, 24;
L_0x5568ca47c310 .concat [ 24 16 0 0], L_0x5568ca47c270, L_0x7f200fb95b58;
L_0x5568ca47c450 .part L_0x7f200fb95c78, 0, 24;
L_0x5568ca47c4f0 .concat [ 24 16 0 0], L_0x5568ca47c450, L_0x7f200fb95ba0;
L_0x5568ca47c630 .arith/mult 40, L_0x5568ca47c310, L_0x5568ca47c4f0;
L_0x5568ca47c770 .cmp/eq 40, L_0x5568ca47c630, L_0x7f200fb95be8;
L_0x5568ca47c8b0 .part v0x5568ca4645a0_5, 24, 1;
L_0x5568ca47c950 .part L_0x7f200fb95c78, 24, 1;
L_0x5568ca47cba0 .functor MUXZ 1, L_0x5568ca47ca90, L_0x7f200fb95c30, L_0x5568ca47c770, C4<>;
L_0x5568ca47cd30 .concat8 [ 24 1 0 0], L_0x5568ca47ced0, L_0x5568ca47cba0;
L_0x5568ca47ced0 .part L_0x5568ca47c630, 16, 24;
S_0x5568ca45b9d0 .scope module, "mul_67" "b25_cmul" 4 51, 6 1 0, S_0x5568ca4590e0;
 .timescale 0 0;
    .port_info 0 /INPUT 25 "a";
    .port_info 1 /INPUT 25 "con";
    .port_info 2 /OUTPUT 25 "res";
L_0x5568ca47d790 .functor XOR 1, L_0x5568ca47d5b0, L_0x5568ca47d650, C4<0>, C4<0>;
v0x5568ca45bbb0_0 .net *"_ivl_1", 23 0, L_0x5568ca47cf70;  1 drivers
L_0x7f200fb95d08 .functor BUFT 1, C4<0000000000000000>, C4<0>, C4<0>, C4<0>;
v0x5568ca45bc90_0 .net *"_ivl_11", 15 0, L_0x7f200fb95d08;  1 drivers
L_0x7f200fb95d50 .functor BUFT 1, C4<0000000000000000000000000000000000000000>, C4<0>, C4<0>, C4<0>;
v0x5568ca45bd70_0 .net/2u *"_ivl_16", 39 0, L_0x7f200fb95d50;  1 drivers
v0x5568ca45be60_0 .net *"_ivl_18", 0 0, L_0x5568ca47d470;  1 drivers
v0x5568ca45bf20_0 .net *"_ivl_2", 39 0, L_0x5568ca47d010;  1 drivers
L_0x7f200fb95d98 .functor BUFT 1, C4<0>, C4<0>, C4<0>, C4<0>;
v0x5568ca45c050_0 .net/2u *"_ivl_20", 0 0, L_0x7f200fb95d98;  1 drivers
v0x5568ca45c130_0 .net *"_ivl_23", 0 0, L_0x5568ca47d5b0;  1 drivers
v0x5568ca45c210_0 .net *"_ivl_25", 0 0, L_0x5568ca47d650;  1 drivers
v0x5568ca45c2f0_0 .net *"_ivl_26", 0 0, L_0x5568ca47d790;  1 drivers
v0x5568ca45c3d0_0 .net *"_ivl_28", 0 0, L_0x5568ca47d8a0;  1 drivers
v0x5568ca45c4b0_0 .net *"_ivl_34", 23 0, L_0x5568ca47dbd0;  1 drivers
L_0x7f200fb95cc0 .functor BUFT 1, C4<0000000000000000>, C4<0>, C4<0>, C4<0>;
v0x5568ca45c590_0 .net *"_ivl_5", 15 0, L_0x7f200fb95cc0;  1 drivers
v0x5568ca45c670_0 .net *"_ivl_7", 23 0, L_0x5568ca47d150;  1 drivers
v0x5568ca45c750_0 .net *"_ivl_8", 39 0, L_0x5568ca47d1f0;  1 drivers
v0x5568ca45c830_0 .net "a", 24 0, v0x5568ca4645a0_5;  alias, 1 drivers
L_0x7f200fb95de0 .functor BUFT 1, C4<0000000000110000111111000>, C4<0>, C4<0>, C4<0>;
v0x5568ca45c8f0_0 .net "con", 24 0, L_0x7f200fb95de0;  1 drivers
v0x5568ca45c9d0_0 .net "res", 24 0, L_0x5568ca47da30;  alias, 1 drivers
v0x5568ca45cbc0_0 .net "um", 39 0, L_0x5568ca47d330;  1 drivers
L_0x5568ca47cf70 .part v0x5568ca4645a0_5, 0, 24;
L_0x5568ca47d010 .concat [ 24 16 0 0], L_0x5568ca47cf70, L_0x7f200fb95cc0;
L_0x5568ca47d150 .part L_0x7f200fb95de0, 0, 24;
L_0x5568ca47d1f0 .concat [ 24 16 0 0], L_0x5568ca47d150, L_0x7f200fb95d08;
L_0x5568ca47d330 .arith/mult 40, L_0x5568ca47d010, L_0x5568ca47d1f0;
L_0x5568ca47d470 .cmp/eq 40, L_0x5568ca47d330, L_0x7f200fb95d50;
L_0x5568ca47d5b0 .part v0x5568ca4645a0_5, 24, 1;
L_0x5568ca47d650 .part L_0x7f200fb95de0, 24, 1;
L_0x5568ca47d8a0 .functor MUXZ 1, L_0x5568ca47d790, L_0x7f200fb95d98, L_0x5568ca47d470, C4<>;
L_0x5568ca47da30 .concat8 [ 24 1 0 0], L_0x5568ca47dbd0, L_0x5568ca47d8a0;
L_0x5568ca47dbd0 .part L_0x5568ca47d330, 16, 24;
S_0x5568ca45cd20 .scope generate, "genblk1[6]" "genblk1[6]" 4 32, 4 32 0, S_0x5568ca2faf60;
 .timescale 0 0;
P_0x5568ca45d010 .param/l "id" 0 4 32, +C4<0110>;
L_0x5568ca47dc70 .functor BUFZ 25, v0x5568ca4645a0_6, C4<0000000000000000000000000>, C4<0000000000000000000000000>, C4<0000000000000000000000000>;
S_0x5568ca45d0f0 .scope generate, "genblk3" "genblk3" 4 58, 4 58 0, S_0x5568ca45cd20;
 .timescale 0 0;
S_0x5568ca45d2d0 .scope module, "mul_45" "b25_cmul" 4 59, 6 1 0, S_0x5568ca45d0f0;
 .timescale 0 0;
    .port_info 0 /INPUT 25 "a";
    .port_info 1 /INPUT 25 "con";
    .port_info 2 /OUTPUT 25 "res";
L_0x5568ca47e500 .functor XOR 1, L_0x5568ca47e370, L_0x5568ca47e410, C4<0>, C4<0>;
v0x5568ca45d540_0 .net *"_ivl_1", 23 0, L_0x5568ca47dd30;  1 drivers
L_0x7f200fb95e70 .functor BUFT 1, C4<0000000000000000>, C4<0>, C4<0>, C4<0>;
v0x5568ca45d640_0 .net *"_ivl_11", 15 0, L_0x7f200fb95e70;  1 drivers
L_0x7f200fb95eb8 .functor BUFT 1, C4<0000000000000000000000000000000000000000>, C4<0>, C4<0>, C4<0>;
v0x5568ca45d720_0 .net/2u *"_ivl_16", 39 0, L_0x7f200fb95eb8;  1 drivers
v0x5568ca45d7e0_0 .net *"_ivl_18", 0 0, L_0x5568ca47e230;  1 drivers
v0x5568ca45d8a0_0 .net *"_ivl_2", 39 0, L_0x5568ca47ddd0;  1 drivers
L_0x7f200fb95f00 .functor BUFT 1, C4<0>, C4<0>, C4<0>, C4<0>;
v0x5568ca45d9d0_0 .net/2u *"_ivl_20", 0 0, L_0x7f200fb95f00;  1 drivers
v0x5568ca45dab0_0 .net *"_ivl_23", 0 0, L_0x5568ca47e370;  1 drivers
v0x5568ca45db90_0 .net *"_ivl_25", 0 0, L_0x5568ca47e410;  1 drivers
v0x5568ca45dc70_0 .net *"_ivl_26", 0 0, L_0x5568ca47e500;  1 drivers
v0x5568ca45dd50_0 .net *"_ivl_28", 0 0, L_0x5568ca47e610;  1 drivers
v0x5568ca45de30_0 .net *"_ivl_34", 23 0, L_0x5568ca47e940;  1 drivers
L_0x7f200fb95e28 .functor BUFT 1, C4<0000000000000000>, C4<0>, C4<0>, C4<0>;
v0x5568ca45df10_0 .net *"_ivl_5", 15 0, L_0x7f200fb95e28;  1 drivers
v0x5568ca45dff0_0 .net *"_ivl_7", 23 0, L_0x5568ca47df10;  1 drivers
v0x5568ca45e0d0_0 .net *"_ivl_8", 39 0, L_0x5568ca47dfb0;  1 drivers
v0x5568ca45e1b0_0 .net "a", 24 0, v0x5568ca4645a0_6;  alias, 1 drivers
L_0x7f200fb95f48 .functor BUFT 1, C4<0000000001011010100000101>, C4<0>, C4<0>, C4<0>;
v0x5568ca45e290_0 .net "con", 24 0, L_0x7f200fb95f48;  1 drivers
v0x5568ca45e370_0 .net "res", 24 0, L_0x5568ca47e7a0;  alias, 1 drivers
v0x5568ca45e560_0 .net "um", 39 0, L_0x5568ca47e0f0;  1 drivers
L_0x5568ca47dd30 .part v0x5568ca4645a0_6, 0, 24;
L_0x5568ca47ddd0 .concat [ 24 16 0 0], L_0x5568ca47dd30, L_0x7f200fb95e28;
L_0x5568ca47df10 .part L_0x7f200fb95f48, 0, 24;
L_0x5568ca47dfb0 .concat [ 24 16 0 0], L_0x5568ca47df10, L_0x7f200fb95e70;
L_0x5568ca47e0f0 .arith/mult 40, L_0x5568ca47ddd0, L_0x5568ca47dfb0;
L_0x5568ca47e230 .cmp/eq 40, L_0x5568ca47e0f0, L_0x7f200fb95eb8;
L_0x5568ca47e370 .part v0x5568ca4645a0_6, 24, 1;
L_0x5568ca47e410 .part L_0x7f200fb95f48, 24, 1;
L_0x5568ca47e610 .functor MUXZ 1, L_0x5568ca47e500, L_0x7f200fb95f00, L_0x5568ca47e230, C4<>;
L_0x5568ca47e7a0 .concat8 [ 24 1 0 0], L_0x5568ca47e940, L_0x5568ca47e610;
L_0x5568ca47e940 .part L_0x5568ca47e0f0, 16, 24;
S_0x5568ca45e6c0 .scope generate, "genblk1[7]" "genblk1[7]" 4 32, 4 32 0, S_0x5568ca2faf60;
 .timescale 0 0;
P_0x5568ca45e850 .param/l "id" 0 4 32, +C4<0111>;
L_0x5568ca47e9e0 .functor BUFZ 25, v0x5568ca4645a0_7, C4<0000000000000000000000000>, C4<0000000000000000000000000>, C4<0000000000000000000000000>;
S_0x5568ca45e930 .scope generate, "genblk2" "genblk2" 4 37, 4 37 0, S_0x5568ca45e6c0;
 .timescale 0 0;
S_0x5568ca45eb10 .scope module, "mul_22" "b25_cmul" 4 39, 6 1 0, S_0x5568ca45e930;
 .timescale 0 0;
    .port_info 0 /INPUT 25 "a";
    .port_info 1 /INPUT 25 "con";
    .port_info 2 /OUTPUT 25 "res";
L_0x5568ca47f2b0 .functor XOR 1, L_0x5568ca47f0d0, L_0x5568ca47f170, C4<0>, C4<0>;
v0x5568ca45ed80_0 .net *"_ivl_1", 23 0, L_0x5568ca47eae0;  1 drivers
L_0x7f200fb95fd8 .functor BUFT 1, C4<0000000000000000>, C4<0>, C4<0>, C4<0>;
v0x5568ca45ee80_0 .net *"_ivl_11", 15 0, L_0x7f200fb95fd8;  1 drivers
L_0x7f200fb96020 .functor BUFT 1, C4<0000000000000000000000000000000000000000>, C4<0>, C4<0>, C4<0>;
v0x5568ca45ef60_0 .net/2u *"_ivl_16", 39 0, L_0x7f200fb96020;  1 drivers
v0x5568ca45f020_0 .net *"_ivl_18", 0 0, L_0x5568ca47ef90;  1 drivers
v0x5568ca45f0e0_0 .net *"_ivl_2", 39 0, L_0x5568ca47eb80;  1 drivers
L_0x7f200fb96068 .functor BUFT 1, C4<0>, C4<0>, C4<0>, C4<0>;
v0x5568ca45f210_0 .net/2u *"_ivl_20", 0 0, L_0x7f200fb96068;  1 drivers
v0x5568ca45f2f0_0 .net *"_ivl_23", 0 0, L_0x5568ca47f0d0;  1 drivers
v0x5568ca45f3d0_0 .net *"_ivl_25", 0 0, L_0x5568ca47f170;  1 drivers
v0x5568ca45f4b0_0 .net *"_ivl_26", 0 0, L_0x5568ca47f2b0;  1 drivers
v0x5568ca45f590_0 .net *"_ivl_28", 0 0, L_0x5568ca47f3c0;  1 drivers
v0x5568ca45f670_0 .net *"_ivl_34", 23 0, L_0x5568ca47f6f0;  1 drivers
L_0x7f200fb95f90 .functor BUFT 1, C4<0000000000000000>, C4<0>, C4<0>, C4<0>;
v0x5568ca45f750_0 .net *"_ivl_5", 15 0, L_0x7f200fb95f90;  1 drivers
v0x5568ca45f830_0 .net *"_ivl_7", 23 0, L_0x5568ca47ec70;  1 drivers
v0x5568ca45f910_0 .net *"_ivl_8", 39 0, L_0x5568ca47ed10;  1 drivers
v0x5568ca45f9f0_0 .net "a", 24 0, v0x5568ca4645a0_7;  alias, 1 drivers
L_0x7f200fb960b0 .functor BUFT 1, C4<0000000001110110010000100>, C4<0>, C4<0>, C4<0>;
v0x5568ca45fad0_0 .net "con", 24 0, L_0x7f200fb960b0;  1 drivers
v0x5568ca45fbb0_0 .net "res", 24 0, L_0x5568ca47f550;  alias, 1 drivers
v0x5568ca45fda0_0 .net "um", 39 0, L_0x5568ca47ee50;  1 drivers
L_0x5568ca47eae0 .part v0x5568ca4645a0_7, 0, 24;
L_0x5568ca47eb80 .concat [ 24 16 0 0], L_0x5568ca47eae0, L_0x7f200fb95f90;
L_0x5568ca47ec70 .part L_0x7f200fb960b0, 0, 24;
L_0x5568ca47ed10 .concat [ 24 16 0 0], L_0x5568ca47ec70, L_0x7f200fb95fd8;
L_0x5568ca47ee50 .arith/mult 40, L_0x5568ca47eb80, L_0x5568ca47ed10;
L_0x5568ca47ef90 .cmp/eq 40, L_0x5568ca47ee50, L_0x7f200fb96020;
L_0x5568ca47f0d0 .part v0x5568ca4645a0_7, 24, 1;
L_0x5568ca47f170 .part L_0x7f200fb960b0, 24, 1;
L_0x5568ca47f3c0 .functor MUXZ 1, L_0x5568ca47f2b0, L_0x7f200fb96068, L_0x5568ca47ef90, C4<>;
L_0x5568ca47f550 .concat8 [ 24 1 0 0], L_0x5568ca47f6f0, L_0x5568ca47f3c0;
L_0x5568ca47f6f0 .part L_0x5568ca47ee50, 16, 24;
S_0x5568ca45ff00 .scope module, "mul_45" "b25_cmul" 4 45, 6 1 0, S_0x5568ca45e930;
 .timescale 0 0;
    .port_info 0 /INPUT 25 "a";
    .port_info 1 /INPUT 25 "con";
    .port_info 2 /OUTPUT 25 "res";
L_0x5568ca4800c0 .functor XOR 1, L_0x5568ca47fdd0, L_0x5568ca47ff80, C4<0>, C4<0>;
v0x5568ca4600e0_0 .net *"_ivl_1", 23 0, L_0x5568ca47f790;  1 drivers
L_0x7f200fb96140 .functor BUFT 1, C4<0000000000000000>, C4<0>, C4<0>, C4<0>;
v0x5568ca4601e0_0 .net *"_ivl_11", 15 0, L_0x7f200fb96140;  1 drivers
L_0x7f200fb96188 .functor BUFT 1, C4<0000000000000000000000000000000000000000>, C4<0>, C4<0>, C4<0>;
v0x5568ca4602c0_0 .net/2u *"_ivl_16", 39 0, L_0x7f200fb96188;  1 drivers
v0x5568ca460380_0 .net *"_ivl_18", 0 0, L_0x5568ca47fc90;  1 drivers
v0x5568ca460440_0 .net *"_ivl_2", 39 0, L_0x5568ca47f830;  1 drivers
L_0x7f200fb961d0 .functor BUFT 1, C4<0>, C4<0>, C4<0>, C4<0>;
v0x5568ca460570_0 .net/2u *"_ivl_20", 0 0, L_0x7f200fb961d0;  1 drivers
v0x5568ca460650_0 .net *"_ivl_23", 0 0, L_0x5568ca47fdd0;  1 drivers
v0x5568ca460730_0 .net *"_ivl_25", 0 0, L_0x5568ca47ff80;  1 drivers
v0x5568ca460810_0 .net *"_ivl_26", 0 0, L_0x5568ca4800c0;  1 drivers
v0x5568ca4608f0_0 .net *"_ivl_28", 0 0, L_0x5568ca4801d0;  1 drivers
v0x5568ca4609d0_0 .net *"_ivl_34", 23 0, L_0x5568ca480500;  1 drivers
L_0x7f200fb960f8 .functor BUFT 1, C4<0000000000000000>, C4<0>, C4<0>, C4<0>;
v0x5568ca460ab0_0 .net *"_ivl_5", 15 0, L_0x7f200fb960f8;  1 drivers
v0x5568ca460b90_0 .net *"_ivl_7", 23 0, L_0x5568ca47f970;  1 drivers
v0x5568ca460c70_0 .net *"_ivl_8", 39 0, L_0x5568ca47fa10;  1 drivers
v0x5568ca460d50_0 .net "a", 24 0, v0x5568ca4645a0_7;  alias, 1 drivers
L_0x7f200fb96218 .functor BUFT 1, C4<0000000001011010100000101>, C4<0>, C4<0>, C4<0>;
v0x5568ca460e10_0 .net "con", 24 0, L_0x7f200fb96218;  1 drivers
v0x5568ca460ed0_0 .net "res", 24 0, L_0x5568ca480360;  alias, 1 drivers
v0x5568ca4610c0_0 .net "um", 39 0, L_0x5568ca47fb50;  1 drivers
L_0x5568ca47f790 .part v0x5568ca4645a0_7, 0, 24;
L_0x5568ca47f830 .concat [ 24 16 0 0], L_0x5568ca47f790, L_0x7f200fb960f8;
L_0x5568ca47f970 .part L_0x7f200fb96218, 0, 24;
L_0x5568ca47fa10 .concat [ 24 16 0 0], L_0x5568ca47f970, L_0x7f200fb96140;
L_0x5568ca47fb50 .arith/mult 40, L_0x5568ca47f830, L_0x5568ca47fa10;
L_0x5568ca47fc90 .cmp/eq 40, L_0x5568ca47fb50, L_0x7f200fb96188;
L_0x5568ca47fdd0 .part v0x5568ca4645a0_7, 24, 1;
L_0x5568ca47ff80 .part L_0x7f200fb96218, 24, 1;
L_0x5568ca4801d0 .functor MUXZ 1, L_0x5568ca4800c0, L_0x7f200fb961d0, L_0x5568ca47fc90, C4<>;
L_0x5568ca480360 .concat8 [ 24 1 0 0], L_0x5568ca480500, L_0x5568ca4801d0;
L_0x5568ca480500 .part L_0x5568ca47fb50, 16, 24;
S_0x5568ca461220 .scope module, "mul_67" "b25_cmul" 4 51, 6 1 0, S_0x5568ca45e930;
 .timescale 0 0;
    .port_info 0 /INPUT 25 "a";
    .port_info 1 /INPUT 25 "con";
    .port_info 2 /OUTPUT 25 "res";
L_0x5568ca481180 .functor XOR 1, L_0x5568ca480fa0, L_0x5568ca481040, C4<0>, C4<0>;
v0x5568ca461400_0 .net *"_ivl_1", 23 0, L_0x5568ca4809b0;  1 drivers
L_0x7f200fb962a8 .functor BUFT 1, C4<0000000000000000>, C4<0>, C4<0>, C4<0>;
v0x5568ca4614e0_0 .net *"_ivl_11", 15 0, L_0x7f200fb962a8;  1 drivers
L_0x7f200fb962f0 .functor BUFT 1, C4<0000000000000000000000000000000000000000>, C4<0>, C4<0>, C4<0>;
v0x5568ca4615c0_0 .net/2u *"_ivl_16", 39 0, L_0x7f200fb962f0;  1 drivers
v0x5568ca4616b0_0 .net *"_ivl_18", 0 0, L_0x5568ca480e60;  1 drivers
v0x5568ca461770_0 .net *"_ivl_2", 39 0, L_0x5568ca480a50;  1 drivers
L_0x7f200fb96338 .functor BUFT 1, C4<0>, C4<0>, C4<0>, C4<0>;
v0x5568ca4618a0_0 .net/2u *"_ivl_20", 0 0, L_0x7f200fb96338;  1 drivers
v0x5568ca461980_0 .net *"_ivl_23", 0 0, L_0x5568ca480fa0;  1 drivers
v0x5568ca461a60_0 .net *"_ivl_25", 0 0, L_0x5568ca481040;  1 drivers
v0x5568ca461b40_0 .net *"_ivl_26", 0 0, L_0x5568ca481180;  1 drivers
v0x5568ca461c20_0 .net *"_ivl_28", 0 0, L_0x5568ca481290;  1 drivers
v0x5568ca461d00_0 .net *"_ivl_34", 23 0, L_0x5568ca4815c0;  1 drivers
L_0x7f200fb96260 .functor BUFT 1, C4<0000000000000000>, C4<0>, C4<0>, C4<0>;
v0x5568ca461de0_0 .net *"_ivl_5", 15 0, L_0x7f200fb96260;  1 drivers
v0x5568ca461ec0_0 .net *"_ivl_7", 23 0, L_0x5568ca480b40;  1 drivers
v0x5568ca461fa0_0 .net *"_ivl_8", 39 0, L_0x5568ca480be0;  1 drivers
v0x5568ca462080_0 .net "a", 24 0, v0x5568ca4645a0_7;  alias, 1 drivers
L_0x7f200fb96380 .functor BUFT 1, C4<0000000000110000111111000>, C4<0>, C4<0>, C4<0>;
v0x5568ca462140_0 .net "con", 24 0, L_0x7f200fb96380;  1 drivers
v0x5568ca462220_0 .net "res", 24 0, L_0x5568ca481420;  alias, 1 drivers
v0x5568ca462410_0 .net "um", 39 0, L_0x5568ca480d20;  1 drivers
L_0x5568ca4809b0 .part v0x5568ca4645a0_7, 0, 24;
L_0x5568ca480a50 .concat [ 24 16 0 0], L_0x5568ca4809b0, L_0x7f200fb96260;
L_0x5568ca480b40 .part L_0x7f200fb96380, 0, 24;
L_0x5568ca480be0 .concat [ 24 16 0 0], L_0x5568ca480b40, L_0x7f200fb962a8;
L_0x5568ca480d20 .arith/mult 40, L_0x5568ca480a50, L_0x5568ca480be0;
L_0x5568ca480e60 .cmp/eq 40, L_0x5568ca480d20, L_0x7f200fb962f0;
L_0x5568ca480fa0 .part v0x5568ca4645a0_7, 24, 1;
L_0x5568ca481040 .part L_0x7f200fb96380, 24, 1;
L_0x5568ca481290 .functor MUXZ 1, L_0x5568ca481180, L_0x7f200fb96338, L_0x5568ca480e60, C4<>;
L_0x5568ca481420 .concat8 [ 24 1 0 0], L_0x5568ca4815c0, L_0x5568ca481290;
L_0x5568ca4815c0 .part L_0x5568ca480d20, 16, 24;
    .scope S_0x5568ca317d30;
T_0 ;
    %pushi/vec4 0, 0, 32;
    %store/vec4 v0x5568ca358140_0, 0, 32;
    %end;
    .thread T_0, $init;
    .scope S_0x5568ca309a60;
T_1 ;
    %wait E_0x5568ca2c08d0;
    %fork t_1, S_0x5568ca317d30;
    %jmp t_0;
    .scope S_0x5568ca317d30;
t_1 ;
    %load/vec4 v0x5568ca463fc0_0;
    %pushi/vec4 0, 0, 1;
    %cmp/e;
    %flag_get/vec4 4;
    %load/vec4 v0x5568ca464140_0;
    %pushi/vec4 1, 0, 1;
    %cmp/e;
    %flag_get/vec4 4;
    %and;
    %flag_set/vec4 8;
    %jmp/0xz  T_1.0, 8;
    %load/vec4 v0x5568ca358140_0;
    %cmpi/u 8, 0, 32;
    %jmp/0xz  T_1.2, 5;
    %pushi/vec4 0, 0, 32;
    %store/vec4 v0x5568ca423f60_0, 0, 32;
    %pushi/vec4 4, 0, 32;
    %store/vec4 v0x5568ca424040_0, 0, 32;
    %ix/getv 4, v0x5568ca423f60_0;
    %load/vec4a v0x5568ca463a90, 4;
    %pad/u 32;
    %cmpi/ne 4, 0, 32;
    %jmp/0xz  T_1.4, 4;
    %load/vec4 v0x5568ca358140_0;
    %pad/u 35;
    %pad/u 37;
    %muli 4, 0, 37;
    %pad/u 38;
    %ix/getv 5, v0x5568ca423f60_0;
    %load/vec4a v0x5568ca463a90, 5;
    %parti/s 2, 0, 2;
    %pad/u 4;
    %pad/u 38;
    %add;
    %ix/vec4 4;
    %load/vec4a v0x5568ca463500, 4;
    %store/vec4 v0x5568ca388d80_0, 0, 25;
    %ix/load 4, 0, 0;
    %flag_set/imm 4, 0;
    %load/vec4a v0x5568ca463040, 4;
    %ix/load 4, 0, 0;
    %flag_set/imm 4, 0;
    %store/vec4a v0x5568ca462730, 4, 0;
    %load/vec4 v0x5568ca388d80_0;
    %parti/s 24, 0, 2;
    %ix/load 4, 0, 0;
    %flag_set/imm 4, 0;
    %flag_mov 8, 4;
    %ix/load 5, 0, 0;
    %flag_set/imm 4, 0;
    %flag_or 4, 8;
    %store/vec4a v0x5568ca462ba0, 4, 5;
    %ix/getv 4, v0x5568ca423f60_0;
    %load/vec4a v0x5568ca4639f0, 4;
    %flag_set/vec4 8;
    %jmp/0 T_1.6, 8;
    %load/vec4 v0x5568ca388d80_0;
    %parti/s 1, 24, 6;
    %inv;
    %jmp/1 T_1.7, 8;
T_1.6 ; End of true expr.
    %load/vec4 v0x5568ca388d80_0;
    %parti/s 1, 24, 6;
    %jmp/0 T_1.7, 8;
 ; End of false expr.
    %blend;
T_1.7;
    %ix/load 4, 0, 0;
    %flag_set/imm 4, 0;
    %flag_mov 8, 4;
    %ix/load 5, 24, 0;
    %flag_set/imm 4, 0;
    %flag_or 4, 8;
    %store/vec4a v0x5568ca462ba0, 4, 5;
T_1.4 ;
    %ix/getv 4, v0x5568ca423f60_0;
    %load/vec4a v0x5568ca463a90, 4;
    %pad/u 32;
    %cmpi/ne 0, 0, 32;
    %jmp/0xz  T_1.8, 4;
    %load/vec4 v0x5568ca358140_0;
    %pad/u 35;
    %pad/u 37;
    %muli 4, 0, 37;
    %pad/u 38;
    %ix/getv 5, v0x5568ca424040_0;
    %load/vec4a v0x5568ca463a90, 5;
    %parti/s 2, 0, 2;
    %pad/u 4;
    %pad/u 38;
    %add;
    %ix/vec4 4;
    %load/vec4a v0x5568ca463500, 4;
    %store/vec4 v0x5568ca370610_0, 0, 25;
    %ix/load 4, 1, 0;
    %flag_set/imm 4, 0;
    %load/vec4a v0x5568ca463040, 4;
    %ix/load 4, 1, 0;
    %flag_set/imm 4, 0;
    %store/vec4a v0x5568ca462730, 4, 0;
    %load/vec4 v0x5568ca370610_0;
    %parti/s 24, 0, 2;
    %ix/load 4, 1, 0;
    %flag_set/imm 4, 0;
    %flag_mov 8, 4;
    %ix/load 5, 0, 0;
    %flag_set/imm 4, 0;
    %flag_or 4, 8;
    %store/vec4a v0x5568ca462ba0, 4, 5;
    %ix/getv 4, v0x5568ca424040_0;
    %load/vec4a v0x5568ca4639f0, 4;
    %flag_set/vec4 8;
    %jmp/0 T_1.10, 8;
    %load/vec4 v0x5568ca370610_0;
    %parti/s 1, 24, 6;
    %inv;
    %jmp/1 T_1.11, 8;
T_1.10 ; End of true expr.
    %load/vec4 v0x5568ca370610_0;
    %parti/s 1, 24, 6;
    %jmp/0 T_1.11, 8;
 ; End of false expr.
    %blend;
T_1.11;
    %ix/load 4, 1, 0;
    %flag_set/imm 4, 0;
    %flag_mov 8, 4;
    %ix/load 5, 24, 0;
    %flag_set/imm 4, 0;
    %flag_or 4, 8;
    %store/vec4a v0x5568ca462ba0, 4, 5;
T_1.8 ;
    ; show_stmt_assign_vector: Get l-value for compressed += operand
    %load/vec4 v0x5568ca358140_0;
    %pushi/vec4 1, 0, 32;
    %add;
    %cast2;
    %store/vec4 v0x5568ca358140_0, 0, 32;
    %jmp T_1.3;
T_1.2 ;
    %pushi/vec4 1, 0, 1;
    %ix/load 4, 0, 0;
    %flag_set/imm 4, 0;
    %store/vec4 v0x5568ca463bc0_0, 4, 1;
T_1.3 ;
T_1.0 ;
    %end;
    .scope S_0x5568ca309a60;
t_0 %join;
    %jmp T_1;
    .thread T_1;
    .scope S_0x5568ca428640;
T_2 ;
    %pushi/vec4 0, 0, 32;
    %store/vec4 v0x5568ca428a00_0, 0, 32;
    %end;
    .thread T_2, $init;
    .scope S_0x5568ca428380;
T_3 ;
    %wait E_0x5568ca2c08d0;
    %fork t_3, S_0x5568ca428640;
    %jmp t_2;
    .scope S_0x5568ca428640;
t_3 ;
    %load/vec4 v0x5568ca463fc0_0;
    %pushi/vec4 0, 0, 1;
    %cmp/e;
    %flag_get/vec4 4;
    %load/vec4 v0x5568ca464140_0;
    %pushi/vec4 1, 0, 1;
    %cmp/e;
    %flag_get/vec4 4;
    %and;
    %flag_set/vec4 8;
    %jmp/0xz  T_3.0, 8;
    %load/vec4 v0x5568ca428a00_0;
    %cmpi/u 8, 0, 32;
    %jmp/0xz  T_3.2, 5;
    %load/vec4 v0x5568ca428a00_0;
    %pad/u 34;
    %muli 1, 0, 34;
    %pushi/vec4 16, 0, 34;
    %mod;
    %cast2;
    %pad/u 32;
    %store/vec4 v0x5568ca428ac0_0, 0, 32;
    %pushi/vec4 4, 0, 35;
    %load/vec4 v0x5568ca428a00_0;
    %pad/u 35;
    %muli 1, 0, 35;
    %sub;
    %pushi/vec4 16, 0, 35;
    %mod;
    %cast2;
    %pad/u 32;
    %store/vec4 v0x5568ca428ba0_0, 0, 32;
    %ix/getv 4, v0x5568ca428ac0_0;
    %load/vec4a v0x5568ca463a90, 4;
    %pad/u 32;
    %cmpi/ne 4, 0, 32;
    %jmp/0xz  T_3.4, 4;
    %load/vec4 v0x5568ca428a00_0;
    %pad/u 35;
    %pad/u 37;
    %muli 4, 0, 37;
    %pad/u 38;
    %ix/getv 5, v0x5568ca428ac0_0;
    %load/vec4a v0x5568ca463a90, 5;
    %parti/s 2, 0, 2;
    %pad/u 4;
    %pad/u 38;
    %add;
    %ix/vec4 4;
    %load/vec4a v0x5568ca463500, 4;
    %store/vec4 v0x5568ca428820_0, 0, 25;
    %ix/load 4, 2, 0;
    %flag_set/imm 4, 0;
    %load/vec4a v0x5568ca463040, 4;
    %ix/load 4, 2, 0;
    %flag_set/imm 4, 0;
    %store/vec4a v0x5568ca462730, 4, 0;
    %load/vec4 v0x5568ca428820_0;
    %parti/s 24, 0, 2;
    %ix/load 4, 2, 0;
    %flag_set/imm 4, 0;
    %flag_mov 8, 4;
    %ix/load 5, 0, 0;
    %flag_set/imm 4, 0;
    %flag_or 4, 8;
    %store/vec4a v0x5568ca462ba0, 4, 5;
    %ix/getv 4, v0x5568ca428ac0_0;
    %load/vec4a v0x5568ca4639f0, 4;
    %flag_set/vec4 8;
    %jmp/0 T_3.6, 8;
    %load/vec4 v0x5568ca428820_0;
    %parti/s 1, 24, 6;
    %inv;
    %jmp/1 T_3.7, 8;
T_3.6 ; End of true expr.
    %load/vec4 v0x5568ca428820_0;
    %parti/s 1, 24, 6;
    %jmp/0 T_3.7, 8;
 ; End of false expr.
    %blend;
T_3.7;
    %ix/load 4, 2, 0;
    %flag_set/imm 4, 0;
    %flag_mov 8, 4;
    %ix/load 5, 24, 0;
    %flag_set/imm 4, 0;
    %flag_or 4, 8;
    %store/vec4a v0x5568ca462ba0, 4, 5;
T_3.4 ;
    %ix/getv 4, v0x5568ca428ac0_0;
    %load/vec4a v0x5568ca463a90, 4;
    %pad/u 32;
    %cmpi/ne 0, 0, 32;
    %jmp/0xz  T_3.8, 4;
    %load/vec4 v0x5568ca428a00_0;
    %pad/u 35;
    %pad/u 37;
    %muli 4, 0, 37;
    %pad/u 38;
    %ix/getv 5, v0x5568ca428ba0_0;
    %load/vec4a v0x5568ca463a90, 5;
    %parti/s 2, 0, 2;
    %pad/u 4;
    %pad/u 38;
    %add;
    %ix/vec4 4;
    %load/vec4a v0x5568ca463500, 4;
    %store/vec4 v0x5568ca428920_0, 0, 25;
    %ix/load 4, 3, 0;
    %flag_set/imm 4, 0;
    %load/vec4a v0x5568ca463040, 4;
    %ix/load 4, 3, 0;
    %flag_set/imm 4, 0;
    %store/vec4a v0x5568ca462730, 4, 0;
    %load/vec4 v0x5568ca428920_0;
    %parti/s 24, 0, 2;
    %ix/load 4, 3, 0;
    %flag_set/imm 4, 0;
    %flag_mov 8, 4;
    %ix/load 5, 0, 0;
    %flag_set/imm 4, 0;
    %flag_or 4, 8;
    %store/vec4a v0x5568ca462ba0, 4, 5;
    %ix/getv 4, v0x5568ca428ba0_0;
    %load/vec4a v0x5568ca4639f0, 4;
    %flag_set/vec4 8;
    %jmp/0 T_3.10, 8;
    %load/vec4 v0x5568ca428920_0;
    %parti/s 1, 24, 6;
    %inv;
    %jmp/1 T_3.11, 8;
T_3.10 ; End of true expr.
    %load/vec4 v0x5568ca428920_0;
    %parti/s 1, 24, 6;
    %jmp/0 T_3.11, 8;
 ; End of false expr.
    %blend;
T_3.11;
    %ix/load 4, 3, 0;
    %flag_set/imm 4, 0;
    %flag_mov 8, 4;
    %ix/load 5, 24, 0;
    %flag_set/imm 4, 0;
    %flag_or 4, 8;
    %store/vec4a v0x5568ca462ba0, 4, 5;
T_3.8 ;
    ; show_stmt_assign_vector: Get l-value for compressed += operand
    %load/vec4 v0x5568ca428a00_0;
    %pushi/vec4 1, 0, 32;
    %add;
    %cast2;
    %store/vec4 v0x5568ca428a00_0, 0, 32;
    %jmp T_3.3;
T_3.2 ;
    %pushi/vec4 1, 0, 1;
    %ix/load 4, 1, 0;
    %flag_set/imm 4, 0;
    %store/vec4 v0x5568ca463bc0_0, 4, 1;
T_3.3 ;
T_3.0 ;
    %end;
    .scope S_0x5568ca428380;
t_2 %join;
    %jmp T_3;
    .thread T_3;
    .scope S_0x5568ca42d3e0;
T_4 ;
    %pushi/vec4 0, 0, 32;
    %store/vec4 v0x5568ca42d7a0_0, 0, 32;
    %end;
    .thread T_4, $init;
    .scope S_0x5568ca42d100;
T_5 ;
    %wait E_0x5568ca2c08d0;
    %fork t_5, S_0x5568ca42d3e0;
    %jmp t_4;
    .scope S_0x5568ca42d3e0;
t_5 ;
    %load/vec4 v0x5568ca463fc0_0;
    %pushi/vec4 0, 0, 1;
    %cmp/e;
    %flag_get/vec4 4;
    %load/vec4 v0x5568ca464140_0;
    %pushi/vec4 1, 0, 1;
    %cmp/e;
    %flag_get/vec4 4;
    %and;
    %flag_set/vec4 8;
    %jmp/0xz  T_5.0, 8;
    %load/vec4 v0x5568ca42d7a0_0;
    %cmpi/u 8, 0, 32;
    %jmp/0xz  T_5.2, 5;
    %load/vec4 v0x5568ca42d7a0_0;
    %pad/u 35;
    %muli 2, 0, 35;
    %pushi/vec4 16, 0, 35;
    %mod;
    %cast2;
    %pad/u 32;
    %store/vec4 v0x5568ca42d860_0, 0, 32;
    %pushi/vec4 4, 0, 36;
    %load/vec4 v0x5568ca42d7a0_0;
    %pad/u 36;
    %muli 2, 0, 36;
    %sub;
    %pushi/vec4 16, 0, 36;
    %mod;
    %cast2;
    %pad/u 32;
    %store/vec4 v0x5568ca42d940_0, 0, 32;
    %ix/getv 4, v0x5568ca42d860_0;
    %load/vec4a v0x5568ca463a90, 4;
    %pad/u 32;
    %cmpi/ne 4, 0, 32;
    %jmp/0xz  T_5.4, 4;
    %load/vec4 v0x5568ca42d7a0_0;
    %pad/u 35;
    %pad/u 37;
    %muli 4, 0, 37;
    %pad/u 38;
    %ix/getv 5, v0x5568ca42d860_0;
    %load/vec4a v0x5568ca463a90, 5;
    %parti/s 2, 0, 2;
    %pad/u 4;
    %pad/u 38;
    %add;
    %ix/vec4 4;
    %load/vec4a v0x5568ca463500, 4;
    %store/vec4 v0x5568ca42d5c0_0, 0, 25;
    %ix/load 4, 4, 0;
    %flag_set/imm 4, 0;
    %load/vec4a v0x5568ca463040, 4;
    %ix/load 4, 4, 0;
    %flag_set/imm 4, 0;
    %store/vec4a v0x5568ca462730, 4, 0;
    %load/vec4 v0x5568ca42d5c0_0;
    %parti/s 24, 0, 2;
    %ix/load 4, 4, 0;
    %flag_set/imm 4, 0;
    %flag_mov 8, 4;
    %ix/load 5, 0, 0;
    %flag_set/imm 4, 0;
    %flag_or 4, 8;
    %store/vec4a v0x5568ca462ba0, 4, 5;
    %ix/getv 4, v0x5568ca42d860_0;
    %load/vec4a v0x5568ca4639f0, 4;
    %flag_set/vec4 8;
    %jmp/0 T_5.6, 8;
    %load/vec4 v0x5568ca42d5c0_0;
    %parti/s 1, 24, 6;
    %inv;
    %jmp/1 T_5.7, 8;
T_5.6 ; End of true expr.
    %load/vec4 v0x5568ca42d5c0_0;
    %parti/s 1, 24, 6;
    %jmp/0 T_5.7, 8;
 ; End of false expr.
    %blend;
T_5.7;
    %ix/load 4, 4, 0;
    %flag_set/imm 4, 0;
    %flag_mov 8, 4;
    %ix/load 5, 24, 0;
    %flag_set/imm 4, 0;
    %flag_or 4, 8;
    %store/vec4a v0x5568ca462ba0, 4, 5;
T_5.4 ;
    %ix/getv 4, v0x5568ca42d860_0;
    %load/vec4a v0x5568ca463a90, 4;
    %pad/u 32;
    %cmpi/ne 0, 0, 32;
    %jmp/0xz  T_5.8, 4;
    %load/vec4 v0x5568ca42d7a0_0;
    %pad/u 35;
    %pad/u 37;
    %muli 4, 0, 37;
    %pad/u 38;
    %ix/getv 5, v0x5568ca42d940_0;
    %load/vec4a v0x5568ca463a90, 5;
    %parti/s 2, 0, 2;
    %pad/u 4;
    %pad/u 38;
    %add;
    %ix/vec4 4;
    %load/vec4a v0x5568ca463500, 4;
    %store/vec4 v0x5568ca42d6c0_0, 0, 25;
    %ix/load 4, 5, 0;
    %flag_set/imm 4, 0;
    %load/vec4a v0x5568ca463040, 4;
    %ix/load 4, 5, 0;
    %flag_set/imm 4, 0;
    %store/vec4a v0x5568ca462730, 4, 0;
    %load/vec4 v0x5568ca42d6c0_0;
    %parti/s 24, 0, 2;
    %ix/load 4, 5, 0;
    %flag_set/imm 4, 0;
    %flag_mov 8, 4;
    %ix/load 5, 0, 0;
    %flag_set/imm 4, 0;
    %flag_or 4, 8;
    %store/vec4a v0x5568ca462ba0, 4, 5;
    %ix/getv 4, v0x5568ca42d940_0;
    %load/vec4a v0x5568ca4639f0, 4;
    %flag_set/vec4 8;
    %jmp/0 T_5.10, 8;
    %load/vec4 v0x5568ca42d6c0_0;
    %parti/s 1, 24, 6;
    %inv;
    %jmp/1 T_5.11, 8;
T_5.10 ; End of true expr.
    %load/vec4 v0x5568ca42d6c0_0;
    %parti/s 1, 24, 6;
    %jmp/0 T_5.11, 8;
 ; End of false expr.
    %blend;
T_5.11;
    %ix/load 4, 5, 0;
    %flag_set/imm 4, 0;
    %flag_mov 8, 4;
    %ix/load 5, 24, 0;
    %flag_set/imm 4, 0;
    %flag_or 4, 8;
    %store/vec4a v0x5568ca462ba0, 4, 5;
T_5.8 ;
    ; show_stmt_assign_vector: Get l-value for compressed += operand
    %load/vec4 v0x5568ca42d7a0_0;
    %pushi/vec4 1, 0, 32;
    %add;
    %cast2;
    %store/vec4 v0x5568ca42d7a0_0, 0, 32;
    %jmp T_5.3;
T_5.2 ;
    %pushi/vec4 1, 0, 1;
    %ix/load 4, 2, 0;
    %flag_set/imm 4, 0;
    %store/vec4 v0x5568ca463bc0_0, 4, 1;
T_5.3 ;
T_5.0 ;
    %end;
    .scope S_0x5568ca42d100;
t_4 %join;
    %jmp T_5;
    .thread T_5;
    .scope S_0x5568ca432200;
T_6 ;
    %pushi/vec4 0, 0, 32;
    %store/vec4 v0x5568ca4325c0_0, 0, 32;
    %end;
    .thread T_6, $init;
    .scope S_0x5568ca431ed0;
T_7 ;
    %wait E_0x5568ca2c08d0;
    %fork t_7, S_0x5568ca432200;
    %jmp t_6;
    .scope S_0x5568ca432200;
t_7 ;
    %load/vec4 v0x5568ca463fc0_0;
    %pushi/vec4 0, 0, 1;
    %cmp/e;
    %flag_get/vec4 4;
    %load/vec4 v0x5568ca464140_0;
    %pushi/vec4 1, 0, 1;
    %cmp/e;
    %flag_get/vec4 4;
    %and;
    %flag_set/vec4 8;
    %jmp/0xz  T_7.0, 8;
    %load/vec4 v0x5568ca4325c0_0;
    %cmpi/u 8, 0, 32;
    %jmp/0xz  T_7.2, 5;
    %load/vec4 v0x5568ca4325c0_0;
    %pad/u 35;
    %muli 3, 0, 35;
    %pushi/vec4 16, 0, 35;
    %mod;
    %cast2;
    %pad/u 32;
    %store/vec4 v0x5568ca432680_0, 0, 32;
    %pushi/vec4 4, 0, 36;
    %load/vec4 v0x5568ca4325c0_0;
    %pad/u 36;
    %muli 3, 0, 36;
    %sub;
    %pushi/vec4 16, 0, 36;
    %mod;
    %cast2;
    %pad/u 32;
    %store/vec4 v0x5568ca432760_0, 0, 32;
    %ix/getv 4, v0x5568ca432680_0;
    %load/vec4a v0x5568ca463a90, 4;
    %pad/u 32;
    %cmpi/ne 4, 0, 32;
    %jmp/0xz  T_7.4, 4;
    %load/vec4 v0x5568ca4325c0_0;
    %pad/u 35;
    %pad/u 37;
    %muli 4, 0, 37;
    %pad/u 38;
    %ix/getv 5, v0x5568ca432680_0;
    %load/vec4a v0x5568ca463a90, 5;
    %parti/s 2, 0, 2;
    %pad/u 4;
    %pad/u 38;
    %add;
    %ix/vec4 4;
    %load/vec4a v0x5568ca463500, 4;
    %store/vec4 v0x5568ca4323e0_0, 0, 25;
    %ix/load 4, 6, 0;
    %flag_set/imm 4, 0;
    %load/vec4a v0x5568ca463040, 4;
    %ix/load 4, 6, 0;
    %flag_set/imm 4, 0;
    %store/vec4a v0x5568ca462730, 4, 0;
    %load/vec4 v0x5568ca4323e0_0;
    %parti/s 24, 0, 2;
    %ix/load 4, 6, 0;
    %flag_set/imm 4, 0;
    %flag_mov 8, 4;
    %ix/load 5, 0, 0;
    %flag_set/imm 4, 0;
    %flag_or 4, 8;
    %store/vec4a v0x5568ca462ba0, 4, 5;
    %ix/getv 4, v0x5568ca432680_0;
    %load/vec4a v0x5568ca4639f0, 4;
    %flag_set/vec4 8;
    %jmp/0 T_7.6, 8;
    %load/vec4 v0x5568ca4323e0_0;
    %parti/s 1, 24, 6;
    %inv;
    %jmp/1 T_7.7, 8;
T_7.6 ; End of true expr.
    %load/vec4 v0x5568ca4323e0_0;
    %parti/s 1, 24, 6;
    %jmp/0 T_7.7, 8;
 ; End of false expr.
    %blend;
T_7.7;
    %ix/load 4, 6, 0;
    %flag_set/imm 4, 0;
    %flag_mov 8, 4;
    %ix/load 5, 24, 0;
    %flag_set/imm 4, 0;
    %flag_or 4, 8;
    %store/vec4a v0x5568ca462ba0, 4, 5;
T_7.4 ;
    %ix/getv 4, v0x5568ca432680_0;
    %load/vec4a v0x5568ca463a90, 4;
    %pad/u 32;
    %cmpi/ne 0, 0, 32;
    %jmp/0xz  T_7.8, 4;
    %load/vec4 v0x5568ca4325c0_0;
    %pad/u 35;
    %pad/u 37;
    %muli 4, 0, 37;
    %pad/u 38;
    %ix/getv 5, v0x5568ca432760_0;
    %load/vec4a v0x5568ca463a90, 5;
    %parti/s 2, 0, 2;
    %pad/u 4;
    %pad/u 38;
    %add;
    %ix/vec4 4;
    %load/vec4a v0x5568ca463500, 4;
    %store/vec4 v0x5568ca4324e0_0, 0, 25;
    %ix/load 4, 7, 0;
    %flag_set/imm 4, 0;
    %load/vec4a v0x5568ca463040, 4;
    %ix/load 4, 7, 0;
    %flag_set/imm 4, 0;
    %store/vec4a v0x5568ca462730, 4, 0;
    %load/vec4 v0x5568ca4324e0_0;
    %parti/s 24, 0, 2;
    %ix/load 4, 7, 0;
    %flag_set/imm 4, 0;
    %flag_mov 8, 4;
    %ix/load 5, 0, 0;
    %flag_set/imm 4, 0;
    %flag_or 4, 8;
    %store/vec4a v0x5568ca462ba0, 4, 5;
    %ix/getv 4, v0x5568ca432760_0;
    %load/vec4a v0x5568ca4639f0, 4;
    %flag_set/vec4 8;
    %jmp/0 T_7.10, 8;
    %load/vec4 v0x5568ca4324e0_0;
    %parti/s 1, 24, 6;
    %inv;
    %jmp/1 T_7.11, 8;
T_7.10 ; End of true expr.
    %load/vec4 v0x5568ca4324e0_0;
    %parti/s 1, 24, 6;
    %jmp/0 T_7.11, 8;
 ; End of false expr.
    %blend;
T_7.11;
    %ix/load 4, 7, 0;
    %flag_set/imm 4, 0;
    %flag_mov 8, 4;
    %ix/load 5, 24, 0;
    %flag_set/imm 4, 0;
    %flag_or 4, 8;
    %store/vec4a v0x5568ca462ba0, 4, 5;
T_7.8 ;
    ; show_stmt_assign_vector: Get l-value for compressed += operand
    %load/vec4 v0x5568ca4325c0_0;
    %pushi/vec4 1, 0, 32;
    %add;
    %cast2;
    %store/vec4 v0x5568ca4325c0_0, 0, 32;
    %jmp T_7.3;
T_7.2 ;
    %pushi/vec4 1, 0, 1;
    %ix/load 4, 3, 0;
    %flag_set/imm 4, 0;
    %store/vec4 v0x5568ca463bc0_0, 4, 1;
T_7.3 ;
T_7.0 ;
    %end;
    .scope S_0x5568ca431ed0;
t_6 %join;
    %jmp T_7;
    .thread T_7;
    .scope S_0x5568ca436fa0;
T_8 ;
    %pushi/vec4 0, 0, 32;
    %store/vec4 v0x5568ca437360_0, 0, 32;
    %end;
    .thread T_8, $init;
    .scope S_0x5568ca436cc0;
T_9 ;
    %wait E_0x5568ca2c08d0;
    %fork t_9, S_0x5568ca436fa0;
    %jmp t_8;
    .scope S_0x5568ca436fa0;
t_9 ;
    %load/vec4 v0x5568ca463fc0_0;
    %pushi/vec4 0, 0, 1;
    %cmp/e;
    %flag_get/vec4 4;
    %load/vec4 v0x5568ca464140_0;
    %pushi/vec4 1, 0, 1;
    %cmp/e;
    %flag_get/vec4 4;
    %and;
    %flag_set/vec4 8;
    %jmp/0xz  T_9.0, 8;
    %load/vec4 v0x5568ca437360_0;
    %cmpi/u 8, 0, 32;
    %jmp/0xz  T_9.2, 5;
    %load/vec4 v0x5568ca437360_0;
    %pad/u 36;
    %muli 4, 0, 36;
    %pushi/vec4 16, 0, 36;
    %mod;
    %cast2;
    %pad/u 32;
    %store/vec4 v0x5568ca437420_0, 0, 32;
    %pushi/vec4 4, 0, 37;
    %load/vec4 v0x5568ca437360_0;
    %pad/u 37;
    %muli 4, 0, 37;
    %sub;
    %pushi/vec4 16, 0, 37;
    %mod;
    %cast2;
    %pad/u 32;
    %store/vec4 v0x5568ca437500_0, 0, 32;
    %ix/getv 4, v0x5568ca437420_0;
    %load/vec4a v0x5568ca463a90, 4;
    %pad/u 32;
    %cmpi/ne 4, 0, 32;
    %jmp/0xz  T_9.4, 4;
    %load/vec4 v0x5568ca437360_0;
    %pad/u 35;
    %pad/u 37;
    %muli 4, 0, 37;
    %pad/u 38;
    %ix/getv 5, v0x5568ca437420_0;
    %load/vec4a v0x5568ca463a90, 5;
    %parti/s 2, 0, 2;
    %pad/u 4;
    %pad/u 38;
    %add;
    %ix/vec4 4;
    %load/vec4a v0x5568ca463500, 4;
    %store/vec4 v0x5568ca437180_0, 0, 25;
    %ix/load 4, 8, 0;
    %flag_set/imm 4, 0;
    %load/vec4a v0x5568ca463040, 4;
    %ix/load 4, 8, 0;
    %flag_set/imm 4, 0;
    %store/vec4a v0x5568ca462730, 4, 0;
    %load/vec4 v0x5568ca437180_0;
    %parti/s 24, 0, 2;
    %ix/load 4, 8, 0;
    %flag_set/imm 4, 0;
    %flag_mov 8, 4;
    %ix/load 5, 0, 0;
    %flag_set/imm 4, 0;
    %flag_or 4, 8;
    %store/vec4a v0x5568ca462ba0, 4, 5;
    %ix/getv 4, v0x5568ca437420_0;
    %load/vec4a v0x5568ca4639f0, 4;
    %flag_set/vec4 8;
    %jmp/0 T_9.6, 8;
    %load/vec4 v0x5568ca437180_0;
    %parti/s 1, 24, 6;
    %inv;
    %jmp/1 T_9.7, 8;
T_9.6 ; End of true expr.
    %load/vec4 v0x5568ca437180_0;
    %parti/s 1, 24, 6;
    %jmp/0 T_9.7, 8;
 ; End of false expr.
    %blend;
T_9.7;
    %ix/load 4, 8, 0;
    %flag_set/imm 4, 0;
    %flag_mov 8, 4;
    %ix/load 5, 24, 0;
    %flag_set/imm 4, 0;
    %flag_or 4, 8;
    %store/vec4a v0x5568ca462ba0, 4, 5;
T_9.4 ;
    %ix/getv 4, v0x5568ca437420_0;
    %load/vec4a v0x5568ca463a90, 4;
    %pad/u 32;
    %cmpi/ne 0, 0, 32;
    %jmp/0xz  T_9.8, 4;
    %load/vec4 v0x5568ca437360_0;
    %pad/u 35;
    %pad/u 37;
    %muli 4, 0, 37;
    %pad/u 38;
    %ix/getv 5, v0x5568ca437500_0;
    %load/vec4a v0x5568ca463a90, 5;
    %parti/s 2, 0, 2;
    %pad/u 4;
    %pad/u 38;
    %add;
    %ix/vec4 4;
    %load/vec4a v0x5568ca463500, 4;
    %store/vec4 v0x5568ca437280_0, 0, 25;
    %ix/load 4, 9, 0;
    %flag_set/imm 4, 0;
    %load/vec4a v0x5568ca463040, 4;
    %ix/load 4, 9, 0;
    %flag_set/imm 4, 0;
    %store/vec4a v0x5568ca462730, 4, 0;
    %load/vec4 v0x5568ca437280_0;
    %parti/s 24, 0, 2;
    %ix/load 4, 9, 0;
    %flag_set/imm 4, 0;
    %flag_mov 8, 4;
    %ix/load 5, 0, 0;
    %flag_set/imm 4, 0;
    %flag_or 4, 8;
    %store/vec4a v0x5568ca462ba0, 4, 5;
    %ix/getv 4, v0x5568ca437500_0;
    %load/vec4a v0x5568ca4639f0, 4;
    %flag_set/vec4 8;
    %jmp/0 T_9.10, 8;
    %load/vec4 v0x5568ca437280_0;
    %parti/s 1, 24, 6;
    %inv;
    %jmp/1 T_9.11, 8;
T_9.10 ; End of true expr.
    %load/vec4 v0x5568ca437280_0;
    %parti/s 1, 24, 6;
    %jmp/0 T_9.11, 8;
 ; End of false expr.
    %blend;
T_9.11;
    %ix/load 4, 9, 0;
    %flag_set/imm 4, 0;
    %flag_mov 8, 4;
    %ix/load 5, 24, 0;
    %flag_set/imm 4, 0;
    %flag_or 4, 8;
    %store/vec4a v0x5568ca462ba0, 4, 5;
T_9.8 ;
    ; show_stmt_assign_vector: Get l-value for compressed += operand
    %load/vec4 v0x5568ca437360_0;
    %pushi/vec4 1, 0, 32;
    %add;
    %cast2;
    %store/vec4 v0x5568ca437360_0, 0, 32;
    %jmp T_9.3;
T_9.2 ;
    %pushi/vec4 1, 0, 1;
    %ix/load 4, 4, 0;
    %flag_set/imm 4, 0;
    %store/vec4 v0x5568ca463bc0_0, 4, 1;
T_9.3 ;
T_9.0 ;
    %end;
    .scope S_0x5568ca436cc0;
t_8 %join;
    %jmp T_9;
    .thread T_9;
    .scope S_0x5568ca43bd70;
T_10 ;
    %pushi/vec4 0, 0, 32;
    %store/vec4 v0x5568ca43c130_0, 0, 32;
    %end;
    .thread T_10, $init;
    .scope S_0x5568ca43ba90;
T_11 ;
    %wait E_0x5568ca2c08d0;
    %fork t_11, S_0x5568ca43bd70;
    %jmp t_10;
    .scope S_0x5568ca43bd70;
t_11 ;
    %load/vec4 v0x5568ca463fc0_0;
    %pushi/vec4 0, 0, 1;
    %cmp/e;
    %flag_get/vec4 4;
    %load/vec4 v0x5568ca464140_0;
    %pushi/vec4 1, 0, 1;
    %cmp/e;
    %flag_get/vec4 4;
    %and;
    %flag_set/vec4 8;
    %jmp/0xz  T_11.0, 8;
    %load/vec4 v0x5568ca43c130_0;
    %cmpi/u 8, 0, 32;
    %jmp/0xz  T_11.2, 5;
    %load/vec4 v0x5568ca43c130_0;
    %pad/u 36;
    %muli 5, 0, 36;
    %pushi/vec4 16, 0, 36;
    %mod;
    %cast2;
    %pad/u 32;
    %store/vec4 v0x5568ca43c1f0_0, 0, 32;
    %pushi/vec4 4, 0, 37;
    %load/vec4 v0x5568ca43c130_0;
    %pad/u 37;
    %muli 5, 0, 37;
    %sub;
    %pushi/vec4 16, 0, 37;
    %mod;
    %cast2;
    %pad/u 32;
    %store/vec4 v0x5568ca43c2d0_0, 0, 32;
    %ix/getv 4, v0x5568ca43c1f0_0;
    %load/vec4a v0x5568ca463a90, 4;
    %pad/u 32;
    %cmpi/ne 4, 0, 32;
    %jmp/0xz  T_11.4, 4;
    %load/vec4 v0x5568ca43c130_0;
    %pad/u 35;
    %pad/u 37;
    %muli 4, 0, 37;
    %pad/u 38;
    %ix/getv 5, v0x5568ca43c1f0_0;
    %load/vec4a v0x5568ca463a90, 5;
    %parti/s 2, 0, 2;
    %pad/u 4;
    %pad/u 38;
    %add;
    %ix/vec4 4;
    %load/vec4a v0x5568ca463500, 4;
    %store/vec4 v0x5568ca43bf50_0, 0, 25;
    %ix/load 4, 10, 0;
    %flag_set/imm 4, 0;
    %load/vec4a v0x5568ca463040, 4;
    %ix/load 4, 10, 0;
    %flag_set/imm 4, 0;
    %store/vec4a v0x5568ca462730, 4, 0;
    %load/vec4 v0x5568ca43bf50_0;
    %parti/s 24, 0, 2;
    %ix/load 4, 10, 0;
    %flag_set/imm 4, 0;
    %flag_mov 8, 4;
    %ix/load 5, 0, 0;
    %flag_set/imm 4, 0;
    %flag_or 4, 8;
    %store/vec4a v0x5568ca462ba0, 4, 5;
    %ix/getv 4, v0x5568ca43c1f0_0;
    %load/vec4a v0x5568ca4639f0, 4;
    %flag_set/vec4 8;
    %jmp/0 T_11.6, 8;
    %load/vec4 v0x5568ca43bf50_0;
    %parti/s 1, 24, 6;
    %inv;
    %jmp/1 T_11.7, 8;
T_11.6 ; End of true expr.
    %load/vec4 v0x5568ca43bf50_0;
    %parti/s 1, 24, 6;
    %jmp/0 T_11.7, 8;
 ; End of false expr.
    %blend;
T_11.7;
    %ix/load 4, 10, 0;
    %flag_set/imm 4, 0;
    %flag_mov 8, 4;
    %ix/load 5, 24, 0;
    %flag_set/imm 4, 0;
    %flag_or 4, 8;
    %store/vec4a v0x5568ca462ba0, 4, 5;
T_11.4 ;
    %ix/getv 4, v0x5568ca43c1f0_0;
    %load/vec4a v0x5568ca463a90, 4;
    %pad/u 32;
    %cmpi/ne 0, 0, 32;
    %jmp/0xz  T_11.8, 4;
    %load/vec4 v0x5568ca43c130_0;
    %pad/u 35;
    %pad/u 37;
    %muli 4, 0, 37;
    %pad/u 38;
    %ix/getv 5, v0x5568ca43c2d0_0;
    %load/vec4a v0x5568ca463a90, 5;
    %parti/s 2, 0, 2;
    %pad/u 4;
    %pad/u 38;
    %add;
    %ix/vec4 4;
    %load/vec4a v0x5568ca463500, 4;
    %store/vec4 v0x5568ca43c050_0, 0, 25;
    %ix/load 4, 11, 0;
    %flag_set/imm 4, 0;
    %load/vec4a v0x5568ca463040, 4;
    %ix/load 4, 11, 0;
    %flag_set/imm 4, 0;
    %store/vec4a v0x5568ca462730, 4, 0;
    %load/vec4 v0x5568ca43c050_0;
    %parti/s 24, 0, 2;
    %ix/load 4, 11, 0;
    %flag_set/imm 4, 0;
    %flag_mov 8, 4;
    %ix/load 5, 0, 0;
    %flag_set/imm 4, 0;
    %flag_or 4, 8;
    %store/vec4a v0x5568ca462ba0, 4, 5;
    %ix/getv 4, v0x5568ca43c2d0_0;
    %load/vec4a v0x5568ca4639f0, 4;
    %flag_set/vec4 8;
    %jmp/0 T_11.10, 8;
    %load/vec4 v0x5568ca43c050_0;
    %parti/s 1, 24, 6;
    %inv;
    %jmp/1 T_11.11, 8;
T_11.10 ; End of true expr.
    %load/vec4 v0x5568ca43c050_0;
    %parti/s 1, 24, 6;
    %jmp/0 T_11.11, 8;
 ; End of false expr.
    %blend;
T_11.11;
    %ix/load 4, 11, 0;
    %flag_set/imm 4, 0;
    %flag_mov 8, 4;
    %ix/load 5, 24, 0;
    %flag_set/imm 4, 0;
    %flag_or 4, 8;
    %store/vec4a v0x5568ca462ba0, 4, 5;
T_11.8 ;
    ; show_stmt_assign_vector: Get l-value for compressed += operand
    %load/vec4 v0x5568ca43c130_0;
    %pushi/vec4 1, 0, 32;
    %add;
    %cast2;
    %store/vec4 v0x5568ca43c130_0, 0, 32;
    %jmp T_11.3;
T_11.2 ;
    %pushi/vec4 1, 0, 1;
    %ix/load 4, 5, 0;
    %flag_set/imm 4, 0;
    %store/vec4 v0x5568ca463bc0_0, 4, 1;
T_11.3 ;
T_11.0 ;
    %end;
    .scope S_0x5568ca43ba90;
t_10 %join;
    %jmp T_11;
    .thread T_11;
    .scope S_0x5568ca440b40;
T_12 ;
    %pushi/vec4 0, 0, 32;
    %store/vec4 v0x5568ca440f00_0, 0, 32;
    %end;
    .thread T_12, $init;
    .scope S_0x5568ca440860;
T_13 ;
    %wait E_0x5568ca2c08d0;
    %fork t_13, S_0x5568ca440b40;
    %jmp t_12;
    .scope S_0x5568ca440b40;
t_13 ;
    %load/vec4 v0x5568ca463fc0_0;
    %pushi/vec4 0, 0, 1;
    %cmp/e;
    %flag_get/vec4 4;
    %load/vec4 v0x5568ca464140_0;
    %pushi/vec4 1, 0, 1;
    %cmp/e;
    %flag_get/vec4 4;
    %and;
    %flag_set/vec4 8;
    %jmp/0xz  T_13.0, 8;
    %load/vec4 v0x5568ca440f00_0;
    %cmpi/u 8, 0, 32;
    %jmp/0xz  T_13.2, 5;
    %load/vec4 v0x5568ca440f00_0;
    %pad/u 36;
    %muli 6, 0, 36;
    %pushi/vec4 16, 0, 36;
    %mod;
    %cast2;
    %pad/u 32;
    %store/vec4 v0x5568ca440fc0_0, 0, 32;
    %pushi/vec4 4, 0, 37;
    %load/vec4 v0x5568ca440f00_0;
    %pad/u 37;
    %muli 6, 0, 37;
    %sub;
    %pushi/vec4 16, 0, 37;
    %mod;
    %cast2;
    %pad/u 32;
    %store/vec4 v0x5568ca4410a0_0, 0, 32;
    %ix/getv 4, v0x5568ca440fc0_0;
    %load/vec4a v0x5568ca463a90, 4;
    %pad/u 32;
    %cmpi/ne 4, 0, 32;
    %jmp/0xz  T_13.4, 4;
    %load/vec4 v0x5568ca440f00_0;
    %pad/u 35;
    %pad/u 37;
    %muli 4, 0, 37;
    %pad/u 38;
    %ix/getv 5, v0x5568ca440fc0_0;
    %load/vec4a v0x5568ca463a90, 5;
    %parti/s 2, 0, 2;
    %pad/u 4;
    %pad/u 38;
    %add;
    %ix/vec4 4;
    %load/vec4a v0x5568ca463500, 4;
    %store/vec4 v0x5568ca440d20_0, 0, 25;
    %ix/load 4, 12, 0;
    %flag_set/imm 4, 0;
    %load/vec4a v0x5568ca463040, 4;
    %ix/load 4, 12, 0;
    %flag_set/imm 4, 0;
    %store/vec4a v0x5568ca462730, 4, 0;
    %load/vec4 v0x5568ca440d20_0;
    %parti/s 24, 0, 2;
    %ix/load 4, 12, 0;
    %flag_set/imm 4, 0;
    %flag_mov 8, 4;
    %ix/load 5, 0, 0;
    %flag_set/imm 4, 0;
    %flag_or 4, 8;
    %store/vec4a v0x5568ca462ba0, 4, 5;
    %ix/getv 4, v0x5568ca440fc0_0;
    %load/vec4a v0x5568ca4639f0, 4;
    %flag_set/vec4 8;
    %jmp/0 T_13.6, 8;
    %load/vec4 v0x5568ca440d20_0;
    %parti/s 1, 24, 6;
    %inv;
    %jmp/1 T_13.7, 8;
T_13.6 ; End of true expr.
    %load/vec4 v0x5568ca440d20_0;
    %parti/s 1, 24, 6;
    %jmp/0 T_13.7, 8;
 ; End of false expr.
    %blend;
T_13.7;
    %ix/load 4, 12, 0;
    %flag_set/imm 4, 0;
    %flag_mov 8, 4;
    %ix/load 5, 24, 0;
    %flag_set/imm 4, 0;
    %flag_or 4, 8;
    %store/vec4a v0x5568ca462ba0, 4, 5;
T_13.4 ;
    %ix/getv 4, v0x5568ca440fc0_0;
    %load/vec4a v0x5568ca463a90, 4;
    %pad/u 32;
    %cmpi/ne 0, 0, 32;
    %jmp/0xz  T_13.8, 4;
    %load/vec4 v0x5568ca440f00_0;
    %pad/u 35;
    %pad/u 37;
    %muli 4, 0, 37;
    %pad/u 38;
    %ix/getv 5, v0x5568ca4410a0_0;
    %load/vec4a v0x5568ca463a90, 5;
    %parti/s 2, 0, 2;
    %pad/u 4;
    %pad/u 38;
    %add;
    %ix/vec4 4;
    %load/vec4a v0x5568ca463500, 4;
    %store/vec4 v0x5568ca440e20_0, 0, 25;
    %ix/load 4, 13, 0;
    %flag_set/imm 4, 0;
    %load/vec4a v0x5568ca463040, 4;
    %ix/load 4, 13, 0;
    %flag_set/imm 4, 0;
    %store/vec4a v0x5568ca462730, 4, 0;
    %load/vec4 v0x5568ca440e20_0;
    %parti/s 24, 0, 2;
    %ix/load 4, 13, 0;
    %flag_set/imm 4, 0;
    %flag_mov 8, 4;
    %ix/load 5, 0, 0;
    %flag_set/imm 4, 0;
    %flag_or 4, 8;
    %store/vec4a v0x5568ca462ba0, 4, 5;
    %ix/getv 4, v0x5568ca4410a0_0;
    %load/vec4a v0x5568ca4639f0, 4;
    %flag_set/vec4 8;
    %jmp/0 T_13.10, 8;
    %load/vec4 v0x5568ca440e20_0;
    %parti/s 1, 24, 6;
    %inv;
    %jmp/1 T_13.11, 8;
T_13.10 ; End of true expr.
    %load/vec4 v0x5568ca440e20_0;
    %parti/s 1, 24, 6;
    %jmp/0 T_13.11, 8;
 ; End of false expr.
    %blend;
T_13.11;
    %ix/load 4, 13, 0;
    %flag_set/imm 4, 0;
    %flag_mov 8, 4;
    %ix/load 5, 24, 0;
    %flag_set/imm 4, 0;
    %flag_or 4, 8;
    %store/vec4a v0x5568ca462ba0, 4, 5;
T_13.8 ;
    ; show_stmt_assign_vector: Get l-value for compressed += operand
    %load/vec4 v0x5568ca440f00_0;
    %pushi/vec4 1, 0, 32;
    %add;
    %cast2;
    %store/vec4 v0x5568ca440f00_0, 0, 32;
    %jmp T_13.3;
T_13.2 ;
    %pushi/vec4 1, 0, 1;
    %ix/load 4, 6, 0;
    %flag_set/imm 4, 0;
    %store/vec4 v0x5568ca463bc0_0, 4, 1;
T_13.3 ;
T_13.0 ;
    %end;
    .scope S_0x5568ca440860;
t_12 %join;
    %jmp T_13;
    .thread T_13;
    .scope S_0x5568ca4458c0;
T_14 ;
    %pushi/vec4 0, 0, 32;
    %store/vec4 v0x5568ca445c80_0, 0, 32;
    %end;
    .thread T_14, $init;
    .scope S_0x5568ca445630;
T_15 ;
    %wait E_0x5568ca2c08d0;
    %fork t_15, S_0x5568ca4458c0;
    %jmp t_14;
    .scope S_0x5568ca4458c0;
t_15 ;
    %load/vec4 v0x5568ca463fc0_0;
    %pushi/vec4 0, 0, 1;
    %cmp/e;
    %flag_get/vec4 4;
    %load/vec4 v0x5568ca464140_0;
    %pushi/vec4 1, 0, 1;
    %cmp/e;
    %flag_get/vec4 4;
    %and;
    %flag_set/vec4 8;
    %jmp/0xz  T_15.0, 8;
    %load/vec4 v0x5568ca445c80_0;
    %cmpi/u 8, 0, 32;
    %jmp/0xz  T_15.2, 5;
    %load/vec4 v0x5568ca445c80_0;
    %pad/u 36;
    %muli 7, 0, 36;
    %pushi/vec4 16, 0, 36;
    %mod;
    %cast2;
    %pad/u 32;
    %store/vec4 v0x5568ca445d40_0, 0, 32;
    %pushi/vec4 4, 0, 37;
    %load/vec4 v0x5568ca445c80_0;
    %pad/u 37;
    %muli 7, 0, 37;
    %sub;
    %pushi/vec4 16, 0, 37;
    %mod;
    %cast2;
    %pad/u 32;
    %store/vec4 v0x5568ca445e20_0, 0, 32;
    %ix/getv 4, v0x5568ca445d40_0;
    %load/vec4a v0x5568ca463a90, 4;
    %pad/u 32;
    %cmpi/ne 4, 0, 32;
    %jmp/0xz  T_15.4, 4;
    %load/vec4 v0x5568ca445c80_0;
    %pad/u 35;
    %pad/u 37;
    %muli 4, 0, 37;
    %pad/u 38;
    %ix/getv 5, v0x5568ca445d40_0;
    %load/vec4a v0x5568ca463a90, 5;
    %parti/s 2, 0, 2;
    %pad/u 4;
    %pad/u 38;
    %add;
    %ix/vec4 4;
    %load/vec4a v0x5568ca463500, 4;
    %store/vec4 v0x5568ca445aa0_0, 0, 25;
    %ix/load 4, 14, 0;
    %flag_set/imm 4, 0;
    %load/vec4a v0x5568ca463040, 4;
    %ix/load 4, 14, 0;
    %flag_set/imm 4, 0;
    %store/vec4a v0x5568ca462730, 4, 0;
    %load/vec4 v0x5568ca445aa0_0;
    %parti/s 24, 0, 2;
    %ix/load 4, 14, 0;
    %flag_set/imm 4, 0;
    %flag_mov 8, 4;
    %ix/load 5, 0, 0;
    %flag_set/imm 4, 0;
    %flag_or 4, 8;
    %store/vec4a v0x5568ca462ba0, 4, 5;
    %ix/getv 4, v0x5568ca445d40_0;
    %load/vec4a v0x5568ca4639f0, 4;
    %flag_set/vec4 8;
    %jmp/0 T_15.6, 8;
    %load/vec4 v0x5568ca445aa0_0;
    %parti/s 1, 24, 6;
    %inv;
    %jmp/1 T_15.7, 8;
T_15.6 ; End of true expr.
    %load/vec4 v0x5568ca445aa0_0;
    %parti/s 1, 24, 6;
    %jmp/0 T_15.7, 8;
 ; End of false expr.
    %blend;
T_15.7;
    %ix/load 4, 14, 0;
    %flag_set/imm 4, 0;
    %flag_mov 8, 4;
    %ix/load 5, 24, 0;
    %flag_set/imm 4, 0;
    %flag_or 4, 8;
    %store/vec4a v0x5568ca462ba0, 4, 5;
T_15.4 ;
    %ix/getv 4, v0x5568ca445d40_0;
    %load/vec4a v0x5568ca463a90, 4;
    %pad/u 32;
    %cmpi/ne 0, 0, 32;
    %jmp/0xz  T_15.8, 4;
    %load/vec4 v0x5568ca445c80_0;
    %pad/u 35;
    %pad/u 37;
    %muli 4, 0, 37;
    %pad/u 38;
    %ix/getv 5, v0x5568ca445e20_0;
    %load/vec4a v0x5568ca463a90, 5;
    %parti/s 2, 0, 2;
    %pad/u 4;
    %pad/u 38;
    %add;
    %ix/vec4 4;
    %load/vec4a v0x5568ca463500, 4;
    %store/vec4 v0x5568ca445ba0_0, 0, 25;
    %ix/load 4, 15, 0;
    %flag_set/imm 4, 0;
    %load/vec4a v0x5568ca463040, 4;
    %ix/load 4, 15, 0;
    %flag_set/imm 4, 0;
    %store/vec4a v0x5568ca462730, 4, 0;
    %load/vec4 v0x5568ca445ba0_0;
    %parti/s 24, 0, 2;
    %ix/load 4, 15, 0;
    %flag_set/imm 4, 0;
    %flag_mov 8, 4;
    %ix/load 5, 0, 0;
    %flag_set/imm 4, 0;
    %flag_or 4, 8;
    %store/vec4a v0x5568ca462ba0, 4, 5;
    %ix/getv 4, v0x5568ca445e20_0;
    %load/vec4a v0x5568ca4639f0, 4;
    %flag_set/vec4 8;
    %jmp/0 T_15.10, 8;
    %load/vec4 v0x5568ca445ba0_0;
    %parti/s 1, 24, 6;
    %inv;
    %jmp/1 T_15.11, 8;
T_15.10 ; End of true expr.
    %load/vec4 v0x5568ca445ba0_0;
    %parti/s 1, 24, 6;
    %jmp/0 T_15.11, 8;
 ; End of false expr.
    %blend;
T_15.11;
    %ix/load 4, 15, 0;
    %flag_set/imm 4, 0;
    %flag_mov 8, 4;
    %ix/load 5, 24, 0;
    %flag_set/imm 4, 0;
    %flag_or 4, 8;
    %store/vec4a v0x5568ca462ba0, 4, 5;
T_15.8 ;
    ; show_stmt_assign_vector: Get l-value for compressed += operand
    %load/vec4 v0x5568ca445c80_0;
    %pushi/vec4 1, 0, 32;
    %add;
    %cast2;
    %store/vec4 v0x5568ca445c80_0, 0, 32;
    %jmp T_15.3;
T_15.2 ;
    %pushi/vec4 1, 0, 1;
    %ix/load 4, 7, 0;
    %flag_set/imm 4, 0;
    %store/vec4 v0x5568ca463bc0_0, 4, 1;
T_15.3 ;
T_15.0 ;
    %end;
    .scope S_0x5568ca445630;
t_14 %join;
    %jmp T_15;
    .thread T_15;
    .scope S_0x5568ca44a720;
T_16 ;
    %pushi/vec4 0, 0, 32;
    %store/vec4 v0x5568ca44aae0_0, 0, 32;
    %end;
    .thread T_16, $init;
    .scope S_0x5568ca44a440;
T_17 ;
    %wait E_0x5568ca2c08d0;
    %fork t_17, S_0x5568ca44a720;
    %jmp t_16;
    .scope S_0x5568ca44a720;
t_17 ;
    %load/vec4 v0x5568ca463fc0_0;
    %pushi/vec4 0, 0, 1;
    %cmp/e;
    %flag_get/vec4 4;
    %load/vec4 v0x5568ca464140_0;
    %pushi/vec4 1, 0, 1;
    %cmp/e;
    %flag_get/vec4 4;
    %and;
    %flag_set/vec4 8;
    %jmp/0xz  T_17.0, 8;
    %load/vec4 v0x5568ca44aae0_0;
    %cmpi/u 8, 0, 32;
    %jmp/0xz  T_17.2, 5;
    %load/vec4 v0x5568ca44aae0_0;
    %pad/u 37;
    %muli 8, 0, 37;
    %pushi/vec4 16, 0, 37;
    %mod;
    %cast2;
    %pad/u 32;
    %store/vec4 v0x5568ca44aba0_0, 0, 32;
    %pushi/vec4 4, 0, 38;
    %load/vec4 v0x5568ca44aae0_0;
    %pad/u 38;
    %muli 8, 0, 38;
    %sub;
    %pushi/vec4 16, 0, 38;
    %mod;
    %cast2;
    %pad/u 32;
    %store/vec4 v0x5568ca44ac80_0, 0, 32;
    %ix/getv 4, v0x5568ca44aba0_0;
    %load/vec4a v0x5568ca463a90, 4;
    %pad/u 32;
    %cmpi/ne 4, 0, 32;
    %jmp/0xz  T_17.4, 4;
    %load/vec4 v0x5568ca44aae0_0;
    %pad/u 35;
    %pad/u 37;
    %muli 4, 0, 37;
    %pad/u 38;
    %ix/getv 5, v0x5568ca44aba0_0;
    %load/vec4a v0x5568ca463a90, 5;
    %parti/s 2, 0, 2;
    %pad/u 4;
    %pad/u 38;
    %add;
    %ix/vec4 4;
    %load/vec4a v0x5568ca463500, 4;
    %store/vec4 v0x5568ca44a900_0, 0, 25;
    %ix/load 4, 16, 0;
    %flag_set/imm 4, 0;
    %load/vec4a v0x5568ca463040, 4;
    %ix/load 4, 16, 0;
    %flag_set/imm 4, 0;
    %store/vec4a v0x5568ca462730, 4, 0;
    %load/vec4 v0x5568ca44a900_0;
    %parti/s 24, 0, 2;
    %ix/load 4, 16, 0;
    %flag_set/imm 4, 0;
    %flag_mov 8, 4;
    %ix/load 5, 0, 0;
    %flag_set/imm 4, 0;
    %flag_or 4, 8;
    %store/vec4a v0x5568ca462ba0, 4, 5;
    %ix/getv 4, v0x5568ca44aba0_0;
    %load/vec4a v0x5568ca4639f0, 4;
    %flag_set/vec4 8;
    %jmp/0 T_17.6, 8;
    %load/vec4 v0x5568ca44a900_0;
    %parti/s 1, 24, 6;
    %inv;
    %jmp/1 T_17.7, 8;
T_17.6 ; End of true expr.
    %load/vec4 v0x5568ca44a900_0;
    %parti/s 1, 24, 6;
    %jmp/0 T_17.7, 8;
 ; End of false expr.
    %blend;
T_17.7;
    %ix/load 4, 16, 0;
    %flag_set/imm 4, 0;
    %flag_mov 8, 4;
    %ix/load 5, 24, 0;
    %flag_set/imm 4, 0;
    %flag_or 4, 8;
    %store/vec4a v0x5568ca462ba0, 4, 5;
T_17.4 ;
    %ix/getv 4, v0x5568ca44aba0_0;
    %load/vec4a v0x5568ca463a90, 4;
    %pad/u 32;
    %cmpi/ne 0, 0, 32;
    %jmp/0xz  T_17.8, 4;
    %load/vec4 v0x5568ca44aae0_0;
    %pad/u 35;
    %pad/u 37;
    %muli 4, 0, 37;
    %pad/u 38;
    %ix/getv 5, v0x5568ca44ac80_0;
    %load/vec4a v0x5568ca463a90, 5;
    %parti/s 2, 0, 2;
    %pad/u 4;
    %pad/u 38;
    %add;
    %ix/vec4 4;
    %load/vec4a v0x5568ca463500, 4;
    %store/vec4 v0x5568ca44aa00_0, 0, 25;
    %ix/load 4, 17, 0;
    %flag_set/imm 4, 0;
    %load/vec4a v0x5568ca463040, 4;
    %ix/load 4, 17, 0;
    %flag_set/imm 4, 0;
    %store/vec4a v0x5568ca462730, 4, 0;
    %load/vec4 v0x5568ca44aa00_0;
    %parti/s 24, 0, 2;
    %ix/load 4, 17, 0;
    %flag_set/imm 4, 0;
    %flag_mov 8, 4;
    %ix/load 5, 0, 0;
    %flag_set/imm 4, 0;
    %flag_or 4, 8;
    %store/vec4a v0x5568ca462ba0, 4, 5;
    %ix/getv 4, v0x5568ca44ac80_0;
    %load/vec4a v0x5568ca4639f0, 4;
    %flag_set/vec4 8;
    %jmp/0 T_17.10, 8;
    %load/vec4 v0x5568ca44aa00_0;
    %parti/s 1, 24, 6;
    %inv;
    %jmp/1 T_17.11, 8;
T_17.10 ; End of true expr.
    %load/vec4 v0x5568ca44aa00_0;
    %parti/s 1, 24, 6;
    %jmp/0 T_17.11, 8;
 ; End of false expr.
    %blend;
T_17.11;
    %ix/load 4, 17, 0;
    %flag_set/imm 4, 0;
    %flag_mov 8, 4;
    %ix/load 5, 24, 0;
    %flag_set/imm 4, 0;
    %flag_or 4, 8;
    %store/vec4a v0x5568ca462ba0, 4, 5;
T_17.8 ;
    ; show_stmt_assign_vector: Get l-value for compressed += operand
    %load/vec4 v0x5568ca44aae0_0;
    %pushi/vec4 1, 0, 32;
    %add;
    %cast2;
    %store/vec4 v0x5568ca44aae0_0, 0, 32;
    %jmp T_17.3;
T_17.2 ;
    %pushi/vec4 1, 0, 1;
    %ix/load 4, 8, 0;
    %flag_set/imm 4, 0;
    %store/vec4 v0x5568ca463bc0_0, 4, 1;
T_17.3 ;
T_17.0 ;
    %end;
    .scope S_0x5568ca44a440;
t_16 %join;
    %jmp T_17;
    .thread T_17;
    .scope S_0x5568ca2faf60;
T_18 ;
    %pushi/vec4 0, 0, 9;
    %store/vec4 v0x5568ca463bc0_0, 0, 9;
    %end;
    .thread T_18, $init;
    .scope S_0x5568ca2faf60;
T_19 ;
    %fork t_19, S_0x5568ca309230;
    %jmp t_18;
    .scope S_0x5568ca309230;
t_19 ;
    %pushi/vec4 0, 0, 32;
    %store/vec4 v0x5568ca3a14f0_0, 0, 32;
T_19.0 ;
    %load/vec4 v0x5568ca3a14f0_0;
    %cmpi/s 8, 0, 32;
    %jmp/0xz T_19.1, 5;
    %pushi/vec4 0, 0, 25;
    %load/vec4 v0x5568ca3a14f0_0;
    %pad/s 34;
    %pad/s 35;
    %muli 2, 0, 35;
    %ix/vec4/s 4;
    %store/vec4a v0x5568ca462730, 4, 0;
    %pushi/vec4 0, 0, 25;
    %load/vec4 v0x5568ca3a14f0_0;
    %pad/s 34;
    %pad/s 35;
    %muli 2, 0, 35;
    %pad/s 36;
    %pushi/vec4 1, 0, 2;
    %pad/s 36;
    %add;
    %ix/vec4/s 4;
    %store/vec4a v0x5568ca462730, 4, 0;
    %pushi/vec4 0, 0, 25;
    %load/vec4 v0x5568ca3a14f0_0;
    %pad/s 34;
    %pad/s 35;
    %muli 2, 0, 35;
    %ix/vec4/s 4;
    %store/vec4a v0x5568ca462ba0, 4, 0;
    %pushi/vec4 0, 0, 25;
    %load/vec4 v0x5568ca3a14f0_0;
    %pad/s 34;
    %pad/s 35;
    %muli 2, 0, 35;
    %pad/s 36;
    %pushi/vec4 1, 0, 2;
    %pad/s 36;
    %add;
    %ix/vec4/s 4;
    %store/vec4a v0x5568ca462ba0, 4, 0;
    ; show_stmt_assign_vector: Get l-value for compressed += operand
    %load/vec4 v0x5568ca3a14f0_0;
    %pushi/vec4 1, 0, 32;
    %add;
    %store/vec4 v0x5568ca3a14f0_0, 0, 32;
    %jmp T_19.0;
T_19.1 ;
    %end;
    .scope S_0x5568ca2faf60;
t_18 %join;
    %end;
    .thread T_19;
    .scope S_0x5568ca2e7820;
T_20 ;
    %pushi/vec4 0, 0, 1;
    %store/vec4 v0x5568ca4644a0_0, 0, 1;
    %pushi/vec4 1, 0, 1;
    %store/vec4 v0x5568ca4651c0_0, 0, 1;
    %pushi/vec4 0, 0, 1;
    %store/vec4 v0x5568ca464fc0_0, 0, 1;
    %end;
    .thread T_20, $init;
    .scope S_0x5568ca2e7820;
T_21 ;
    %vpi_call/w 3 21 "$dumpfile", "waveforms/verilog.vcd" {0 0 0};
    %vpi_call/w 3 22 "$dumpvars", 32'sb00000000000000000000000000000000, S_0x5568ca2e7820 {0 0 0};
    %fork t_21, S_0x5568ca2e7f30;
    %jmp t_20;
    .scope S_0x5568ca2e7f30;
t_21 ;
    %pushi/vec4 0, 0, 32;
    %store/vec4 v0x5568ca3eab40_0, 0, 32;
T_21.0 ;
    %load/vec4 v0x5568ca3eab40_0;
    %cmpi/s 8, 0, 32;
    %jmp/0xz T_21.1, 5;
    %vpi_call/w 3 25 "$dumpvars", 32'sb00000000000000000000000000000000, &A<v0x5568ca4645a0, v0x5568ca3eab40_0 > {0 0 0};
    %vpi_call/w 3 26 "$dumpvars", 32'sb00000000000000000000000000000000, &A<v0x5568ca464d90, v0x5568ca3eab40_0 > {0 0 0};
    %vpi_call/w 3 27 "$dumpvars", 32'sb00000000000000000000000000000000, &A<v0x5568ca464b60, v0x5568ca3eab40_0 > {0 0 0};
    ; show_stmt_assign_vector: Get l-value for compressed += operand
    %load/vec4 v0x5568ca3eab40_0;
    %pushi/vec4 1, 0, 32;
    %add;
    %store/vec4 v0x5568ca3eab40_0, 0, 32;
    %jmp T_21.0;
T_21.1 ;
    %end;
    .scope S_0x5568ca2e7820;
t_20 %join;
    %end;
    .thread T_21;
    .scope S_0x5568ca2e7820;
T_22 ;
    %fork t_23, S_0x5568ca2f5e50;
    %jmp t_22;
    .scope S_0x5568ca2f5e50;
t_23 ;
    %pushi/vec4 0, 0, 32;
    %store/vec4 v0x5568ca3d23d0_0, 0, 32;
T_22.0 ;
    %load/vec4 v0x5568ca3d23d0_0;
    %cmpi/s 8, 0, 32;
    %jmp/0xz T_22.1, 5;
    %pushi/vec4 65536, 0, 25;
    %ix/getv/s 4, v0x5568ca3d23d0_0;
    %store/vec4a v0x5568ca4645a0, 4, 0;
    ; show_stmt_assign_vector: Get l-value for compressed += operand
    %load/vec4 v0x5568ca3d23d0_0;
    %pushi/vec4 1, 0, 32;
    %add;
    %store/vec4 v0x5568ca3d23d0_0, 0, 32;
    %jmp T_22.0;
T_22.1 ;
    %end;
    .scope S_0x5568ca2e7820;
t_22 %join;
    %end;
    .thread T_22;
    .scope S_0x5568ca2e7820;
T_23 ;
    %delay 1, 0;
    %load/vec4 v0x5568ca4644a0_0;
    %inv;
    %store/vec4 v0x5568ca4644a0_0, 0, 1;
    %jmp T_23;
    .thread T_23;
    .scope S_0x5568ca2e7820;
T_24 ;
    %delay 1, 0;
    %load/vec4 v0x5568ca465060_0;
    %pad/u 32;
    %cmpi/e 1, 0, 32;
    %jmp/0xz  T_24.0, 6;
    %vpi_call/w 3 40 "$finish" {0 0 0};
T_24.0 ;
    %jmp T_24;
    .thread T_24;
# The file index is used to find the file name in the following table.
:file_names 7;
    "N/A";
    "<interactive>";
    "-";
    "fft/fft_8_tb.sv";
    "fft/fft_8.sv";
    "arithmetic/b25_add.sv";
    "arithmetic/b25_cmul.sv";
